DocumentNumber,County,Narrative
20203168201,Franklin County,Unit 1 was traveling south on Main Street passing the exit to McDonalds located at 3685 Main Street. Unit 2 was exiting the McDonalds turning left onto Main Street to go north and was struck on the drivers side after failing to yield.
20203169023,Franklin County,"On 10-6-2020 Unit #1 was traveling from North to South on Georgesville Road approaching Clime Road North Road intersection. Unit #1 was traveling in the center lane (which had double yellow lines in both directions) in an effort to ""Go around"" traffic. While traveling in the incorrect lane Unit #2; which was also going from North to South on Gerogesville Road; veered over to turn left into the McDonald's drive through using his turn signal and struck Unit #1. After talking with Unit #1; Unit #2 and the witness (who was traveling from North to South in the furthest West lane of Gerogesville Road) it was determined that Unit #1 was at fault for using the turn lane as a thorough lane which was an illegal action. Due to Unit #1 using the incorrect lane Unit #2 struck Unit #1. Unit #1 was cited at Grant Hospital (which is where he went for his injuries in stable condition by Franklin Township 192) for 2131.07 (A) Hazardous or no passing zone. Unit #1 was taken by Unit #1's family to a residence close to the crash location. Unit #2 did not require any towing. "
20203171089,Franklin County,On 10/9/2020 at approximately 8:55 PM; Officer A. McDonald #2811 and Officer S. Weeks #2832; wearing the uniform of the day and working CPD marked cruiser 120 were dispatched to E. Rich St. and S. Ohio Ave. in response to an auto accident property damage only. Upon arrival Officer McDonald spoke with the driver of unit #2 who was identified by her Ohio drivers license as Ayris Rigsbee. Ms. Rigsbee stated that the driver of unit #1 left the scene prior to officers arrival. Ms. Rigsbee stated that she was traveling S/B on S. Ohio Ave. approaching E. Rich St. Ms. Rigsbee stated that the driver of unit #1 was going the wrong was on S. Ohio Ave. (which is one way south). Ms. Rigsbee stated that she pulled off to the side to allow unit #1 to pass her. Ms. Rigsbee stated that unit #1 crashed into the front left of her vehicle. Ms. Rigsbee stated that the driver of unit #1 pulled to the curb at the intersection of E. Rich St. and S. Ohio Ave. Ms. Rigsbee described the female driver as a femlae white; approximately twenty-six to thirty years old; dark hair; and approximately 130 pounds. Ms. Rigsbee stated that the female driver appeared to be heavily intoxicated. Ms. Rigsbee stated that the driver of unit #1 then left the scene. Ms. Rigsbee stated that the license plate to the at fault vehicle was JEH2521 and that it was a black Nissan. A occupant in unit #1 by the name of Colin 
20203175958,Franklin County,Diver of Unit 2 states she was in the drive thur at McDonalds; 1589 W Broad St; when she was rear ended by Unit 2. Diver of Unit 2 asked if she was all right and stated that his foot fell of the brake and ha stuck Unit 1.  Unit 2 then fled the scene.There was minimal damage to Unit 1.
20203183836,Franklin County,On 10/23/2020 at approxiamtely 4:53 PM; Officer A. McDonald #2811 and Officer S. Weeks #2832; wearing the uniform of the day and working CPD marked cruiser R-9160 as unit 122 were dispatched to I-70 W/B at S. Ohio Ave. in response to an auto accident. Upon arrival Officer McDonald spoke with the daughter of the driver of unit #2 Kalpana; who arrived at scene after the accident occured. Due to the language barrier Kalpana acted as a interpreter for officers and Guru Timsina; the operator of unit #1. According to Mr. Timsina he was struck in the rear of his vehicle by unit #1. Officer Weeks spoke to the driver of unit #1 who was identified by her Ohio drivers license as Mercedes Martell. Ms. Martell stated that unit #2 came to a abrupt stop and she crashed into the rear of unit #2. Both parties were issued a incident report number and advised to contact their insurance companies. 
20203187027,Franklin County,On October 29th; 2020; Officer S. Browning #3043 was dispatched to the area of Alum Creek Drive and East Livingston Avenue for a report of a hit-skip vehicle accident. Upon arrival; Officer Browning made contact with the Operator of Unit #1; identified through her OHDL as Mackenzie Wilcox. Ms. Wilcox stated that she was traveling southbound on Alum Creek Drive and was attempting to turn into the McDonald's on Alum Creek Drive. To do so; Ms. Wilcox had to cross the northbound lanes of traffic traveling eastbound. Ms. Wilcox stated that traffic had slowed down and some driver's had stopped to let her through. As Ms. Wilcox attempted to cross the northbound lanes of traffic; Unit #2 was traveling northbound and struck her vehicle as she attempted to turn. Ms. Wilcox stated that the female driver of Unit #2 became angry and cussed at Ms. Wilcox before fleeing the scene northbound. A witness called Columbus Police Dispatch and stated that the hit-skip vehicle (Unit #2) had an Ohio license plate and was numbered HPP5853. The witness who called Columbus Police Dispatch was not at the scene when Officer Browning arrived. Officer Browning was unable to due a follow up with the hit-skip vehicle due to the distance of the town that Unit #2 was registered to. Ms. Wilcox was cited for failure to yield. Unit #1 was towed at the cost of the owner to a local lot.
20203188256,Franklin County,Accident occurred on New Albany Road just n/o Fodor Road. Unit #2 stated that he was getting ready to exit from the Wendys located at 7400 Fodor Road onto New Albany Road when he observed unit #1 n/b on New Albany Road run off the right side of the of roadway just a few feet n/o the exit from Wendys. Unit #2 stopped his vehicle to see what unit #1 was going to do. After 5 to 10 minutes of waitng for unit #1 to either back up or go forward unit #2 decided to go ahead and exit from Wendys onto New Albany Road. Just as unit #2 was about to exit onto New Albany Road; unit #1 backed up and struck unit #2. Unit #2 after getting struck jumped out of his vehicle and a took a picture with his cellphone of the tag of unit #1 as unit #1 was fleeing n/b on New Albany Road. Unit #2 jumped back into his vehicle and started following unit #1; calling 9-1-1.; but lost unit #1 somewhere in Licking County; however unit #2 stated that a short time later he received a phone call back from the Licking County Sheriffs office advising him that unit #1 was stopped by Pataskala Police; but he would have to call Columbus Police to file a report. Due to this all happening after midnight unit #2 decided to wait until later to call CPD. No follow up was attempted due to the suspect vehicle was registered to an address outside of Columbus jurisdiction. Unit #1 tag GEP-8512.
20203203074,Franklin County,Driver of Unit 2(OH DL SD087898)) said she was in the drive thru lane at McDonalds 800 Georgesville Rd when Unit 1 rear ended her. Driver of Unit 2 said Driver of Unit 1 argued with her and then drove away without exchanging information. Driver of Unit 1 was described as a female hispanic in her 20s with black hair and no shoes on. There were believed to have been no other occupants in Unit 1. Unit 1 was described as a blue 4 door Honda Civic with a broken windshield. Driver of Unit 2 took a picture of OL HSV3112 on Unit 1. HSV3112  registered to 1926 Frank Rd to a blue Honda Civic. Officers conducted follow up at 1926 Frank Rd and were unable to locate Unit 1. Unit 2(OL 181ZFG) had very minor damage to the rear driver side bumper. Driver of Unit 2 denied injury and declined medical attention. Driver of Unit 2 was given an incident number. 
20203205393,Franklin County,Unit 1 was traveling northbound from the McDonald's parking lot located at 6323 E Main St; attempting to turn westbound onto E Main St. Unit 2 was traveling westbound on E Main St towards Brice Rd. Unit 1 pulled out onto E Main St; strking Unit 2 on the driver side of the vehicle. Unit 1 sustained functional damage to the front end. Unit 2 sustained minor damaage to the front drivers side corner and both doors on the drivers side. No injuries were reported.
20203206677,Franklin County,Officers were dispatched to an injury accident at the intersection of Cleveland Ave and Loretta Ave. Upon arrival unit 2 was still on scene but there was no occupant. The driver of unit 2 was already transported to Grant Hospital by CFD medic 16. Officers from zone 5 responded to Grant hospital to check on the driver  of unit 2. The driver of unit 2 stated he was stopped in traffic heading south bound on Cleveland Ave just north of Loretta Ave when unit 1 struck him in the rear. Unit 2 stated he believes she was heading 35 mph when she struck him. Unit 2 stated unit 1 was a light blue Hyundai Sonata with OH tag JEQ6797; which he had a picture of the vehicle and license plate. Unit 2 stated as soon as he got into the medic unit 1 left the scene. The driver of unit 2 stated that the driver of unit 1 was a heavy set female black with a Chipotle shirt on. Unit 2 was towed by Johnson's towing to CPD's impound lot for safe keeping. Officers circulated the area but were unable to find the hit-skip unit. A follow up could not be conducted due to zone 2 being on priority runs.
20203206891,Franklin County,Unit 1 was found flipped; unoccupied in the front landscaping area of 3600 W. Dublin Granville Rd.(McDonalds).  It was determined that Unit 1 was traveling westbound on W. Dublin Granville Rd. and Sawmill Place Blvd.  Unit 1 ran off the road right (northside of W. Dublin Granville Rd.) and continued to ride in the grassy area until striking the front Payless Shoesource sign at 3590 W. Dublin Granville Rd.; coming to a stop at 3600 W. Dublin Granville Rd.  At some point during the accident; Unit 1 flipped onto it's roof.  No driver was found at scene.  Employee at McDonalds could not give a description of the driver of Unit 1; except that the driver ran southbound from the accident scene.  Follow-up conducted at Unit 1's registered owner's address.  Contact was made with registered owner's father; who tried to contact the owner of Unit 1 by telephone since he was not present at the residence.  No contact was made with owner of Unit 1.
20203208269,Franklin County,UNIT #1 WAS PARKED AT CHIPOTLE(2484 E MAIN ST).  UNIT #2 ATTEMPTED TO BACK INTO THE SPOT NEXT TO UNIT #1.  UNIT #2 STRUCK UNIT #1.  UNIT #2 LEFT THE SCENE.  NO INJURIES WERE REPORTED.
20203209872,Franklin County,Unit 2 was pulling away from the end of the McDonalds drive thru when it was struck by Unit 1. Unit 1 fled the scene. No Citation was issued due to the fact that the accident happened on private property.
20203213688,Franklin County,Driver of unit 1 was stopped in his vehicle in the drive thru of the Mcdonalds at 1524 Georgesville Rd.  The employees of the Mcdonalds called police due to the driver of unit 1 being asleep behind the wheel.  Driver of unit1 was woke up prior to officers arrival due to CFD Medics using their airhorn to wake him up.  Unit 1 rolled forward and struck the sign between the two driver thru lanes of the Mcdonalds causing minor damage to both unit 1 and the drive thru sign.  Driver of unit 1 was issued a citation for operating a vehicle without reasonable control.  Driver of unit 1 stated that he fell asleep due to being on his way home and being very tired.  The listed witness is the manager for the Mcdonalds and requested a report for the damage to the driver thru sign.
20203214052,Franklin County,Unit 1 was west on E Main attempting to turn left (south) into the lot of Taco Bell as Unit 2 was eastbound on E Main St in the curb lane. Unit 1 turned in front of Unit 2.  The right side of Unit 1 sustained abrasion damage as Unit 2 sustained disabling front end damage resulting in the removal of the front bumper.
20203219266,Franklin County,DRIVER OF UNIT 1 STATED SHE WAS TRAVELING EAST BOUND CLIME RD N APPROACHING PRIVATE DRIVE TO ENTER INTO MCDONALDS LOT WHEN SHE STATED SHE TURNED IN FRONT OF UNIT 2. SHE STATED SHE DIDN'T SEE THE CAR COMING AND JUSTED TURNED IN FRONT OF IT.  UNIT 2 CONTINUED AFTER IT WAS STRUCK WEST BOUND CLIME RD N ACROSS GEORGESVILLE RD INTO THE LOT OF A U-HAUL DEALER THEN DRIVER FLED FROM VEHICLE PRIOR TO POLICE ARRIVAL. UNIT 2 IS A RENTAL CAR.  PRAIRIE TWNSHP MEDIC 241 TRANSPORTED DRIVER OF UNIT 1 TO DR'S WEST HOSPITAL BOTH VEHICLES WERE TOWED TO CAPITAL TOWING FOR SAFEKEEPING.
20203220156,Franklin County,Unit #1 was traveling west bound E Livingston Ave approaching the intersection of E Livingston Ave and S Kellner Rd. Unit #1 attempted to turn left into the McDonald's parking. Unit #1 struck Unit #2. Unit #2 was traveling east bound on E Livingston Ave approaching the intersection of E Livingston Ave and Kellner Rd. Unit #2 was struck by Unit #1 as she was passing the McDonald's parking lot. Unit #1 stated the accident was his fault. He was not paying attention when he made the left turn and ran into Unit #2. The driver of Unit #2 was transported to OSU East is stable condition. The driver of Unit #2 was seen and treated by Dr. Powell.
20203223118,Franklin County,The driver of Unit # 2 stated that while traveling northbound on S High St at Highview Blvd; Unit # 1 turned in front of her causing Unit # 2 to strike Unit # 1. The driver of Unit # 2 stated that Unit #1 then fled. Officers were able to locate Unit # 1 in the parking lot of McDonalds where it was impounded. Columbus Fire Medic # 14 treated the driver of Unit # 2 at scene for minor injuries to her back. 
20203223786,Franklin County,On 12/10/2020 at approximately 7:15 PM; Officer A. McDonald #2811 and Officer S. Weeks #2832 wearing the uniform of the day and working CPD marked cruiser R-121 as unit 120 were dispatched to S. Ohio Ave. at Mooberry St. in response to an auto accident with injury. Upon arrival CFD medics were already at scene and advised officers that the vehicle occupant had left the scene prior to their arrival. Unit 1 struck a city light pole. Responding Officer spoke to Witness 1 at 530 S. Ohio Ave. Witness 1 stated that he heard the collision and came outside to see what had happened. Witness 1 stated that he observed a younger female black in all white clothing standing outside of the vehicle. Witness 1 stated that he ask the female if she was alright and the female didn't respond. Witness 1 stated that he walked inside of his residence to grab his cell phone in order to call 911. Witness 1 stated that when he came back outside he observed the female running southbound down S. Ohio Ave.Responding Officers responded to 500 Southwood Ave. to the address of Unit 1 Owner. Officers were unable to make contact with Unit 1 Owner; however did make contact with his father. According to the father Unit 1 Owner  lends the vehicle out to people all the time; The father attempted to get aholdof Unit 1 Owner via cell phone however he was unsuccessful. 
20203230214,Franklin County,Driver of Unit 2 stated the driver of Unit 1 struck his truck as both vehicles were driving north on S. High St.  Both cars pulled into the McDonalds parking lot after the accident.  Driver of Unit 2 stated driver of Unit 1 refused to exchange information.  Driver of Unit 2 stated the driver of Unit 1 asked him why did you hit my car? Driver of Unit 1 was not at the scene when Officer arrived.  Driver of Unit 2 stated he was not injured and just wanted to report the damage to his vehicle.  Driver of Unit 2 showed the officer a picture Unit 1's license plate (OH tag HGS 9920) that he took with his cell phone. No follow up was conducted at that time. 
20203240163,Franklin County,The driver of Unit 2 stated they were parked in the Chipotle parking lot; attempting to go inside. While still in the car Unit 1 began to back up. The driver of Unit 2 honked because he realized Unit 1 was going to hit him. The driver of Unit 2 stated he felt Unit 1 hit his door driver side front door; shortly after he honked. The driver of Unit 2 stated he got out of his car and the driver of Unit 1 pulled back out and left the scene. The driver of Unit 2 then followed Unit 1 and took a picture of Unit 1's license plate. Officer VanTilburg #3200 observed a series of small scratches to the driver’s side front door on Unit 2. The driver of Unit 2 stated they are not able to identify the driver of Unit 1. Officer VanTilburg attempted follow up at the registered owner’s address of Unit 1; but was unable to locate the vehicle. 
20204183452,Franklin County,UNIT 1 WAS IN THE PARKING LOT OF BIG LOTS ATTEMPTING TO ENTER BRIDGE PARK AVE. UNIT 2 WAS TRAVELING EAST ON BRIDGE PARK AVE ON HIS WAY TO KFC (SAWMILL). UNIT 1 PULLED OUT ONTO BRIDGE PARK AND STRUCK UNIT 2 IN THE RIGHT REAR WITH HER LEFT FRONT. UNIT 1 SUSTAINED FUNCTIONAL DAMAGE. UNIT 2 SUSTAINED DISABLING DAMAGE AND WAS TOWED FROM THE SCENE. THE DRIVER OF UNIT 1 WAS CITED FOR FAILING TO YIELD FROM PRIVATE PROPERTY.
20206183641,Franklin County,On date and time Unit#1 was traveling east at the Wendy's drive through.  Unit #1 then proceeded to drive under the overhead light to place an order.  When unit#1 went under the light his truck struck the overhead light.  The light was not damaged but did rotate.  The store manager was able to reposition the light. The vehicle was a city of Columbus division of water truck.  Wendy's manager requested a report.
20213003067,Franklin County,The driver of Unit #2 stated that Unit #2 was stopped in the drive thru at McDonald's when Unit #1 cut in front of Unit #2 in the drive thru line. The driver of Unit #2 stated that Unit #1 began to back up and struck the right front side of Unit #2. Unit #2 sustained scratches down the passenger side front and back doors from the accident. The driver of Unit #2 stated that Unit #1 left the scene west on E 17th Ave at a high rate of speed. The driver of Unit #2 showed the officer a picture on his cell phone of Unit #1's license plate. Unit #1 was ran in the system and came back as a stolen vehicle. A follow up was unable to be conducted due to Unit #1 being a stolen vehicle. 
20213006179,Franklin County,Unit 2 was in the Drive-thru line at Wendy's at 3055 Sullivant Ave.  Unit 1 was directly behind Unit 2 in line.  Driver of Unit 2 stated that while sitting stopped in line that Unit 1 rolled forward and struck the rear of Unit 2 with its front end.  Driver of Unit 2 stated that Unit 1 backed up and began to drive away with a male white driving who shouted he was sorry and that he did not have insurance before he left.  No visible damage was seen on Unit 2.  Driver and occupant of Unit 2 both took photos of Unit 1 including its license plate.  License plate comes back to a matching vehicle; however; the registered owner of the vehicle is deceased per their LEADS information.
20213007603,Franklin County,Unit 2 was in line at the drive thru of the McDonald's located at 2750 Bethel Rd.  Unit 1 mistakenly hit the gas pedal and struck Unit 2 from behind.  The crash pushed Unit 2 into Unit 3 who was also waiting in the drive thru line.  The driver of Unit 3 never got out of their vehicle and left the scene after getting their food.  The other involved parties did not get any vehicle information from Unit 3.  There were no reported injuries.  Unit 2 was able to drive his vehicle from the scene.  The driver of Unit 1 was cited  for OVI and ACDA.  Unit 1 was impounded and towed by Eitel's.
20213008111,Franklin County,"Unit 2 was proceeding with the right of way eastbound on Mound St in the right lane. Unit 1 was westbound on Mound St and turned left toward the McDonald's parking lot and struck unit 2; failing to yield on the left turn. Unit 1 then fled the scene. A witness on scene stated the last four numbers of unit 1's license plate was ""5101"" but that witness was not on scene. That witness provided that information to driver of unit 2 who then provided it to police. Unit 1 was a maroon Jeep and fled southbound. Unit 2 was towed from scene by the owner."
20213011508,Franklin County,Driver of Unit #1 stated that he was traveling westbound on Refugee Rd when he was attempting to turn southbound into the Burger King lot at 3275 Refugee Rd. Driver of Unit #1 stated that as he went to make his turn; he did not see Unit #2 coming eastbound on Refugee Rd. Driver of Unit #1 stated that he attempted to stop; however he slid and the two vehicles collided. Driver of Unit #2 stated she was eastbound on Refugee Rd; just past Winchester Pike; when Unit #1 pulled out in front of her. Driver of Unit #2 stated that she tried to stop and swerve to avoid Unit #1; however the two vehicles still struck. Driver of Uni #2 had a complaint of pain in her neck and was transported by Columbus Division of Fire Medic 4 to Grant Medical Center. Driver of Unit #1 was cited for Failure to Yield on Left Turn.
20213019000,Franklin County,On 2/4/2021 at approximately 11:00 pm Unit #1 was southbound exiting the McDonald’s parking lot onto Berwick Boulevard. Unit #2 was westbound on Berwick Boulevard and stated they saw Unit #1 coming out. Unit #1 stated they didn’t see Unit #2 and struck them head on. Unit #2 was treated at scene by CFD medic 815. Unit was issued a citation (1945909) for failing to yield from a private drive. 2133.22 ORC. 
20213019001,Franklin County,On January 17th 2021 Officers were dispatched to Wendys located at 2133 E. Livingston Ave on report of Auto Accident with one person injured. Upon arrival; responding officers spoke to the driver of unit 1 who stated that while exiting the drive -thru; she was struck by a vehicle traveling Eastbound on Livingston Ave. The driver of Unit stated that while traveling Eastbound on Livingston Ave; Unit 1 entered the road without yielding to oncoming traffic causing Unit 2 to strike Unit 1 CFD Medic 815 responded to scene and treated the driver of unit 1 for minor injuries at the scene. The driver of unit 1 was cited for Failure to yield   
20213032957,Franklin County,Unit #2 was stopped on westbound E. Livingston Ave. in the left lane at S. Kellner Rd.  Unit #2 was preparing to turn left into the McDonald's parking lot.  Unit #1 was traveling westbound on E. Livingston Ave. behind Unit #2.  The driver of Unit #1 failed to maintain assured clear distance ahead; striking the rear of Unit #1.  According to the driver of Unit #2; the driver of Unit #1 quickly exited his vehicle and took off on foot. The driver of Unit #2 described the driver of Unit #1 as a male black in his mid-twenties wearing a purple hooded sweatshirt.  An unidentified witness stated that the driver of Unit #1 took a dog from his vehicle when he fled southbound towards the rear of the McDonald's.  Unit #1 was towed to the CPD Impound Lot due to it being left disabled in the middle of the roadway. On 3/4/21 at 9:20am officer followed up at listed address of the registered owner of Unit #1.  Officer made contact with a female who identified herself as the registered owner's mother.  The female stated that the registered owner does not live with her and she only knows that she stays with a friend somewhere in Reynoldsburg.  
20213033007,Franklin County,Unit 2 was traveling Southbound on S. Hamilton Rd. Crossed the intersection at S. Hamilton Rd and E. Main St. Unit 1 ran through the parking lot of Wendy's located at 4595 E. Main St; trying to evade police officers; and entered the roadway on S. Hamilton Rd. Unit 1 was struck by Unit 2 as Unit 1 crossed the street. Unit 1 was treated on scene for possible injuries; and cleared by medics. Unit # 1 was issued a citaton for Pedestrian in the roadway; Citation #181222.
20213036003,Franklin County,"Unit #2 was stopped facing west on E 17th Ave. Unit #1 was traveling West on E 17th Ave. Unit #1 struck Unit #2. The driver of Unit #1 told the driver of Unit #2 that her name was ""Tyra Lewis"" and gave the Driver of Unit #2 the phone number ""6149568836"". the Driver of Unit #1 also stated she had progressive insurance but could not show the driver of Unit #2 a policy number. The Driver of Unit #2 took a picture of the license plate of Unit #1. The driver of Unit #2 showed the responding officer the picture showing an Ohio Tag of #HSR7294. The Driver of Unit #2 dialed Police who told her to exchange information at a nearby Mcdonalds. The driver of Unit #2 drove to the Mcdonalds. The Driver of Unit #1 fled the scene South on I71. Officers attempted a follow up investigation at the listed address for Unit #1; but there was no answer at the door. "
20213036618,Franklin County,Driver of Unit 2(VA UMT6589) stated that she was driving north bound curb most lane passing 800 Georgesville Rd McDonalds when her front passenger side headlight was struck by Unit 1(OH L988614). Driver of Unit 2 stated that an unknown white female was driving Unit 1 through the parking lot when it came into oncmoning traffic and struck her vehicle before pulling onto Georgesville Rd and driving to Sullivant Ave. Driver of Unit 2 stated driver of Unit 1 did not attempt to stop and exchange information until driver of Unit 2 chased down Unit 1 and flagged her down. Driver of Unit 2 said the female driver; the only occupant; pulled into M&S Carryout 590 Georgesville Rd and ran from the vehicle eastbound down Atlanta Dr. Driver of Unit 1 was described as 5'2 wearing pink compression pants. While on scene the owner of Unit 1(OH DL  arrived and stated a female named Kay that he had been seeing a few days was driving his vehicle. He did not have any contact information for Kay. Driver of Unit 2 was not injured. 
20213042366,Franklin County,On 3/17/2021 at approximately 3:19 PM; Officer A. McDonald #2811 and Officer S. Gamby #2929; wearing the uniform of the day and working CPD marked cruiser 121 were dispatched to Bryden Rd. and Fairwood Ave. in response to an auto accident property damage only that was blocking the intersection. Upon arrival Officer McDonald spoke with the driver of unit #2 who was identified by his Ohio drivers license. Unit 2 Driver stated that he was traveling W/B on Bryden Rd. approaching Fairwood Ave. Unit 2 Driver stated that Unit 2 came to a stop at the stop sign and therefore entered the intersection when he had the right of way. Mr. Spurgeon stated that the driver of unit #1 failed to yield from the stop sign resulting in the accident. Officer Gamby spoke with the driver of unit #1 who was identified by her Ohio drivers license.Unit 1 Driver stated that Unit 1 came to a stop at the stop sign and then entered the intersection under the belief that she had the right of way.Unit 1 Driver stated that as Unit 1 entered the intersection she observed unit #2 driving towards her and she and unit #2 collided. Officer McDonald spoke with a witness over the phone. Witness 1 stated that the driver of unit #1 failed to yield from the stop sign resulting in the accident. Unit 1 Driver was cited for failure to yield from a stop sign. 
20213044831,Franklin County,Unit #2 was traveling S/B on Winchester Pike. Unit #1 was traveling W/B from the Burger King private drive. Unit #1 attempted to cross Winchester Pike and failed to yield to oncoming traffic. Unit #2 collided with Unit #1.The driver of Unit #2 requested to see a medic; and Medic 4 transported the driver of Unit #2 stable to Grant hospital. The driver of Unit #1 was cited.
20213045509,Franklin County,Unit 1 was traveling E/B on Granville Street in front of the exit from 77 Granville Street (Wendys drive thru exit) with the right of way.  Unit 2 was attempting to exit the Wendys drive thru and onto Granville Street.  Unit 2 failed to yield to traffic; and struck Unit 1; causing damage to both vehicles.
20213047248,Franklin County,Unit #2 was traveling e/b in the left lane of travel of East Livingston Avenue approaching it's intersection with E.Livingston Avenue and College Avenue. Unit #1 was entering the roadway from the parking lot of the Subway Resturant located at 2181 E. Livingston Avenue.The driver of unit #1 failed to yield the right of way when emerging from a private drive and caused a collision with unit #2. Immediately after said collision the driver of unit #1; described as a Black male; approximately twenty eight years old; medium complexion; with shoulder length braids; proceeded to flee westbound from the scene in unit #1. The driver of uniit #2 stated that unit #1 displayed a temporary tag but he was unable to take note of it as it sped away. Parts that were part of from the front of unit #1 were left at the scene. A head light case with a identification number of 221-2015LAQ and 03166015; a light case with a part number of 2357NA(NAS) and a front bumper with the part number HN0702GA were left behind by unit #1.
20213054221,Franklin County,Unit #1 was traveling Eastbound on Grace St at N. Hague Ave and Unit #2 was traveling Northbound on N. Hague Ave. The driver of Unit #2 stated Unit #1 did not stop at the stop sign at Grace St and Hague Ave. Unit #1 struck Unit #2 on the front Driver's side. Both Units came to rest on the East side of N. Hague Ave. The driver of Unit #1 fled the scene before Officers arrived on scene.  The Driver of Unit #2 described te driver of Unit #1 as a Male White between 20 and 25; skinny with brown hair. Officers responded to the registered address of the owner and spoke to his parents who stated the Owner of Unit #1 was not home and was at work. Officers responded to the Dunkin Donuts on W. Broad St to try and locate the owner of Unit #1 and he was not at work. Unit #1 was taken to the City of Columbus Impound Lot. Unit #2 was towed to a private lot  for the Owner.   
20213054267,Franklin County,Officers were dispatched to 7170 Sawmill Road ; Wendy's; on report of a vehicle crashed into the building.  The driver of Unit One stated he was driving the vehicle and was attempting to go to the drive through and crashed into the building.  The driver of Unit One was found to be driving while impaired and had a suspended driver's license.  The driver of Unit One was placed under arrest for OVI and driving with a suspended driver's license.  Unit One was impounded to the CPD Impound Lot by Pro Tow.  The Wendy's restaurant sustained significant damage and a representative of the business was provided with information on the crash.  
20213054285,Franklin County,Driver of Unit #1 was in an altercation. Driver of Unit #1 states that in an attempt to flee the situation; Driver of Unit #1 hit multiple bushes and exited a parking lot over a curb. Driver of Unit #1 then lost control of Unit #1 and drove over 2 more curbs and into the Wendy's building. Driver of Unit #1 then reversed and attempted to drive Unit #1 but Unit #1 was unable to operate properly due to disabling damage to the under carriage and the front of Unit #1. Unit #1 was off the road way and not removed by Officer's. 
20213055295,Franklin County,Unit #1 was N/B on the service road south of Billingsley Road in front of Taco Bell at 2777 Billingsley Road when a large truck was S/B in the N/B lane.  The driver of unit #1 stated she swerved to avoid collision with unit #2 and struck a pole/stop sign.  Unit #1 flipped and landed on the roof.  The driver of unit #1 was transported to Riverside Emergency room and treated by Dr. Adams.  Unit #2 was not on scene.  
20213056801,Franklin County,Unit #1 and Unit #2 were both in the drive-thru lane of the KFC at 668 E 5th Ave.  Unit #1 was behind Unit #2.  Driver of Unit #2 stated Unit #1 went to exit the drive-thru lane and struck the passenger rear panel of Unit #2.  Driver of Unit 2 stated she attempted to exchange info with the driver of Unit #1; but driver of Unit #1 fled the scene before giving all information.  Passenger of Unit #2 was able to write down the license plate of Unit #1 which was Ohio License: JJF6892; and stated the vehicle was a burnt orange Chevy Avalanche.  A LEADS inquiry of Unit #1; does match the described vehicle.  Officers were unable to conduct a follow-up due to call volume and the location behing off precinct.  The driver and passenger of Unit #2 believe they can identify the driver of Unit #1.
20213060906,Franklin County,The listed witness and Grandview Medic 51 found Unit 1 ; over top of curb; in the northside of the Wendy's (1100 Dublin Road)  parking lot run into a building (815 Grandview Ave; no structural damage) front first and stuck over top of the curb. The listed driver was passed out behind the wheel and the vehicle was running. The listed driver ; due to heavy intoxication (See Case Report ##########) could not recall what had occurred. No injuries were reported. Unit 1 was impounded and towed by Eitels. 
20213064942,Franklin County,Driver 2 stated he was stopped at the red  traffic light in front of the McDonald's located at 6350 Tussing Rd. Driver 2 stated that Unit 1 crashed into the rear of Unit 2. Driver 2 stated that he attempted to speak with Driver 1; at which time Driver 2 stated that Driver 1 and Passenger 1 fled the scene on foot. Driver 2 described Driver 1 as a Hispanic male. Driver 2 complained of back pain; CFD medic 32 treated on scene. Unit 1 was impounded and towed to the Columbus impound lot.
20213067446,Franklin County,Unit 1 driver was traveling westbound on E. Main St. when she stated that she traveled in the continuous turn lane while approaching the intersection of Main and Bernhard. She stated she was headed to Subway when she was struck by Unit 2 who crossed over to her lane.   Unit 2 driver stated he was traveling eastbound on E. Main St. in the fast lane when Unit 1 came into his lane of travel striking him.   I could not locate any video evidence in the area nor any neutral party. The at fault driver is undetermined at this time.
20213076892,Franklin County,The crash occurred on S. High St south of Colton Rd.  Driver of Unit2 stated that he was traveling north when Unit1 struck his vehicle pulling out of the Burger King parking lot.  Driver of Unit2 stated that Unit1 did not stop and turn left onto Colton Rd.  Unit2 stated that he called dispatch and stated that he was on his way to work and would call back to make a report.  Driver of Unit2 stated that he did not know the make; model; or color of Unit1 but the Tag# was HNU649.  When officer ran the tag through LEADS; it came back invalid.  Driver of Unit2 was unable to provide a State for the Tag# he provided the reporting officer.  Reporting officer was unable to follow-up with the limited information provided.
20213076893,Franklin County,The crash occurred on E. Livingston Ave.  The Driver of Unit2 stated that she was traveling west on E. Livingston Ave. in the south lane; turning into the McDonald's parking lot.  As she was turning left; Unit1 struck her vehicle and spun her vehicle around.  Driver of Unit2 stated that she believes that Unit1 was a light blue (even though she stated tan to dispatch) GMC; Buick; or Lincoln but was not sure.  Driver of Unit2 also stated that after Unit1 struck her vehicle; they did not stop and proceeded to drive off.  Neither the Driver nor the Witness could provide anymore description of Unit1. Driver of Unit2 was treated at scene for minor head injury by Columbus Fire (medic 15).
20213079954,Franklin County,The driver of Unit # 1 entered the McDonald's parking lot located at 3554 S High St;     According to the witness; Unit # 1 drove up on the curb and then stopped at the opening of the drive thru. The witness went over and asked the driver of Unit # 1 if he was OK. The driver replied yes and sped off in a hurry around the building. The witness walked around the building to see if Unit # 1 exited the parking lot. He did not and continued around the parking striking a McDonald's entry sign. Unit # 1 got back in the drive thru lane and fell asleep directly in front of the order window. The witness called the police. Upon police arrival the driver of Unit 1 was completely passed out behind the wheel. Officers were able to wake him up without further incident. The driver of Unit 1 was cited for CCC 2133.01A1a and released on a summons;
20213080289,Franklin County,Unit #1 made an illegal left turn onto westbound Tussing Rd. from the service road that goes to Jiffy Lube and other businesses east of Brice Rd.  Unit #2 was westbound on Tussing Rd. in the left lane; passing the service road that Unit #1 was exiting from.  Unit #1 struck the left rear of Unit #2.  The driver of Unit #1 then fled the scene.  Unit #2 chased Unit #1 to Hamilton Rd. over top of I70 where they jumped out and flagged down the reporting officer who had both Unit #1 and Unit #2 pull off to the shoulder.  The listed witness/caller stated Unit #1 was making an illegal left turn by the Subway and Jiffy Lube and hit Unit #2.
20213080429,Franklin County,The crash occurred on N Wilson Rd near the intersection to I70. Unit 2 was stopped at the light facing northbound and Unit 1 was behind them also traveling northbound. The driver of Unit 1 failed to leave an assured clear distance ahead; striking Unit 2 in the rear of the vehicle. Unit 1 then attempted to flee the scene without providing identifying information. Unit 2 blocked the vehicle in infront of the subway on Wilson Rd and the driver fled in a separate vehicle OH Tag JAX5022. Due to the registered address of the vehicle officers were unable to complete follow-up. 
20213083612,Franklin County,Unit 1 was entering the McDonald's parking lot from S. Hamilton Rd traveling southbound in the parking lot. Unit 2 (McDonald's food semi offloading food) was stationary parked alongside the western most side of the parking lot. Unit 1 struck Unit 2 on the side as Unit 2 was parked. Unit 2 had a steel lift on the side of the vehicle and was offloading food. Unit 1 ran into the steel ramp. Unit 1s driver complained of lower back pain and was transported by Madison Township Fire #181 to Obetz Medical and treated by Dr. B. Raetzke. Husband of the driver of Unit 1 showed up to the crash scene and drove the vehicle home.
20213086224,Franklin County,Unit #1 was traveling westbound on International Gateway in the far right lane. Unit #2 was traveling westbound on International Gateway in the middle lane. Unit #1 turned left into McDonalds; striking unit #2 on the right front corner. Unit #1 was spun around by the collision and stopped facing Eastbound in the Westbound lanes.
20213090861,Franklin County,Collision occurred in the drive-thru lane of KFC; 2601 Brice Rd.  Unit 2 was stopped in the drive-thru lane facing south.  Unit 1 was northbound in the private drive just west of the drive-thru lane.  Driver of Unit 1 started turning right; making a U-turn to get in the drive-thru lane.  Driver and passenger of Unit 1 stated the driver's foot came off the brake; possible hitting the gas; and Unit 1 struck the rear of Unit 2.  Unit 1 then hit a sign on the left side of the drive-thru lane; kept turning right; went across the grass median and went back across the private drive and struck the guardrail on the west side of the private drive.  No injuries reported at time of collision.  No citation issued due to collision being on private property.  Driver of Unit 1 was going to have vehicle towed by themselves. 
20213092935,Franklin County,The driver of Unit 2 was traveling east on W Mound St in the #2 lane. The driver of Unit 1 was traveling west on W Mound St and attempting to turn into the McDonald's on the south side of the roadway. The driver of Unit 1 stated they had turned left in front of Unit 2 in order to go into the Mcdonald's. The driver of Unit 2 stated they attemtpted to go around Unit 1 by going into the McDonald's parking lot but Unit 1 continued and they collided. The impact caused Unit 1 to ricochet and run head on into Unit 3 who wasstopped in the drive through of the restaurant. A witness also described the incident as Unit 1 turning left in front of Unit 2. CFD medic 10 responded to scene for treatment but no one was transported. The driver of Unit 1 was found to have no valid driver's license. The driver of Unit 1 was cited for Failure to Yield on left turn and No Operator's License. Unit 1 was impounded to the CPD impound lot. 
20213093133,Franklin County,Driver of Unit #1 stated that he was traveling westbound from the Taco Bell parking lot located at 808 S High St attempting to make a left southbound turn onto S High St.  Driver of Unit #1 had a clearing to turn from the private drive but had to stop due to another vehicle turning from another private drive which caused Unit #1's front end to stop in the middle of the northbound lanes of S High St at which point Unit #1 was struck in the front by Unit #2.  Unit #2 was traveling northbound in the left lane of S High St between E Columbus St and E Kossuth St when he struck the front of Unit #1 with his right passenger side.  Driver of Unit #1 was cited for Failure to Yield From a Private Drive.
20213095959,Franklin County,Driver of Unit 1 stated that she was exiting the drive of Wendy's turning Eastbound on the service road just south of 161 and west of Maple Canyon Ave.  Driver of Unit 1 stated that after turning there were several cars that weren't moving forward on the road.  Driver of Unit 1 stated that she hit her horn several times but no vehicles moved.  Driver of Unit 1 stated that she went to pass on the left after assuring that there were no other vehicles on that side of the road.  While attempting to pass; Unit 2 veered left striking the side of Unit 1 on the passenger door.  Driver of Unit 2 stated that she was stuck in traffic on the service road just Southwest of 161 and Maple Canyon when Unit 1 went to pass Unit 2 striking the front of Unit 2.  Driver of Unit 2 stated that she never moved the vehicle.  Officer observed that Unit 2 was diagonal on the road appearing as though it had attempted to veer left.  No driver was cited as an at fault party was unable to be determined.  It is to be noted that both drivers were aggressive toward each other during the situation and had made threats to fight each other.  
20213097638,Franklin County,Unit 1 caused a traffic crash with Unit 2; then fled the scene without stopping and was not located. Driver of Unit 2 stated she was driving in the #1 lane of northbound Cleveland Avenue; just north of E.11th Avenue when she suddenly saw a red vehicle; driving southbound; turn directly in front of her into oncoming lanes; trying to pull into the parking lot of a Subway located at 1418 Cleveland Avenue. Unit 2 was able to swerve to her left to avoid the head-on collision; but still ended up making contact with Unit 1. The crash caused Unit 2 to lose control and drive off the left side of the road; past oncoming traffic and then she was able to drive back onto the street and gain control of the vehicle. Unit 2 recalled the vehicle as possibly a red Chrysler 300; however; Officers observed the crash on a city of Columbus camera posted at the corner of E. 11th/Cleveland; which showed a red Dodge Charger fail to yield to oncoming traffic (Unit 2); and drive directly in front of Unit 2 before the crash occurred. Unit 1 was never seen stopping or attempting to stop at any time and was clearly the at fault vehicle in the crash. No license plate was obtained for Unit 1; so it was not located. Unit 2 sustained no injuries to the occupants and it was still driveable; so the driver was given the incident number for insurance follow-up and released.
20213097766,Franklin County,The driver of Unit #1 stated she was traveling south on N. High St. in the middle lane attempting to make a left hand turn into Wendy's at 5026 N. High St. when the front of Unit #1 struck Unit #2 in the driver's side. The driver of Unit #1 stated she did not see Unit #2. The driver of Unit #2 stated he was driving north on N. High St. when the driver's side of Unit #2 was struck by the front of Unit #1 in front of 5026 N. High Street. The passenger of Unit #2 confirmed the statement made by the driver of Unit #2. There were no injuries. Both units were towed for the owner. The driver of Unit #1 was cited for failing to yield on a left hand turn.
20213098667,Franklin County,Driver of Unit #2 stated that she was traveling eastbound on W Mound St when driver of Unit #1 pulled out in front of her and caused Unit #1 to strike Unit #2. Driver of Unit #1 stated that she was turning left out of the parking lot of the McDonald's on Mound St and thought that the cars had stopped to let her go. Driver of Unit #1 stated that she did not see Unit #2 coming and pulled in front of her. Unit #1 came to  a final rest on the side of Mound St. facing westbound. Unit #2 came to a final rest in the center of the roadyway on Mound St facing Eastbound. No injuries were reported from the driver or passenger of Unit #1. Unit #2 sustained non life threatning injuries and was transported to Mount Carmel Franklinton by CFD medic 10 in stable condition; where the driver of Unit #2 was seen by attending physicians for chest and neck pain. Driver of Unit #1 was cited for 2131.17 Right-of-way when turning left. Drivers of Unit #1 and Unit #2 arranged for their own transport of their vehicles.  
20213100942,Franklin County,Driver of Unit #2 stated that he was driving north on Alum Creek Drive south of E Livingston Ave in the right turn lane.  Driver of Unit #2 stated that Unit #1 was driving north on Alum Creek Dr in the center lane.  Driver of Unit #2 stated that he was then struck by Unit #1 when Unit #1 made a sudden and abrupt right turn from the center lane into the right turn lane striking Unit #2 in the left front fender and front left side of grill.  Unit #1 then pulled into the McDonalds parking lot and fled the scene of the accident without exchanging insurance information.  Unit #2 was not able to get the paper license plate information from Unit #1 and cannot positively identify the driver.  No follow up is requested.   
20213102878,Franklin County,On June 14th 2021 at 11:20 PM Unit 1 was in the drive through at Taco Bell at 808 S High St.  Unit 2 was behind Unit 1 in the same drive through.  At this location; driveway from the menu to the window narrows to one vehicle width.  There is no place to exit out of line.  Unit 1 had just finished ordering but the car had gone up on the curb slightly.  Right after ordering the driver of Unit 1 quickly backed up to get back onto the driveway.  Unit 1 backed right into the front bumper of Unit 2 causing some buckling between the front bumper and the right front quarter panel.  No one was injured.  The driver from Unit 1 left the scene.  Driver and passenger from Unit 2 stated they thought the driver of Unit 1 sounded intoxicated as he ordered.  They described him as a male white with grey hair and in his fifties and smoking a cigarette.  Unit 1 was dark blue or black; a sedan and the copied the license plate as OH GGG 5525.  The Manager of Taco Bell came out to see if Unit 2 occupants were hurt.  He saw what happened from the drive through window.  No one was injured apparently.  Unit 2 drove back to her home of record to wait for police.
20213103653,Franklin County,On the above date; time; and location; Unit#2 was stopped at the traffic light at Bethel rd and Olentangy River Rd traveling eastbound. Unit#1 was directly in front of Unit#2 traveling in the same direction. Both units were traveling in the far most right lane blocking the exit of the KFC. Unit#1 began to back up to allow the vehicles waiting at the KFC exit; to exit onto Bethel Rd. Unit#1 slowly backed into the front of Unit#2. Both units pulled into the parking lot of KFC to exchange information. The driver of Unit#2 collected the driver of Unit#1's information. The driver of Unit#2 asked the driver of Unit#1 for their insurance information and the driver of Unit#1 became upset and argued that he did not have to provide that information. Finally the driver of Unit#1 produced an expired Insurance card. The driver of Unit#2 stated she could smell an alcoholic beverage coming from the driver of Unit#1. The driver of Unit#2 informed the driver of Unit#1 that she was going to call the police and the driver of Unit#1 entered Unit#1 and drove from the scene. No visible damage was done to either vehicle. 
20213104687,Franklin County,Driver of unit 1 was facing eastbound when attempting to turn northbound into the Wendy's parking lot when the driver of Unit 1 failed to yield on the left-hand turn and collided with Unit 2 who was headed westbound on E 5th Ave in the 1st lane. Driver of unit 1 stated he did not see Unit 2 because Unit 2 was not visible due to being hidden behind a large semi-truck that stopped in the 2nd lane to let Unit 1 turn left. Driver of unit 2 was transported by CFD medic 1 to Grant with minor injuries while driver of unit 1 was not injuried. Driver of unit 1 was cited for 4511.42 Right of way rule when turning left. Both vehicles sustained functional damage. Unit 2 was held for safekeeping by tow company Eitels.
20213105902,Franklin County,Unit 2 was traveling northbound on S. Hamilton Rd and turned right at the intersection of E. Main St and S.Hamilton Rd. Unit 1 was exiting the parking lot of Wendy located at 4595 E. Main St in attempt to cross E Main St to get to Sunoco. Unit 1 started to cross E. Main St and did not see Unit 2 until it was too late. Unit 2 changed lanes in an attempt to avoid collision with Unit 1. Unit 1 struck Unit 2 while crossing E. Main St. The driver of Unit 2 did not show proof of insurance during the accident.     See Supplemental narrative.
20213106368,Franklin County,Unit 2 stated they were parked by the Wendy's when a UHAUL truck backed into her vehicle.  The driver of Unit 1; OHTAG AJ63314; did not exit the UHAUL truck and stated that the driver could just pop the dent that had been made by his vehicle.Unit 1 then left the scene. Unit 2 could not give a description of the driver because her attention was mostly focused on the damage. No injuries were reported. Due to the vehicle being a UHAUL reporting officer could not follow up. 
20213110226,Franklin County,Unit 2 was parked in the parking stall facing north in the McDonald's parking lot at the N/E corner of E Broad St and N Weyant Ave and was unoccupied.  The witness 1; who had possession of Unit 2; stated he was inside the McDonald's when Unit 1; which he described as a black BMW bearing the OH tag JHE9327 struck the rear passenger side bumper causing very minor damage.  Witness 1 described the driver of Unit 1 as a male black.  Unit 1 exited the parking lot and continued west on E. Broad St.  The OH tag JHE9327 is registered to a silver chevy and did not match the vehicle's description provided by the witnesses.  The license plate on Unit 2  is US GOV plate G132915V.  Officers were unable to obtain the VIN provided by the US GOV plate in LEADS. Unit 1 left the scene before Officers could verify the vehicle's information.  Officers made multiple attempts and were unable contact the witnesses via the phone numbers provided in order to verify Unit 2's VIN.
20213110998,Franklin County,Driver of unit #2 was travelling w/b on E. Dublin Granville Rd in the right hand thru lane approaching Maple Canyon Ave.  Driver of unit #2 reported his traffic light was green to continue through the intersection when out of nowhere driver of unit #2 reported seeing unit #1 enter the intersection causing unit #2 to collide into the passenger rear side of unit #1.  Driver of unit #2 reported driver of unit #1 continued through the intersection and drove onto the service road north of E. Dublin Granville Rd where unit #1 was observed fleeing w/b.  Driver of unit #2 reported driver of unit #1 was observed turning n/b onto Beechcroft Rd from the service road.  Driver of unit #2 reported driver of unit #1 was a male but was unable to gather any further details.  Driver of unit #2 reported unit #1 was a dark colored late model Ford Mustang.  Driver of unit #2 reported a passerby advised driver of unit #2 that unit #1 was in the drive thru of McDonalds located at 2091 E. Dublin Granville Rd. prior to the collision.  No injuries were reported.
20213113543,Franklin County,Unit #2 was turning eastbound onto E. Main St. from the McDonald's business area intersection; when unit #1; who was traveling westbound on E. Main St.; disobeyed the red light signal at the intersection; causing the front of unit #1 to strike the left side of unit #2.
20213118350,Franklin County,Unit #2 was legally parked IFO 4964 Betsy Dr.  Unit #1 was W/B on Betsy Dr from Lillian Ln.  The owner of Unit #2 stated that she observed Unit #1 strike the rear of her vehicle via a home camera system.  Unit #1 then fled the scene and did not stop.  The owner of Unit #2 found Unit #1 parked at the Wendy's lot at E Main St & S Hamilton Rd.  The owner took a picture of the license plate; OH Tag JKB8776; and confronted the female white driver.  The driver of Unit #1 told the owner of Unit #2  that the damage to her car was old as it was being loaded onto a tow truck because it was inoperable.  The owner of Unit #2 had the parts from Unit #1' vehicle at her house.
20213123179,Franklin County,Unit # 3 was parked in the wendys drivethrough located at the intersection of Sullivant Ave and Crescent Rd. Unit #2 was traveling eastbound on Sullivant at Crescent slowing down to make a left hand turn into the wendys parking lot. Unit #1 was traveling eastbound Sullivant at Crescent at a high rate of speed when he struck Unit #2 in the rear end cauing disabling damage to both Unit #1 and #2. Due to the collision; Unit #2 was pushed foward striking Unit #3 in the rear. Occupants of Unit #1 fled the scene on foot prior to officer arrival. CFD Medic 17 arrived on scene and did not transport any occupants. Unit #1 was impounded to the CPD Impound Lot. Unit #2 and #3 were relased to owners. 
20213124404,Franklin County,Unit #2 stated that she was in the drive thru at McDonalds at 381 E. Main St.  Unit #2 stated that unit #1 claimed she cutted in front of him in the line of the drive thru and called her racial obscenities.  Unit #2 stated that she was paying for her food when she was struck in the rear by unit #1.  Unit #2 was able to take a picture of the vehicle and the license plate Ohio tag JIE3945 before unit #1  left the scene.  No injury was reported from unit #2.  Responding officer went to registered address to unit #1 but was not able to locate the truck or owner.   
20213126391,Franklin County,The driver of Unit #1 stated she was traveling westbound exiting the McDonald's lot to go across the street to the gas station. She stated that she was struck in the rear by Unit #2 which came to a final rest just south of her vehicle on the west side of Alum Creek Dr. The driver of Unit #1 stated that the driver of Unit #2 exited his vehicle and fled the scene. Officers observed that Unit #2 was stolen out of CPD report # 210 495 208. The driver of Unit #1 was treated at scene by CFD Medic #15 with complaints of body pain everywhere with no transport required. The driver of Unit #1 was found at fault and cited for Failure to Yield from a privae drive. The hit-skip driver was not located. 
20213126401,Franklin County,On 7/16/2021 Officer A. McDonald #2811 and Officer E. Bateman #2578; wearing the uniform of the day and working CPD marked cruiser 121 were dispatched to Bryden Rd. and S. Champion Ave. in response to an auto accident hit-skip with injury. Upon arrival Officer Bateman spoke with the driver of Unit #2 who was identified by her Ohio drivers license as Jenna Martin. Ms. Martin stated that she was traveling N/B on S. Champion Ave. approaching Bryden Rd. Ms. Martin stated that she came to a stop at the stop sign located at S. Champion Ave. and Bryden Rd. and the driver of Unit #2 ran into the back of her vehicle creating the accident. Officer McDonald spoke with a occupant in Unit #2 who was identified by his Ohio drivers license as Ian Martin. Mr. Martin stated that they were stopped at the stop sign when they were hit from behind by Unit #1. Mr. Martin stated that the driver of unit #1 pulled to the drivers side of their vehicle and abruptly pulled away traveling W/B on Bryden Rd. Mr. Martin and Ms. Martin described the driver as a male white; approximately forty to fifty years old; with brown hair. Mr. Martin was able to provide Officer McDonald with a photograph of Unit #1's license plate. The tag number on the vehcile was JGP6866.The tag was registered to 1805 Wilson Ave. Officer H. Graber #2279 and Officer M. Neal #2338 responded to scene and spoke with the registered owner 
20213131830,Franklin County,Accident occurred in the southbound lanes of Hilliard Rome just north of Renner Rd. Driver 2 stated she had been stopped at a red light in the #3 lane of Hilliard Rome Rd. Driver 2 stated when the light turned green; she observed a gap in traffic in the #4 lane to her right so as soon as traffic ahead began to move; she began to merge over to the #4 lane. Driver 2 stated she had not fully changed lanes when she was struck in the rear by Unit 1. Driver 2 stated she put her 4-way flashers and turned west on Renner Rd. to get pull into McDonalds; assumed Unit 1 would follow her; however; Unit 1 continued south on Hilliard Rome Rd. and fled the scene. Driver 2 could only describe Unit 1 as a passenger car; white or tan in color; and unknown make; model; or tag. Driver 2 described Driver 1 as a female; possibly Middle Eastern; who was wearing a hijab. Driver 2 stated an unknown male white witness provided her with a tag for Unit 1 as MRX3767; but that witness left prior to Officer's arrival and the tag is not in file per LEADS. There was no further available information to follow up with.
20213133761,Franklin County,Units 1 and 2 were S/B IR 71 north of E 17th Ave in the #3 lane of travel. Unit 1 was behind Unit 2. Driver of Unit 2 was slowing for another working accident scene and was struck from behind by Unit 1. A uniformed officer working the original accident scene ordered both drivers to re-locate to 821 E 17th Ave. (McDonald's) and wait for another officer to respond. Driver of Unit 1 failed to comply with the lawful order and fled to an unknown location. Columbus Fire Medic 7 responded to the McDonald's and evaluated the driver of Unit 2 for a possible neck injury with no hospital transport. Unit 2 sustained disabling damage and was removed by the registered owner. There was no description of Unit 1 or it's driver.
20213133929,Franklin County,Drivers of units #1 and #2 both stated that unit #2 was traveling n/b on S. Hamilton Rd; s/o Winchester Pike; when unit #1; attempting to make a left turn onto S. Hamilton Rd from McDonalds; was struck by unit #2. No injuries were reported. Driver of unit #1 was cited for Fail to Yield on Left Turn; 2131.17A; citation #CPD008479. 
20213137368,Franklin County,On 7/30/2021 at approximately 3:36 PM; Officer A. McDonald #2811 wearing the uniform of the day and working CPD marked cruiser 121 was dispatched to 1940 E. Livingston Ave. to the Rally's in response to an auto accident hit skip with property damage. Upon arrival Officer McDonald spoke with the manager who was identified by her Ohio drivers license as Sonequa Maddox. Ms. Maddox stated that a white box truck came through the drive thru and upon exiting; the top of the truck damaged their roof. Officer McDonald observed damage to the S/W corner of the building. The driver of the box truck was described as a male white with red hair wearing a grey shirt and approximately twenty-five years old. According to Ms. Maddox they have security footage but didn't have anyone available to access the cameras. Ms. Maddox stated that the truck left the parking lot and turned E/B on E. Livingston Ave. towards Alum Creek Dr.  Ms. Maddox was given a incident report number for insurance purposes. 
20213137369,Franklin County,On 7/30/2021 at approximately 5:19 PM; Officer A. McDonald #2811 wearing the uniform of the day and working CPD marked cruiser 121 was dispatched to Miller Ave. and Mooberry St. in response to an auto accident with property damage only. Upon arrival Officer McDonald spoke with the driver of unit #1 who was identified by his Ohio identification card as Rayshawun Heard. Mr. Heard stated that he was traveling E/B on Mooberry St. approaching Miller Ave. Mr. Heard stated that he was traveling to closely to unit #2 and as a result he crashed into unit #2 when unit #2 began to brake in traffic. Officer McDonald spoke with the driver of unit #2 who was identified by his Tennessee drivers license as Ross Cunningham. Mr. Cunningham stated that he was traveling E/B on Mooberry St. approaching Miller Ave. when he was struck from behind by unit #1. He stated that when he was struck by unit #1 his vehicle struck unit #3. Officer McDonald ran Mr. Heard through the Leads database and Mr. Heard was driving with no operators license. Mr. Heard was issued a citation for no operators license and ACDA. 
20213138405,Franklin County,The driver of unit #1 stated that he was northbound on the private drive of the McDonald 3600 W Dublin Granville Rd and was operating the large dump truck when he pulled into the drive thru in which had a large awning over the drive thru window. The driver of unit #1 then decided that he needed to back up his his vehicle due to the height and size of his vehicle and he believed he would not be able to clear the awning.The driver of unit #1 looked backward to make sure nothing was behind him and when he began backing his vehicle the tarp bar did strike the south east corner of the building causing very minor damage. Due to private property no citations were issued at this time.
20213147182,Franklin County,The driver and passenger of unit #2 stated that they were in the drive thru lane at the food window. Unit #1 was in front of Unit #2 at the first food window. The occupants in Unit #2 stated that when Unit #1 received their food; instead of going forward; Unit #1 backed up and struck Unit #2 in the front end and then fled N/B on S. hamilton Rd. Unit #2 stated that she she followed unit #1 on S. Hamilton Rd long enough to have the passenger video pic the vehicle( Unit#1) write down the license plate # of the vehicle. Unit #1 was an older model; silver in color Honda SUV; looked like a CRV in the video shown to officer. The driver of Unit #2 stated that Unit #1 was speeding and driving reckless so she turned back and returned to McDonald's. The driver /owner of Unit #2 was inside talking to the employees inside to possibly get some video of the accident. The staff asked to come back during daylight shift. The driver of unit #2 stated that the driver of Unit #1 was a female black driiver. No other description was given.
20213147903,Franklin County,On 8/13/2021 at approximately 1;24 PM; Officer A. McDonald #2811 working CPD marked cruiser 9120 was dispatched to 1467 E. Long St. in response to an auto accident hit skip with property damage only. Upon arrival Officer McDonald spoke with the driver of Unit #2 who was identified by his Ohio drivers license as Eddie Greathouse. Mr. Greathouse stated that he was traveling N/B on N. Champion Ave. approaching Mt. Vernon Ave. Mr. Greathouse stated that he entered the intersection and was struck by unit #1 who was traveling W/B on Mt. Vernon Ave. Mr. Greathouse stated that he didn't see the car or the driver and therefore Officer McDonald was unable to do any follow up. Mr. Greathouse was issued a insurance company and advised to contact his insurance company. 
20213153186,Franklin County,Unit #1 stated he was traveling E/B on E. Main St when Unit #2  pulled out of Burger King striking the side of his vehicle. Unit #1 stated he stopped for the accident but the other unit would not approach so he continued with his deliveries.  Unit #2 stated she was making left turn onto E. Main St from Burger King when Unit#1 made a left turn in front of her from Ross Rd. Unit #2 stated Unit #1 refused to stop. Unable to determine at fault vehicle due to conflicting statements and no independent witnesses. Unit #2 had 2 occupants who were not identifed.
20213157085,Franklin County,Unit 1 was parked in the Chipotle lot facing E/B.  The driver of unit 1 thought they put the vehicle in reverse but actually put it in drive and accelerated; causing the vehicle to go through the entrance to Chipotle located at 771 Bethel Rd.  The driver of unit 1 was treated at scene by CFD Medic 19.  Unit 1 sustained minor damage as a result of the accident and was able to be driven from scene.  
20213157275,Franklin County,"On the listed date and time; the Driver of Unit 1 stated he was in the drive thru line of the Taco Bell at the listed location. The Driver of Unit 1 stated that Unit 2 was in front of his vehicle and that Unit 2 reversed and backed into his vehicle. The Driver of Unit 1 did not stay on scene and left the scene travelling northbound on Harrisburg Pike.The Driver of Unit 2 advised that Unit 1 was a red Dodge Dakota with OH plate JLY 4384. The Driver of Unit 2 described the Suspect as a white male in his 40's; approximately 5' 5"" with a medium build and long light brown hair. Officers requested 11 precinct Officers to check the registered location of the listed plate however were advised that nothing was found."
20213158332,Franklin County,Unit #1 was in one of the marked parking spots in the McDonald's parking lot at 821 E 17th Ave.  Unit #1 was still in drive when it slowly rolled into the pole causing damage to Unit #1.  When officers arrived; the driver of Unit #1 was passed out behind the wheel.  The driver of Unit #1 was checked out at scene by CFD Medic 18.  The driver of Unit #1 was cited for OVI and Unit #1 was towed to the CPD impound lot.
20213163092,Franklin County,"The crash occurred in the parking lot of Wendy's; 2133 E Livingston Ave.  The Diver of Unit 2 stated that she had waiting for the clerk to bring out her food; when Unit 1; who was behind her; drove around and sideswiped her vehicle.  Driver of Unit 2 stated the Driver of Unit 1 was a male black about 22 yrs old; 5'9""; and 160lbs and driving a silver 4 door vehicle (tag unknown).  The business does have surveilance cameras but they could not be accessed because a manager was not on scene."
20213167027,Franklin County,On 9/9/2021 at approximately 5:15 PM; Officer A. McDonald #2811 and Officer T. Meyers #55; wearing the uniform of the day and working CPD marked PTV 128 were dispatched to Miller Ave. and E. Livingston Ave. in respone to an auto accident with injury. Upon arrival Officer McDonald spoke with the driver of Unit #1 who was identified by her Ohio drivers license as Shandice Cannon. Ms. Cannon stated that she was traveling W/B on E. Livingston Ave. approaching Miller Ave. Ms. Cannon stated that the driver of Unit #2 failed to stop at the traffic signal and as a result their was a collision. Officer Schultz #2998 working CPD cruiser 124 spoke with the driver of Unit #2 who was identified by her Ohio drivers license as Ladawnya Ruffin. Ms. Ruffin stated that she was traveling S/B on Miller Ave. approaching E. Livingston Ave. Ms. Ruffin stated that her light was green prior to entering the intersection and she was attempting to turn W/B on E. Livingston Ave. Ms. Rufffin stated that the driver of Unit #1 ran the redlight which resulted in the accident. Ms. Ruffin was transported to Grant Hospital for injuries sustained during the accident. Officer McDonald ran Ms. Cannon through the Leads database and Ms. Cannon was driving under suspension. Ms. Cannon was issued a citation and given a mandatory court date. 
20213167993,Franklin County,Driver of unit 2 stated she was stopped at the traffic light in the left lane going w/b on W Broad St at N Ogden Ave.  She stated that a maroon Buick (unit 1) was going the same direction in the curb lane and rear ended a car in front of him; then tried to swerve to go between the initial car it rear ended and her car; side-swiping her vehicle (unit 2).  Driver of unit 2 stated that all vehicles involved pulled over and exited their cars and driver of uinit 1 was trying to get the vehicles to follow him to his home nearby.  However; the other involved party told him to stay at the scene but driver of unit 1 left in his car and the other involved driver followed.  There were two other calls on this; and driver of unit 2 was the only person who wanted a report.  Officers later tried to make contact with the other involved party who stated he was at the McDonalds down the street; who told the call taker he followed unit 1 to an address on N Roys Ave where it parked in the alley.  The other party was no longer there and after a callback he did not want a report.  An officer conducted follow up at the registered address of the tag given (49 N Roys Ave; OH TAG JMX8290) but no one answered and the vehicle was not there; nor in the alley at the time.  Driver of unit 2 stated no one in her vehicle was injured.
20213169929,Franklin County,The owner of Unit #2 stated that she noticed her vehicle was side swiped in the rear passenger side while her vehicle was parked in the chipotle parking lot near Mt Pleasant Ave and E. 2nd Ave. The owner of Unit #2 stated she did not witness Unit #1 side swipe her vehicle; but a witness had left a note on her vehicle with the License Plate of (HNN1290) with no other vehicle information or witness information. Due to lack of information pertaining to Unit #1 Officer Messbarger could not conduct a follow up.  
20213172526,Franklin County,On 9/17/2021 at approximately 5:37 PM; Officer A. McDonald #2811 and Officer E. Bateman #2578 wearing the uniform of the day and working CPD PTV 128 were dispatched to E. Livingston Ave. and Rhoads Ave. in response to an auto accident. Upon arrival Officer McDonald spoke with the driver of unit #1 who was identified by her Ohio drivers license as Amber Miller. Ms. Miller stated that she was traveling S/B on Rhoads Ave. approaching E. Livingston Ave. Ms. Miller stated that she stopped at the stop sign located at the intersection of E. Livingston Ave. and Rhoads Ave. Ms. Miller stated that she believed the roadway was clear and therefore she turned to go E/B on E. Livingston Ave. Ms. Miller stated that the driver of unit #2 was speeding going W/B on E. Livingston Ave. resulting in the auto accident. Officer Bateman spoke with the driver of unit #2; Kaylin Davis; who stated that she was traveling W/B on E. Livingston Ave. approaching Rhoads Ave. Ms. Davis stated that the driver of unit #1 failed to yield from the stop sign resulting in the auto accident. Officers ran Ms. Davis through the Leads datebase and Ms. Davis was driving under suspension. Ms. Miller was issued a citation for fail to yield from the stop sign. Ms. Davis was issued a citation for driving under suspension. Ms. Davis car was towed to the CPD Impound lot by Pro Tow. 
20213172640,Franklin County,On 9/13/21 Unit 2 was traveling west on Renner Rd just past Hilliard Rome Rd. Unit 2 attempted to make left hand turn onto Sweetwater Service Rd to go to the Wendy’s. Unit 1 was north on Sweetwater Service Rd; just south of Renner Rd. Unit 1 pulled out into the intersection of Sweetwater and Renner Rd. Unit 1 struck Unit 2 in the rear driver side. Both parties pulled into Wendy’s to exchange information. The driver of Unit 1 provided the Driver of Unit 2 his Ohio Driver’s License before leaving the scene on foot; prior to Officers arriving. Officers attempted follow up at the Driver of Unit 1’s listed address but no one answered. No injuries were reported at the scene.
20213172821,Franklin County,On the above listed date and time at the above listed location Responding Officer was dispatched to the report of a hit skip. Upon arrival; Officer made contact with the driver of Unit 2 who stated that the accident had occurred the day before at 3pm. The driver of Unit 2 stated that a red truck had merged into her lane causing the front driver's side tire to touch Unit 2's rear passenger side door causing minor damage. The driver of Unit 2 stated that she recognized the vehicle and believed it to be the maintence man from her apartment complex. The driver of Unit 2 stated that her maintence man lives in her complex and she observed him pull in later that night to the complex and went over to her vehicle and looked at her car. The driver of Unit 2 stated she believed he was looking for the damage to her vehicle because after he looked at her vehicle he went over to his vehicle to look where he had hit her with his vehicle. Officer conducted follow up and went to the apartment complex to locate the hit skip vehicle and made contact with the possible driver of Unit 1. The possible driver stated that he was never in the area; that he didn't know where the dunkin donuts was that the driver of Unit 2 stated she was hit in front of; or that he has never hit anyone in his life. The possible driver of Unit 1 was very aggressive when asked about the incident. More on OH2...
20213172991,Franklin County,Unit 2 was approaching the drive thru lane of the McDonald's at 2091 E. Dublin Granville Rd. located southwest of the intersection of E. Dublin Granville Rd. and Maple Canyon Ave. on the left side of the lot (the designated lane). Unit 1 was approaching the drive thru lane of the McDonald's at 2091 E. Dublin Granville Rd. located southwest of the intersection of E. Dublin Granville Rd. and Maple Canyon Ave. on the right side of the lot.  Unit 1 cut over to get in front of Unit 2 and struck Unit 2 on the right front (1 O'clock) with the left rear (7 O'clock) of Unit 1.  Unit 1 fled the scene.  Driver of Unit 2 was able to get a photo of Unit 1's license plate. Unit 1 was a silver Toyota sedan.  Driver of Unit 2 stated that the driver of Unit 1 was a black male but could give no other descriptors. Unit 2 was released to the owner at the scene.  The McDonald's manager stated that they had camera footage of the lot and it would be available for review during daylight hours.
20213174788,Franklin County,"Per the occupants of Unit 2; Unit 2 was stopped in the driver-thru line of the Taco Bell Restaurant at 6970 E Broad St.  Unit 1 was directly behind Unit 2 and also stopped.  For an unknown reason Unit 1 began to move forward and struck Unit 2 on the rear causing minor damage.  The driver of Unit 1 then got out of the vehicle and briefly spoke to the driver of Unit 2.  The occupants stated they believed  that the male driving Unit 1 was under the influence of some kind of narcotic due to the male's behavior.  They stated the driver of Unit 1 provided them with the insurance for the vehicle however; the insurance did not have his information on it but rather the owner of the vehicle.  The driver of Unit 1 then began to act erratic and became aggressive at times.  Without providing his contact information; Unit 1 then sped off w/b on E Broad St.  Unit 2 followed Unit 1 but Unit 2 eventually pulled into the parking lot of Mount Carmel East Hospita after Unit 1 attempted to ""brake check"" Unit 2 numerous times and at one point even stopped in the middle of E Braod St.  They believe Unit 1 then continued n/b on I-270 from E Broad St.  The driver of Unit 1 was described as a M/W in his mid 20's; 6'2""; with brown curly hair down to his shoulders.  Officers were unable to conduct a follow up at the registered address of Unit 1's license plate since it was outside of the City of Columbus."
20213177044,Franklin County,The driver of Unit #1 stated she was driving north on N. High St. attempting to get into the left turn lane at Graceland Blvd. when she struck Unit #2 head on in the center lane causing disabling damage to both vehicles. The driver of Unit #1 was not sure how the crash happened and never saw Unit #2.  The driver of Unit #2 stated he was driving south on N. High St. attempting to make a left hand turn into the Wendy's at 5026 N. High St. when he was struck head on in the center lane by Unit #2 causing his vehicle to be pushed back into the southbound lane of travel where he was struck in the rear by Unit #3. The driver of Unit #3 stated she was driving south on N. High St at Graceland Blvd. when Unit #2 abruptly came into her lane causing her to strike it in the rear causing disabling damage to her vehicle. There were no injuries. All of the Units were towed from the scene. The driver of Unit #1 was determined to be at fault and cited for center lane designation because her Unit had no reason to be in the center lane due to there being no drives or business to turn left into from the center lane. The left hand turn lane the driver of Unit #1 stated she was trying to get into did not start for another 30 to 50 yards. There were three witness that left the scene before officers arrived that gave their information to the driver of Unit #3.
20213178281,Franklin County,"Driver of unit 2 stated she was north bound N. Cassady Ave just past Airport drive when unit 1 who was traveling south bound N. Cassady Ave attempted to make left hand turn into the Speedway gas station (east) causing unit 2 to strike unit 1 in the passenger side. Unit 2 stated unit 1 pulled in the McDonald's lot with her where it appeared they were going to exchange information.  Driver of unit 2 stated driver of unit 1 stated to her that she ""skidded"".  Driver of unit 2 stated driver of unit 1 then took off once she informed her that she called police.  Driver of unit 1 was described as a female black in her 30's 5' 6"" 160 pounds wearing an orange vest and work tags. Unit 1 was described as a black 4 door Chevy (unknown model) bearing Ohio tag ""JLC2370"".  Unit 2 stated unit 1 would have some passenger side damage from turning in front of her.  Officer observed unit 2 to have very minor front end damage (cracked front bumper).--   Driver of unit 2 had no fault.  Driver of unit 1 caused the accident and drove away.  On follow up Officer was unable to locate the vehicle or anyone at the address from the Tag."
20213179622,Franklin County,On 9/25/21; at approx. 11:19pm; Unit #2 was stopped facing the southwest in the drive thru at the Taco Bell located at 4770 Sawmill Rd when Unit #1 struck Unit #2 in the rear. Unit #1 then completed a U-Turn in the parking lot and sped off in a northeast direction before hitting the parking lot curve and striking a stop sign. Unit #1 then continued northbound through the parking lot to the next stop sign and came to a stop in front of the Jimmy John's located at 4860 Sawmill Rd. The Driver of Unit #1 was later to be found operating Unit #1 under the influence of alcohol (see CPD Arrest Report #: #########). Unit #1 was impounded at 2700 Impound Lot Rd. No injuries were reported.
20213180531,Franklin County,Unit #2 was traveling westbound in the right lane on Sullivant Ave at Crescent Rd. Unit #1 was turning Westbound (left) out of the Wendy's parking lot onto Sullivant Ave. Unit #1 merged into the right lane side swiping Unit #2. A Uniformed Columbus Police Officer heading eastbound witnessed the crash. The driver of Unit #1 admitted to being at fault. The Driver of Unit #1 was cited for Right-of-way at private driveway; alley or building. Both units exchanged insurance/driver information.
20213180972,Franklin County,Unit 2 was stopped for the vehicle in front of her; just South of Market St. on Reynoldsburg New Albany Rd Northbound. Unit 1 was North on Reynolsburg New Albany Rd; approaching Market St; and stated he was driving with his cell phone in his right hand and was looking at it for directions to Wendy's when he struck the rear of Unit 2. Unit 1 stated his cousin just bought the vehicle from the titled owner listed in the report; but could only provide a picture of an incomplete title.  He stated his cousin's info is: Jesus Leal; 9/7/1996; 2767 Dover Rd Columbus OH; 614-817-8439. The license plate attached to Unit 1 did not match the vehicle; the driver; the titled owner; or the alleged new owner.    
20213181554,Franklin County,"On Wednesday September 22; 2021 at 12:06 AM; Unit 2 was traveling east on E Main St driving through the intersection of S Grant Ave in the middle lane and with the green light.   The driver of Unit 2 stated that she never saw the car that hit her before the impact.  She remembers spinning around 180 degrees.  Unit 2 was hit in the back right passenger side of the vehicle causing disabling damage to the back right wheel.  Unit two ended up facing west in the far right lane of E Main St east of the intersection.  The driver of Unit 1 had been driving north on S Grant Ave and would have ran the red light in order to strike Unit 2.  Located at the intersection was the noticeable ""nose"" and front bumper of a Chevrolet Camero.  The color of the Unit 2 was a dark charcoal or black.  Looking around the area; the Donatos Pizza had a camera on the northeast corner of the building that might have recorded the camero as it continued north.  The McDonald's at that intersection has a camera on the northwest corner of their building.  CPD officers were not able to find any community cameras in the area that could identify the hit skip vehicle.  Unit 2 was towed for the owner and CFD medics arrived to evaluate the driver of Unit 2 but she said she was not aware of any noticeable injuries at that time."
20213183068,Franklin County,Driver of Unit #4 stated that everyone was northbound on S. James Rd; passing E. Main St; when Unit #1 pulled out from the BP gas station and shot across S. James Rd over to the Tim Horton's/Wendy's parking lot. Driver of Unit #4 stated that the vehicle in front of her; Unit #5 immediately stopped to avoid striking Unit #1. Driver of Unit #4 stated that she and everyone behind her slammed on their brakes to stop; however Unit #2 struck Unit #3; which was then pushed into Unit #4; which pushed her into Unit #5. Driver of Unit #4 stated that she was pushed into Unit #5's trailer; which did not do any damage to his trailer; so he left prior to police arrival. Driver of Unit #4 stated that she went across the street and spoke with the Driver of Unit #1 and told her that she needed to stay there for the police. Drivr of Unit #4 recorded on her phone her interaction with Driver of Unit #1; however Unit #1 left the scene. Driver of Unit #4 was able to obtain Unit #1's license plate; OH tag HZC2286; which registered back to an identical vehicle. Driver of Unit #3 stated that traffic came to a stop because Unit #1 pulled out in front of everyone; when she was rear ended by Unit #2. Driver of Unit #2 stated that traffic came to a stop due to Unit #1 pulling out in front of everyone. Driver of Unit #2 stated that he tried to stop; but rear ended Unit #3; which was then pushed into Unit #4
20213184041,Franklin County,Unit #1 was exiting the drive of Wendy's (4595 E. Main St) to turn north onto S. Hamilton Rd into the left turn lane.  Stopped n/b traffic had left room for unit #1 to exit to go through the stopped traffic.  As unit #1 attempted to turn right onto S. Hamilton Rd through the stopped traffic it collided with unit #2 which was already N/B on S. Hamilton Rd in the left turn only lane.
20213184797,Franklin County,On October 1; 2021; Officers were dispatched to a Hit-Skip Crash in the drive through line of the McDonalds located at 2091 E. Dublin Granville Rd. When Officers Arrived they spoke with the witness and the operator of unit #2. The operator of unit #2 stated that the operator of unit #1 struck her from behind while she was waiting to order her food. The Operator of unit #2 said that when she tried to get the insurance information from the operator of unit #1 he refused and fled the scene leaving his car in the drive through line. The operator of unit #2 did not have injuries and had minor damage to the bumper. The two occupants of unit #2 did not report injuries either. The operator of unit #2 took a video of the operator of unit #1. The operator of unit #1 was discribed as a white male wearing black shorts; grey shirt; grey ball cap and glasses. Officers circulated the area and found the operator of unit #1 shortly after in a parking lot near the scene. The Operator of unit #1 told Officers that he left his house to get food at McDonalds but could not tell officers how the crash in the drive through occurred. Unit #1 had front end damage from what appeared to be a previous crash but the operator of unit #1 was unable to tell Officers when or where it happened. The operator of unit #1 was issued a citation for Fail to control and Leaving the scene of an accident. 
20213190740,Franklin County,The driver of unit #2 stated he was driving westbound on E 5th Ave in the northern most lane approaching N 9th Ave. The driver of unit #2 stated a silver Honda Pilot bearing Ohio license plate #EDP3664; unit 1; was driving westbound on E 5th Ave in the lane to his left. The driver of unit #2 stated the driver of unit #1 sped up and cut him off in order to pull into the Wendys parking lot at 666 E 5th Ave. The driver of unit #2 stated that when the driver of unit #1 cut him off; unit 1 crashed into the front of unit 2. The driver of unit #2 stated he pulled into the parking lot of Wendys and attempted to exchange information with the driver of unit #1 when the driver of unit #1 sped off from the scene. The driver of unit #2 described the driver of unit #1 as a male wearing a black hat. The driver of unit #2 stated the windows of unit #1 were tinted and he was not able to get a good look at the driver. The driver of unit #2 provided a license plate of EDP3664; however he did not have a picture or video of this information and the license plate registration did not match the vehicle description provided. 
20213196046,Franklin County,South 17th St is a 1 way street southbound.  Driver of Unit 1 stated that she was stopped in traffic heading northbound on S 17th St approaching E Livingston Ave.  Drive of Unit 1 stated that Unit 2 came southbound on S 17th St; and sideswiped her vehicle.  Driver of Unit 2 stated that he was traveling westbound on E Livingston Ave; and turned his vehicle southbound onto S 17th St.  Driver of Unit 2 stated that Unit 1 was going the wrong way on S 17th st then swerved and struck him.  Witness 1 stated that she was in her vehicle; stopped in front of Unit 1; waiting to turn onto E Livingston Ave.  Witness 1 stated that Unit 2 turned southbound onto S 17th St from E Livingston Ave; and was traveling very fast; and it caused her concern.  Witness 1 stated that Unit 2 struck Unit 1.  The damage on the vehicles indicates that Unit 2 sideswiped Unit 1.  Given that both parties contributed to the accident; neither party was found to be at fault.  Driver of Unit 2 claimed to have injuried his knee in the minor accident; and was treated at scene by Columbus Fire prior to Police arrival.  Ronald Mcdonald House is located at the intersection and has the accident on camera.  Officer Parsons reviewed the camera footage; and it Confirmed Unit 1; and witness 1's statements.  It showed Unit 1; stopped in traffic and Unit 2 sideswiping Unit 1.
20213202678,Franklin County,On 10/22/2021 at approximately 3:35 PM; Officer A. McDonald #2811 and Officer E. Bateman #2578 wearing the uniform of the day and working CPD marked PTV 128 were dispatched to I-70 W/B at MM102 in response to an auto accident with injury. Upon arrival Officer McDonald spoke with a witness who was identified by his Ohio drivers license as Ty Fox. Mr. Fox stated that he was training the involved vehicles and witnessed unit #2 traveling at a high rate of speed. Mr. Fox stated that unit #2 lost control and as a result caused the accident. Officer Bateman spoke with the driver of unit #2 who was identified by his Ohio drivers license as Marcus Johnson. Mr. Johnson stated that he was struck by unit #1 which forced him to collide with unit #3; 4; and 5. Mr. Johnson was transported to Grant Hospital for treatment of injuries sustained in the accident. 
20213209808,Franklin County,Unit 1 was traveling north on S. Hamilton Rd near the intersection at Rocky Fork Blvd.  Unit 2 pulled out of the Burger King parking lot located at 269 S. Hamilton Rd and crossed S.Hamilton Rd; attempting to turn left.  Unit 2 failed to yield to traffic and was struck by unit 1; causing damage to both vehicles.  Witness observed the same as stated above.
20213211246,Franklin County,Driver of Unit 2 staed they were travelling eastbound on Clime Rd N just beyond the intersection of Sullivant Ave when Unit 1 faled to yield from a private driveway and struck the rear of Unit 2 as Unit 1 made a left turn. Driver of Unit 2 stated she did not see the driver becasue the windows were too dark. She staed Unit 1 turned into the McDonald's parking lot and the turned north onto Georgesvile  Rd. Unit 2 had disabling damage as a result of the collision and waited for a tow truck to remove her from the road. Unit 1's bumper was left at scene and Oficer Kaethow observed it belonged to a black Chevrolet. No other information was availble. 
20213213067,Franklin County,The accident occured in the Burger King drive thru at 1370 Harrisburg Pike Columbus; OHio (ST RT 62). On 10/30/2021 at approximately 1603 the driver of Unit #2 stated that she was stationary facing eastbound in the Burger King drive thru when Unit#1 rear ended her. The Driver of Unit#1 got out of the vehicle who was identified as a black male with face tattoos and told the driver of Unit#2 that there was no damage and that he was leaving. The driver of Unit#2 took a picture of Unit#1's rear plate and the driver of Unit#1 got out of his vehicle and told the driver of Unit#2 that he has a gun and that he will shoot her if she doesn't delete the picture. Unit#1 then fled the scene. Unit#1 was identified as a silver Dodge Durango with temporary tag N369406. Officers ran Unit#1 through LEADS and discovered the plate coming back to a different vehicle. Officers were not able to conduct follow up due to the insufficient amount of information regarding the at fault vehicle.. Both vehicles drove away from the scene and the passenger of Unit#2 was transported to Doctors West to be checked out do to pregnancy. 
20213218825,Franklin County,On 10/27/2021 at approximately 8:11 PM; Officer A. McDonald #2811 and Officer E. Bateman #2578 were dispatched to E. Livingston Ave. and Berkeley Rd. in response to an auto accident with injury. Upon arrival Officer McDonald spoke with unit #2 who was identified by his Ohio drivers license as Shamel Ramirez. Mr. Ramirez stated that he was traveling E/B on E. Livingston Ave. approaching Berkeley Rd. Mr. Ramirez stated that unit #1; Kevin Harris; was coming N/B on Berkeley Rd. and failed to stop at the stop sign resulting in the accident. Mr. Harris was transported to Grant Hospital for injuries sustained during the accident. 
20213219326,Franklin County,"Unit #2 stated she was in the drive through line for Wendy's located at 3090 E Main St when Unit #1 who was in front of Unit #2 backed up unexpectedly into Unit #2.  Unit #2 stated a black male approximately 5'6"" wearing a red delivery uniform exited Unit #1; inspected the damage of his car and then fled the scene. Unit #1 was described as a black Kia Optima bearing Ohio licnese plate GQR5645.  Unit #2 showed the officer a picture of the suspect vehicle with the license plate. Contact was made with the registered owner who stated Allen Young was in possession of the vehicle and can be reached at 614-772-2532. Officers attempted to call Mr. Young but the phone call was not answered."
20213220823,Franklin County,Unit #1 was pulling out of the parking lot at Wendys located at 1483 Olentangy River Rd.  Unit #1 was going east to turn left (North).  The driver of unit #1 stated that he pulled out and did not see unit #2. Unit #2 was South on Olentangy River Rd just South of King Ave.  Unit #2 struck unit #1 in the rear driver side.  The driver of unit #1 was issued a citation for failing to yield from a private drive.  The driver of unit #2 transported to OSU by CFD Medic 25 for a injured right wrist.  
20213228253,Franklin County,The Owner of Unit #4 called police to report that her vehicle was parked in front of 250 Chittenden Ave. east of Summit St.when unknown Unit #1 struck Unit #2 in the rear bumper which caused Unit #2 to move forward and strike Unit #3 which then moved forward and struck her vehicle; Unit #4. The Owner of Unit #4 had no vehicle/driver information for Unit #1 and stated she needed incident documented.  The Reporting Officer determined that unknown Unit #1 struck Unit #2 in rear bumper which caused a domino effect causing other units to move forward and strike unit in front of them.  All vehicles appeared to have minimal damage and there was no surveillance cameras available.  The Owners of Unit #2 and #3 were not at scene and were left and CPD incident card on windshiel stating accident was reported
20213229989,Franklin County,Unit #1 was traveling north on a private drive directly north of the Morse Rd and Easton Loop intersection.  Unit #1 ran off the right side of the private drive and struck a tree located on the Wendy's parking lot at 3906 Morse Rd.  When officers arrived; the driver had fled the scene and medics were also unable to locate the driver.  Officers impounded a black Toyota 4 Runner bearing Ohio tag GYM1822. Vehilce is registred to a business. 
20213236606,Franklin County,Unit #1 arrived in the drive thru line for McDonald's located at the northwest corner of E Broad St and N Napoleon Ave at approximately 2:30AM.  Unit #1 sat at the drive thru until approximately 3:40AM when Unit #1 begins to move forward and strikes a brick wall.  Unit #1 then flees the scene of the accident. The vehicle as described as a white four door sedan bearing Ohio license plate HAC5163.  This information was gathered from video from the restaurant's surveillance system and the license plate which was left behind when Unit #1 fled.
20213243354,Franklin County,Unit 1 and Unit 2 were southbound on Brice Rd. in the middle lane. The driver of Unit 2 was stopped; waiting to turn left into the Subway parking lot at 1898 Brice Rd. The driver of Unit 1 failed to maintain an assured clear distance ahead and struck the rear of Unit 2.
20213244452,Franklin County,Unit 1 and Unit 2 were southbound on N. Hamilton Road in front of 95 N. Hamilton Road (Chipotle) in lane 2. Unit 1 had to stop for traffic backing up from Granville St. Unit 2 tried to change lanes to pass Unit 1 and the right front corner of Unit 2 struck the left rear corner of Unit 1.
20213246557,Franklin County,On 12-11-2021 at approximately 0334 hours;Unit one was traveling from east to west on Stringtown Rd; Grove City OH 43123. Unit one failed to control; went off road onto a curb near 2408 Stringtown Rd; Grove City; OH 43123 and struck a light pole. Unit one continued west and struck another pole (Taco Bell sign) and came to a stop. 
20213247289,Franklin County,The driver of Unit#2 stated she was at the drive thru at the McDonald's located at 2091 E Dublin Granville Rd when Unit #1 drove up behind her vehicle and side swiped the right side of her vehicle.  The driver of Unit#2 stated she exited her vehicle to exchange information and the driver of Unit#1 and that's when the driver of Unit#1 told her he didn't speak English.  The driver of Unit#2 stated Unit#1 left the scene without exchanging info.  Before Unit#1 left the scene the driver of Unit#2 was able to take a blurry picture of Unit#1 license plate.  Unit #1 is described as red Scion with heavy front end damage unrelated to the orginal cash with the Ohio plate JMU5923.
20213249489,Franklin County,Unit #2 was eastbound on E 5th Ave; slowed to turn north into the KFC parking lot at 666 E 5th Ave.  Unit #1 was westbound on E 5th Ave in the right hand lane and struck Unit #2 as it was turning.  The driver of Unit #1 fled the scene; but an occupant remained at scene due to a minor injury.  The driver of Unit #2 said it was clear when he started to turn and all of a sudden Unit #1 came from the east at a high rate of speed; approximately 70mph and struck Unit #2.  The column was peeled on Unit #1 which officers believe the vehicle was a stolen rental car.  The occupant of Unit #1 said he did not know who the driver of Unit #1 was because the driver of Unit #1 was a friend of a friend and had just picked up the occupant right before the crash.  The occupant of Unit #1 was transported to Children's Hospital for a possible left hip injury.  The driver of Unit #2 was advised he would not be cited due to his story and the amount of damage on both vehicles was clear that Unit #1 was traveling well above the speed limit.  Both vehicles were towed to the CPD impound lot for safekeeping.  A Suspected Stolen Vehicle report was completed for Unit #1 due to the column being peeled and officers belief that it was a stolen rental car.  
20213250859,Franklin County,Unit #2 was traveling southbound on Olentangy River Rd just south of King Ave. Unit #1 was driving on a private lot. Unit #2 stated Unit #1 pulled out from a private drive in front of his vehicle and he hit him. Unit #2 reported no inury. Unit #1 stated he pulled out from the wendys parking lot and was struck by Unit #2. Unit #1 was cited for Failure to Yield from Private Drive. Unit #1 reported no injury. 
20213252304,Franklin County,There was non injury hit-skip traffic accident in the drive-thru of the McDonald's drive thru located at 5140 Renner Rd. The driver of Unit 2 stated Unit 1 struck the rear end of Unit 2; and then the driver of Unit 2 confronted the driver of Unit 1. The driver of Unit 2 stated the driver of Unit 1 acted as if she was going to exchange information; but then left the scene of the accident heading westbound on Renner Rd. The driver of Unit 2 stated Unit 1 was a Honda Accord with OH license plate FRZ2087. Unit 2 sustained minor damage. Responding officer went to 5912 Westbank Dr. where the given license plate registration returned to; and there was a Honda Accord with the same license plate in the driveway with minor front end damage. Responding officer made contact with a resident of the house who stated she drove a different vehicle; and that her step daughter sometimes drives the suspected vehicle. This same resident was unable to locate her step daughter while responding officer was on scene.
20213263427,Franklin County,Driver of Unit # 1 stated he was physically attacked while behind Taco Bell at 1557 W. Broad St. when he got into Unit #1 and attempted to drive away. Driver of Unit #1 stated that he then went off of the roadway and struck an AEP electrical box behind 1557 W. Broad St. Driver of Unit #1 stated he then hit a tree in the back parking lot of 1557 W. Broad St. Based off of officers' observations and investigation at scene; driver of Unit #1 was placed under arrest for OVI. Unit #1 was impounded to 2700 Impound Lot Rd. by Eitels. 
20213264649,Franklin County,Officers arrived on scene and spoke with the passenger of Unit #1 who stated they were exiting Wendy's parking making a left hand turn when they were struck by Unit #2 on the driver side. Unit #2  stated he was traveling westbound on Dublin Rd when Unit #1 turned in front of him exiting the Wendy's parking lot causing his to strike the drivers side of Unit #1. CFD Medic 25 responded to extract the driver of Unit #1; and transported the driver of Unit #1 to OSU Medical Hospital for minor injuries.  Officers followed up with the driver of Unit #1 at OSU  hospital who was being seen for  back pain by Dr. Khandelwal. The driver of Unit #1 stated he was waived out on to Dublin Rd  by a car in the first lane and as he was exiting; he was struck on the drivers side by a vehicle as he entered the second lane. Unit #1's vehicle was impounded for safe keeping. Unit #2 was driven away from scene by the owner. The driver of Unit #1 was issued a citation for right of way when turning left. 
20214059446,Franklin County,UNIT 1 WAS TRAVELING FROM WEST TO EAST IN THE 2400 BLOCK OF STRINGTOWN RD. UNIT 1 FAILED TO CONTROL HIS VEHICLE BY RUNNING OFF THE LEFT SIDE OF THE ROADWAY; STRIKING THE CURB; DOWN A GRASS EMBANKMENT AND INTO THE PARKING LOT OF TACO BELL.
20214153745,Franklin County,UNIT #1 WAS TRAVELING N/B ON MAIN ST APPROACHING SCIOTO DARBY RD. UNIT #2 WAS TURNING LEFT FROM A PRIVATE DRIVE (MCDONALD'S) TO TRAVEL NORTH ON MAIN ST. UNIT #2 STRUCK UNIT #1 WHILE MAKING THE TURN AND LEFT THE SCENE.
20214172355,Franklin County,UNIT 1 WAS TRAVELING EAST ON PERIMETER LOOP ROAD JUST EAST OF AVERY-MUIRFIELD DRIVE. UNIT 2 WAS WESTBOUND ON PERIMETER LOOP ROAD. UNIT 1 TURNED LEFT TOWARDS CHASE/MCDONALDS ACCESS ROAD AND STRUCK UNIT 2 IN THE LEFT FRONT BUMPER WITH HIS RIGHT FRONT BUMPER.
20214198893,Franklin County,U 1 WAS FACING AND TRAVELING FROM N TO S WHILE EXITING THE WENDYS RESTAURANT ATTEMPTING TO TURN EAST ONTO STRINGTOWN RD. U2 WAS FACING AND TRAVELING FROM E TO W IN THE CENTER TURN LANE. U 1 FAILED TO YIELD ON A LEFT TURN AND STRUCK ITS CENTER FRONT INTO U2S R/FRONT CAUSING PDO.
20214267413,Franklin County,UNIT #2 (JONES) WAS WESTBOUND ON E SCHROCK RD; IN THE CURB LANE; AND HAD HER RIGHT TURN SIGNAL ON; TO TURN INTO TACO BELL ENTRANCE. UNIT #1 (GITONGA) WAS STOPPED; AND WAITING TO EXIT THE WESTERVILLE SQUARE; WHEN SHE SAW UNIT #2 WITH HER RIGHT TURN SIGNAL ON. THINKING THAT UNIT #2 WAS GOING TO TURN INTO THE ENTRANCE THAT UNIT #1 WAS EXITING; UNIT #1 BEGAN TO PULL ONTO E SCHROK RD. WHEN SHE DID; THE RIGHT FRONT OF UNIT #2; STRUCK THE LEFT FRONT OF UNIT #1.
20216024907,Franklin County,Unit #1 was exiting the parking lot of Wendy's located at 3040 Northwest Blvd by making a left turn to travel south on Northwest Blvd. Unit #2 was traveling south on Northwest Blvd approaching the intersection of Northwest Blvd and Zollinger Rd. Unit #2 slowed down in speed to make a left turn to travel east on Zollinger Rd. Unit #1 failed to yield while exiting the parking lot striking Unit #2 at the rear driver side tire area.
20223002525,Franklin County,Driver of Unit 1 reported he was at 3055 Sulliant Ave (Wendys) in the parking lot when the accident occurred. Driver of Unit 1 reported he was waiting in the drive thru when he went unconscious. Witness reported being behind Unit 1 in the drive thru when the accident occurred. Witness reported Unit 1 slowly rolled into Unit 2 which was parking in the parking lot. Driver of Unit 1 was transported by Columbus Fire Medic 12 to Mount Carmel Franklinton in stable condition of an overdose. Driver  of Unit 1 was cited for OVI and Failure to Control. Unit 1 was towed from scene by Protow. 
20223005258,Franklin County,Driver of Unit 2 stated he was making a left turn onto Brice Rd from the side road connected to a parking lot on the west side of Brice; across from Arby's; attempting to head north on Brice. Driver of Unit 2 stated he had more than enough time and space when he initiated his turn; until Unit 1 continued south on Brice at an accelerated speed driving erratically; and crashed t-bone into unit 2 striking the drivers side. Driver of unit 2 stated driver of unit 1 exited his vehicle without acknowledging him; and proceeded to remove a bag from the trunk of unit 1; and fled the scene east towards Arby's where he was seen on a phone. No injuries were reported; both units sustained disabling damage blocking the left lane of SB Brice. Driver of unit 2 used his insurance to tow his vehicle; reporting officer had unit 1 impounded by Protow. Reporting officer conducted follow up with the registered owners of unit 1; who had called police to report unit 1 stolen at 3:15pm same date; at their residence. Registered owners denied driving the vehicle at the time of the crash and stated they were both at home at the time. That report is separate but connected to this incident #########.
20223006715,Franklin County,The drivers of Unit's 3 and 2 were traveling north on Harrisburg Pike. The two vehicles were stopped at a red light with the intersection of a private driveway to Burger King. The driver of Unit 1 was traveling north on Harrisburg Pike the same direction as the other two units. The driver of Unit 1 failed to stop in time and struck the rear end of Unit 2. The impact caused Unit 2 to slide into the rear of Unit 3. CFD medic 2 responded to scene. The driver of Unit 1 was found to be intoxicated. The medics transported the driver to Grant Hospital. The driver and passenger of Unit 2 complained of head and neck soreness but received no treatment. Unit 1 was impounded and seized at the CPD Impound lot. The driver of Unit 1 was cited for ACDA; OVI and OVI - Refusal. 
20223007619,Franklin County,The driver of unit #2 stated to officers that she was stopped in the drive thru line of KFC  3663 S HIGH ST. The driver of unit #2 stated that she was struck in the rear of her vehicle by unit #1. Unit #2's vehicle consisted of minimal damage. The driver of unit #1 stated to officers that she did not recall what had occurred. The passenger in unit #1 stated to officers that her mother struck unit #2 in the rear of her vehicle. Unit #1's vehicle also consisted of minimal damage. The driver of unit #1 was transported to Ohio Health Grove City in stable condition by CFD Medic 22. The driver of unit #1 complained of high blood pressure. Officers released unit #2's vehicle to the owner and released unit #1's vehicle to the husband of the driver of unit #1. Officers conducted a follow up at Ohio Health Grove City. 
20223009625,Franklin County,Unit #1 was traveling northbound on International Gateway (West) in the third lane . Unit #2 was also traveling northbound on International Gateway (west)  in the second lane. Unit #1 attempted to make a left turn into McDonald's striking unit #2's right back side panel.
20223017802,Franklin County,On 2/2/2022 at approximately 4:27 PM; Officer A. McDonald #2811 and Officer E. Bateman #2578; wearing the uniform of the day and working CPD marked cruiser 121 were dispatched to E. Main St. and S. Nelson Rd. in response to a auto accident with property damage. According to the driver of unit #1; Thomas Shultheis; he was traveling S/B on S. Nelson Rd. approaching E. Main St. Mr. Shultheis stated that he turned E/B into N/B traffic resulting in the accident. Officers spoke to the driver of unit #2; Charles Cooke. Mr. Cooke stated that he was traveling N/B on S. Nelson Rd. approaching E. Main St. Mr. Cooke stated that the driver of unit #1 failed to yield making a left hand turn resulting in the accident. Mr. Shultheis was cited for fail to yeild from a left hand turn. 
20223018939,Franklin County,"Unit 1 was traveling west on Dover Rd approaching Berwick Blvd. Unit 1 continued passed Berwick Blvd approaching McDonald's driveway. Unit 1 turned north into McDonald's parking lot. Unit 2 was stopped in traffic at the entry/exit way of McDonald's driveway at Dover Rd waiting for traffic to be clear to turn East onto Dover Rd. As Unit 2 was waiting and while Unit 1 was turning into the McDonald's driveway. Unit 1 lost control of their vehicle and slid into Unit 2. The Driver of Unit 1 said that the vehicle was registered to her boyfriend and that she had to go and get him from his Barber Shop down the road and then she would come back to exchange information. Unit 1 left he scene and never returned. No Injuries were reported. The Driver of Unit 2 described the driver of Unit 1 as a female black; approximately 28-38 years old; 5'8"" weighing about 160 pounds; with brown eyes and brown braided hair. The driver of Unit 2 took a picture of the vehicle and tag of Unit 1. The tag on that vehicle was JGR2327 and the vehicle was an older model Cadillac sedan; Beige in color. The tag does not register back to the described vehicle. Pickerington Police conducted follow-up at 248 Colony Park Dr Pickerington OH; and spoke with Ms. Keisha Hargrow who said that Mr. Hargrow does not own a Cadillac sedan vehicle. Ms. Hargrow gave a contact number of 614-316-2600."
20223024456,Franklin County,Unit #1 was entering the McDonalds parking lot and driving around the front of the store. The driver of Unit #1 drove around to south side of the store traveling EB when it struck Unit #2 which was parked legally in a parking space and unoccupied. No injuries were reported. The driver of Unit #1 was treated at scene by CFD Medic 27 with no transport. The driver of Unit #1 arrested for OVI and Failure to Control. 
20223026315,Franklin County,Unit 1 and Unit 2 were traveling eastbound approaching E Main St and Briarcliff Rd; both in the inside lane. Unit 1 was behind Unit 2.  Unit  2 turned right; into the Arby's located on the southwest corner of E Main St and Briarcliff Rd. During this; Unit 1 attempted to change lanes into the outside lane; to go around Unit 2; but struck Unit 2 on the rear left side in the process.
20223030614,Franklin County,Unit #2 stated that they were parked in the McDonalds lot located at 1455 N. Cassady Ave when they heard gun shots being fired. Unit #2 then fled the parking lot and had a green light at Airport Dr and N. Cassady Ave when Unit #1 failed to stop at the red light; colliding with Unit #2. Unit #1 sustained heavy damage and fled the scene in an unknown direction. This crash is related to CPD Inicident# #########. 
20223035880,Franklin County,Unit 2 was traveling on I 70 W near the ramp for I-70W towards Hilliard Rome Rd exit when Unit 2 was rear-ended by Unit 1 on the highway. Driver of Unit 2 exited the highway and came to a resting stop at the parking lot of Shell Gas Station located at 1500 Hilliard Rome Rd.  Driver of Unit 1 came to a resting stop at the McDonalds located at 5410 Hilliard Rome Rd. Unit 2 sustained disabling damage to the rear of the vehicle whereas Unit 1 sustained functional damage to the front of the vehicle. Neither driver was injured. Driver of Unit 1 was cited for ACDA (2133.03A) and driver of Unit 2 was cited for No Operator's License (2141.12A1). Unit 2 was then impounded by Longs Towing. Officers utilized language line for Spanish Interpreter # 384202 to communicate with driver of Unit 2. 
20223039846,Franklin County,"On 1-26-22 at about 1235pm; unit 2 was going south; leaving the parking lot at (Subway) 2455 Schrock Rd. Unit 1 was driving eastbound in the parking lot on the left side of the drive and struck unit 2. Unit 2 asked unit 1 for their insurance information and unit 1 replied ""no papers"". As unit 2 was taking pictures of the damage and of unit 1; unit 1 got back in their car; backed up and left the scene onto Schrock Rd. Unit 2 showed officer a picture of the tag on unit 1 (Oh tag JOJ8167) on a maroon Hyundai Elantra and a picture of the driver.Unit 1 had extensive front end damage. Unit 2 was given an accident report number for his insurance company;"
20223040983,Franklin County,Unit 1 was traveling S/B on a service road/parking lot next to the Taco Bell located at 1339 Harrisburg Pike.  Unit 2 had just turned into the entrance of parking lot/service road from Harrisburg Pike and was headed W/B.  Unit 1 failed to stop for the stop sign and was making a left hand turn when Unit 2 struck Unit 1.  Witness who called in the accident stated that she observed Unit 1 run the stop sign and turn out in front of Unit 2 causing the accident.  No injuries were reported from the accident by all parties involved.  Both Unit 1 and Unit 2 had disabling damage and were towed from scene for the owner.  Due to accident occurring on Private Property and no injury occurring no citations were issued; but Unit1 driver was advised he was the at fault driver.  Unit 1 driver stated that he had tried to do a U turn and that Unit 2 was behind him and hit him.  Due to independent witness's statement and how vehicles looked from damage R/O went off of the statement given by witness.  
20223041337,Franklin County,Driver of Unit #3 stated she was stopped in the left lane of the westbound lanes of E. Livingston Ave attempting to make a left turn into the McDonald's parking lot.  She was then struck in the rear of her vehcile by Unit #2.  Driver of Unit #2 stated he was stopped in the same lane  behind of Unit #3; he was struck in the rear of his vehicle by Unit #1.  Unit #1 fled the scene.  The witness stated he was in the right westbound lane of E. Livingston Ave. traveling westbound.  Witness stated he saw a vehicle strike Unit #2 causing Unit #2 to strike Unit #3; he could not give a description of Unit #1; but stated it continued westbound on E. Livingston Ave.  Both Unit #2 and #3 were driven on to S. Kellner Rd; Unit #3 was able to drive home; Unit #2 parked and called a tow truck.
20223044905,Franklin County,Driver of Unit 2 reported she was stopped in the drive thru at McDonald's (1524 Georgesville Rd) when the accident occurred. Driver of Unit 2 reported that Unit 1 rear-ended her. Driver of Unit 2 reported Driver of Unit 1 told her he would pull over when they got through the line; instead Unit 1 drove off. Driver of Unit 2 reported Unit 1 was Black Kia with Connecticut Tag AU74912. Driver of Unit 2 reported Driver of Unit 1 was a younger looking male black. Reporting Officer responded to a report of a stolen vehicle in the area of the accident as well; the stolen vehicle was reported as a Grey Kia Optima with Connecticut Tag AU74912 (Report #: #########).
20223045794,Franklin County,"Unit #1 was the Hit-Skip unit and was in the Taco Bell drive-thru (4517 Kenny Rd) facing east in front of Unit #2.  Unit #2 was in the Taco Bell drive-thru facing east behind Unit #1.  The driver of Unit #1 was not at the scene.  The driver of Unit #2 stated that Unit #2 was stopped in the drive-thru when Unit #1 backed into Unit #2; and then fled the scene.  The front right seat passenger of Unit #2 confirmed the statement of the driver of Unit #2.  While speaking with the the occupants of Unit #2; Unit #1 passed by and both occupants yelled ""that''s the car!""  Responding Officer was able to locate Unit #1 and speak with the driver.  The driver of Unit #1 stated his vehicle was in reverse when his foot accidentally came off the brake causing Unit #1 to coast backwards into Unit #2.  The driver of Unit #1 further stated that he left the scene without providing information because he had a temporary driver's license and was not supposed to be driving and believed he would get in trouble.  Unit #1 sustained minor damage to the 6 o'clock position where it struck and caused minor damage to the 12 o'clock position of Unit #2.  There were no reported injuries.  The driver of Unit #1 (minor) was cited (CPD005208) for Hit-Skip 2135.12(A) and Temp Permit Violation 2141.02(A) and will be awaiting assignment of court date and location."
20223048055,Franklin County,Unit 2 was waiting in the drive through at McDonald's located at 1020 Alum Creek Drive when Unit 1 struck Unit 2 on the driver's side rear door causing minor damage. The driver of Unit 2 stated that he attempted to gather insurance information from the driver of Unit 1 who stated they did not have insurance. The driver of Unit 2 stated that he told the driver of Unit 1 that he was going to contact police to make a report and at that time Unit 1 fled the scene going north on Alum Creek Drive and then east on Livingston Avenue. The driver of Unit 2 was able to take a picture of the temporary tag that was affixed to the inside of the rear window in the upper left corner.The staff at McDonald's stated to the driver of Unit 1 that they have cameras in the drive through however a day manager would have to access them. The driver of Unit 2 was given an Incident Card with the report number and instructed on how to obtain the report.
20223054870,Franklin County,The driver of Unit #2 stated she was leaving the McDonald's located close to the intersection at Alum Creek Dr and E. Livingston Ave trying to exit the parking lot heading west bound to turn onto Alum Creek Dr.  The Driver of Unit #2 stated as she was leaving the parking lot and heading onto Alum Creek Dr the Driver of Unit #1 was speeding and heading north bound on Alum Creek Dr just before the intersection at E Livingston Ave.  The Driver of Unit #2 was then hit by the Driver of Unit #1.  The Driver of Unit #1 fled the scene after the accident heading north bound on Alum Creek Dr. and turned east bound on E. Livingston Ave.  The Driver of Unit #2 was not able to get a license plate for the Driver of Unit #1.  The Driver of Unit #2 was treated at scene by CFD Medics and released.  The Driver of Unit #2's vehicle received disabling damage and was towed away from the scene by the tow truck company listed.  Since the Driver of Unit #1 fled the scene no citations was given as a result of the accident. 
20223057259,Franklin County,Unit #2 was traveling S/B on N Cassady Rd in the right lane north of the entrance ramp for IR 670.  Unit #1 was traveling N/B on N Cassady Rd.  Unit #1 made a left turn into the parking lot of McDonalds located at 1455 N Cassady in front of Unit #2.  Unit #2 was unable to avoid and struck Unit #1.  
20223059341,Franklin County,Driver of Unit 2 was headed S/B on N. Cassady Ave in the right lane. Driver of Unit 1 was headed S/B on N. Cassady Ave in the left lane (turning lane). Driver of Unit 2 stated that he was ubering and headed S/B on N. Cassady Ave and Driver of Unit 1 got over into the right lane. The Uber passenger (Witness) stated the same thing Driver of Unit 2 stated. Driver of Unit 2 stated that after the cars collided; both drivers pulled their vehicles into the McDonalds parking lot. The Driver of Unit 2 stated that when he took a picture of Unit 1's license plate; driver of Unit 1 drove off. Driver of Unit 2 stated that Unit 1 driver was a young MB. Unit 2 had damage to the driver side door along with red paint transfer.Neither the Driver of Unit 2 or Witness needed medical attention. Officer viewed the picture from phone to receive the license plate. The plate came back to a 2018 Red Lincoln OH tag JDL3998. Officer went to the address of the registered plate and Unit 2 was not at the scene. 
20223064471,Franklin County,The driver of Unit Two stated he was in the left turn lane on Blazer Parkway at the intersection of Tuttle Crossing Blvd.  The driver of Unit Two stated as he turned left onto Westbound Tuttle Crossing Blvd. Unit One; who was next to him in the lane to go straight through the intersection; merged into his lane and struck the passenger rear of his vehicle.  The driver of Unit Two stated he stopped his vehicle in the intersection and himself and the driver of Unit One both got out to look at the damage.  The driver of Unit Two stated he told the driver of Unit One to pull into Chipotle but he would not do so.  The driver of Unit Two stated he took a picture of te license plate of Unit One and told the driver to follow him so they could get out of the intersection.  The driver of Unit Two stated he got onto Interstate 270 Eastbound and somewhere on 270 Unit One stopped following him so he never got his information.  Reporting Officer made contact with the driver of Unit One at his registered address. The driver of Unit One stated he was on Blazer Parkway in the lane to go straight across Tuttle Crossing Blvd. when he decided to go left so he put his turn signal on and got over but when merging over he struck Unit Two.  The driver of Unit One stated he and Unit Two both stopped in the intersection but they were getting yelled at by passing cars for stopping in the interseciton.  
20223069235,Franklin County,Unit #2 was traveling from East to West in the left straight lane on Stringtown Rd. Unit #1 was exiting the Wendy's drive thru lane onto Stringtown Rd. turning left; from North to East. Unit #1 failed to yield the right of way when exiting from the private drive and struck Unit #2 in the right rear. Unit#1 was cited for Fail to Yield from a Private Drive.
20223072085,Franklin County,The operator of Unit 2 stated that he was traveling eastbound into the parking lot of McDonalds coming from N. High St. The operator of Unit 2 stated that after he pulled into the parking lot Unit 1 driven by a male white early to mid 20s was backing up southbound  from a parking spot on the northern area of the parking lot and struck Unit 2 on the rear driver's side. The operator of Unit 2 stated that as he got out of his vehicle after the collision Unit 1 fled the scene of the crash northbound on N. High St. No injuries were reported. Unit 2 stated that Unit 1 was bearing OH Tag JOB4283. The operator of Unit 2 gave the tag and the decription of Unit 1; and upon follow up the reporting officer was unable to make contact with anyone and did not see the listed vehicle.
20223072415,Franklin County,Owner of Unit 2 stated on 4/23/22 she was a passenger in Unit 2 while it was in the drive-thru of Wendy's at 739 Bethel Rd.  She stated Unit 1 was behind them in the line when the driver of Unit 1 attempted to pull out of line.  Unit 1 struck Unit 2 in the right rear bumper area with the left front of Unit 1; causing minor damage.  Unit 1 stopped momentarily; but then proceeded to leave the scene.  Owner of Unit 2 was able to take a photo of Unit 1's license plate and give a description of Unit 1.  Per the photo produced; Unit 1's OH tag was JSU3423.  LEADS showed that tag coming back to a vehicle that matches the vehicle in the photo.  
20223073333,Franklin County,The driver of Unit #2 stated she was facing south in the drive thru of McDonalds and was sideswiped on her passenger side by Unit #1. The driver of Unit #2 stated she honked at the driver of Unit #1 who appeared to be looking in her mirror and laughing. The driver of Unit #2 stated it appeared the driver of Unit #1 was being chased but was unsure. The driver of Unit #2 did not report injuries and Unit #2 was driven away from the scene. The driver of Unit #2 took a picture of Unit#1 which was a Honda Odyssey and provided a license plate of HUP9869. Follow up was not conducted due to the location being off precinct. 
20223073400,Franklin County,"On the listed date and at the listed time and location the unit 1 vehicle was travelling North on High St and passed his destination. Unit 1 driver stated his GPS advised him to complete a ""U"" turn. Unit 1 driver stated he turned East onto Colton Rd and then attempted to South into the Burger king parking lot. Unit 1 driver stated as he was attempting to turn into the lot; he struck a light pole and knocked it over. After speaking with responding Officer the Unit 1 driver backed the unit 1 vehicle back onto the roadway and left the scene. "
20223074471,Franklin County,On 4/28/2022 at approximately 6:22 PM; Officer A. McDonald #2811 wearing the uniform of the day and working CPD marked cruiser 121 was dispatched to 1283 E. Fulton St. in response to an auto accident hit skip with injury. According to the caller; who was later identified by her Ohio drivers license as Debra Dukes; she was struck on the freeway and the at fault driver fled the scene. CFD medic 815 arrived prior to officers arrival and treated the victims at scene. Ms. Dukes advised Officer McDonald that she was slowing in traffic on the freeway. Ms. Dukes stated that the driver of unit #2 struck the rear of her vehicle. Ms. Dukes stated that the driver of unit #2 got out of his vehilce and ask Ms. Dukes if she was okay. Ms. Dukes stated that when she responded that she was injured; the driver of unit #2 fled the scene. Ms. Dukes described the driver as a male black approximately fifty to sixty years old. Ms. Dukes stated that she was unable to get a license plate for unit #2. Ms. Dukes was issued a incident report and advised to contact her insurance company. 
20223074715,Franklin County,Unit 1 and Unit 2 were driving southbound on SR 256; near 1885 SR 256 (Burger King).  Unit 1 was driving in the right lane; and Unit 2 was driving in the left lane.    The driver of Unit 1 stated Unit 2 drove into their lane; causing a side swipe crash.  The driver of Unit 2 stated Unit 1 drove into their lane; causing a side swipe crash.  There were no witnesses to this accident; and no cameras in this area.  I was unable to determine who was at fault.
20223079568,Franklin County,Unit #2 was leaving the lot of Dire Dawa Grocery (4517 E. Main St) to turn left onto E. Main St.  Vehicles in the E/B through lane and curb lane stopped to let Unit #2 out.  Unit #2 turned into the center turn lane after passing through the stopped traffic and struck unit #1 that was E/B on E. Main St in the center turn lane attempting to turn into the lot of Arby's 4484 E. Main St.  Unit #1 and Unit #2 collided in the center turn lane.
20223079963,Franklin County,Due to a lack of evidence at scene; Unit 1 was in the parking lot of the Taco Bell at 6970 E Broad St when it either drove forward or backed into the front entryway at a high rate of speed.  Unit 1 then drove off n/b out of the parking lot.  One employee of the Taco Bell said it appeared there was a male driving the vehicle but could not provide a description.  The employee said that Unit 1 appeared to be a brown Buick LeSabre.  There were no cameras in the parking lot to caputre the license plate of Unit 1 and none of the employees were able to see the license plate before Unit 1 left the area.  CFD Engine 5 responded to the scene and secured the doorway and verified its structural integrity.  There were no reported injuries.
20223082708,Franklin County,On the above date and time Unit # 2 was operating North bound on S. Hamilton Rd.  Unit # 3 was operating South bound on S. Hamilton Rd.  Unit # 1 was exiting from the no name McDonalds private drive and wanting to turn left or South bound.  Unit # 1 failed to yield to Unit # 2 and the first crash or impact occurred.  Unit # 2 was then moved into the South bound lanes of S. Hamilton Rd. and struck Unit # 3.  At the first impact Unit # 2  had no control when momentum caused his vehicle to strike Unit # 3.  Unit # 3 was struck with such force that Unit # 3 was pushed off the road and down into a ditch on the West side of S. Hamilton Rd.  Driver of Unit # 1 stated that he did look both ways.  Unit # 1 stated that there was a vehicle turning into the McDonalds drive from South bound S. Hamilton Rd. that blocked his view from seeing Unit # 2.  The driver of Unit# 1 pulled out of the private drive and failed to yield to Unit # 2 causing the chain of events and the crash.  Unit # 1 was issued a citation for failure to yield from a private drive.  
20223083065,Franklin County,Unit 1 was traveling South on James Rd towards E Main St. Driver of Unit 1 stated she was merging into the left turn lane to go East on E Main St when Unit 1 pulled out in front of her from the Wendy's parking lot on the West side of S James Rd. Driver of Unit 1 stated he was pulling out of Wendy's onto S James Rd. Driver of Unit 1 stated Southbound traffic stopped for him to pull out; when Unit 2 went around the stopped vehicles and struck him in the Eastbound turn lane of S James Rd. Driver of Unit 2 was transported in stable condition by CFD Medic 23 to Mt. Carmel East ER to be treated for minor injuries. Driver of Unit 2 was cited for driving under suspension and Unit 2 was impounded to the CPD Impound Lot by ProTow. Driver of Unit 1 was cited for failure to yield. 
20223083163,Franklin County,On 5-9-22; the driver of Unit #2 stated that he was stopped in the drive through at McDonald's facing northbound.  Unit #1 was stopped in the drive through in front of Unit #2 and backed into Unit #2.  The driver of Unit #2 spoke with the driver of Unit #1; who he described as a male; black wearing a red suit and red shoes.  When the driver of Unit #2 attempted to exchange information; the driver of Unit #1 got in the vehicle and left eastbound on W. Mound St. The passenger of Unit #2 took photographs of Unit #1.  The reporting officer observed that Vehicle #1 was a dark grey Chevrolet Malibu with a license plate in the bottom rear windshield which was partially readable.  The reporting officer spoke with staff at the McDonald's who stated that video footage would be available during normal business hours; and that Unit #1 picked up their order before leaving.  The staff also stated that they believed the driver of Unit #1 lived in South Park Apartments. The reporting officer located Unit #1 parked unoccupied in front of 790 Canonby Pl in Southpark apartments; unoccupied; with fresh damage on the rear passenger side bumper.  The vehicle was left at scene and not impounded due to division policy. 
20223088937,Franklin County,The Driver of Unit #2 stated she was traveling West down Morse Road when Unit #1; who was also traveling West on Morse Road behind her; rear-endered her while she was stopped at the light at Sunbury Road. Both Units pulled into the UDF on Sunbury Road (4775 SUNBURY RD).  The driver of Unit #2 stated she made contact with the driver of Unit #1; and was able to write down the license plate number of the white Chevrolet Impala (Ohio tag JEH3895). The driver of Unit #2 stated she tried to exchange information with the driver of Unit #1; but D#1 fled the scene. The driver of Unit #2 gave officers a physical description of the driver of Unit #1; stating she was light skinned; in her 20s; and was wearing a Wendy's tee shirt. The driver of Unit #2 stated she had two black males in the car with her as well. Officer's checked the camera at the UDF and were able to verify the female was the driver. Officer's did a follow up at the nearest Wendy's but did not located the vehicle or D#1. Officers also followed up at the listed residence of where Unit #1 was registered to; but nobody was home and the vehicle was not there.
20223090187,Franklin County,The driver of unit 2 was southbound on Lockbourne Rd.; just north of Koebel Ave.; when unit 1; failed to yield from the McDonald's entrance and struck unit 2.  The driver of unit 2 had no information for unit 1; other than it was a gray/silver SUV.  No injuries were reported and unit 2 was able to be driven from scene.  Officers checked the area for unit 1 but did not have much information; and therefore; did not locate unit 1.
20223091841,Franklin County,On 3/2/2022 Officers were dispatched to 3275 Refugee Rd. on reports of an injury auto accident  that occurred in the Burger King parking lot between two vehicles. Unit 2 stated she was having chest pains. Columbus Fire Department Medic #4 responded and treated on scene. Unit 2 stated that she pulled up behind Unit 1 who was sitting in the drive; facing North; as if he was getting ready to exit onto Refugee rd. when Unit1 put their vehicle in reverse and began to back their vehicle; backing into into Unit 1. Unit 1 stated he was attempting to back up his vehicle and did not see Unit 2. Both Unit 1 and Unit 2 were driveable and did not require a tow. 
20223102193,Franklin County,Unit #1 was traveling northbound on International Gateway in the second lane . Unit #2 was also traveling northbound on International Gateway in the first lane. Unit #1 made a left turn from the second lane into the McDonald's parking lot. This action caused Unit #2 to strick Unit #1  in the left rear corner panel.
20223104060,Franklin County,The Driver of Unit #2 stated he got into an alteration with the Driver of Unit #1 while ordering food in Subway (2832 Stelzer Rd). The Driver of Unit #2 stated he left the store and walked to Unit #2; which was parked nearby in the parking lot. The Driver of Unit #2 stated he saw Unit #1 driving towards him and he stood inbetween two vehicles; conerned that the Driver of Unit #1 may try to strike him. The Driver of Unit #2 stated he got into Unit #2 and pulled in front of the Subway.  While still seated in the vehicle; the Driver of Unit #2 stated Unit #1 struck Unit #2 and then left the scene; traveling southbound on Stelzer Rd. A cell phone picture of a white Honda Civic with OH Tag# JGL9391 was shown to the reporting Officer; and the Officer was told that it was Unit #1. Officers followed up to the address listed for that vehicle (2446 Adonai Blvd); but did not find Unit #1; and recieved no answer at the address when they attempted to make contact.
20223105239,Franklin County,Unit 1 was driving northbound on private property; at 6323 E Main Street (McDonalds).  Unit 2 was driving westbound on E Main Street; in the left lane.  Unit 1 made a left turn (westbound) onto E Main Street.  When Unit 1 made this left turn; they failed to yield to Unit 2; causing a crash.
20223107749,Franklin County,On 6/12/2022 at approximately 12:51 PM; Officer A. McDonald #2811 wearing the uniform of the day and working CPD marked cruiser R-120 as unit 121 was dispatched to Bryden Rd. and Fairwood Ave. in response to an auto accident. Upon arrival Officer McDonald spoke with the driver of unit #1 who was identified by her Ohio drivers license as Bernadette Williams. Ms. Williams stated that she was traveling S/B on Fairwood Ave. approaching Bryden Rd. Ms. Williams stated that she stopped at the stop sign located at the intersection. Ms. Williams stated that the driver of unit #2 ran the stop sign resulting in the accident. Officer McDonald spoke with the driver of unit #2 who was identified by her Ohio drivers license as Russhia Vinson. Ms. Vinson stated that she was traveling W/B on Bryden Rd. approaching Fairwood Ave. Ms. Vinson stated that Ms. Williams ran the stop sign located at the intersection resulting in the accident. Due to conflicting stories and no independent witnesses; neither party was issued a citation. 
20223107750,Franklin County,On 6/13/2022 at approximately 8:42 PM; Officer A. McDonald #2811 wearing the uniform of the day and working CPD marked cruiser 122 was dispatched to E. Main St. and Miller Ave. in response to an auto accident with injury. Upon arrival Officer McDonald spoke with the driver of unit #1 who was identified by his Florida Identification Card as Graves Stuart. Mr. Stuart stated that he was traveling W/B on E. Main St. approaching Miller Ave. Mr. Stuart stated that the driver of unit #2 was traveling E/B on E. Main St. approaching Miller Ave. Mr. Stuart stated that he turned S/B on Miller Ave. when he was struck by unit #2. Officer Skinner #2780 spoke with the driver of unit #2 who was identified by her Ohio drivers license as Ladeja Ross. Ms. Ross stated that Mr. Stuart failed to yield making a left hand turn resulting in the collision. Officer Skinner spoke with a witness by the name of Dequea Arnold who also stated that Mr. Stuart failed to yield making a left hand turn resulting in the accident. Mr. Stuart was issued a citation for fail to yield from a left hand turn. 
20223120979,Franklin County,Unit #2 was parked in the parking lot of the McDonalds at 5410 Renner Rd.  Customers of the restaurant advised the management that a black Chevy Malibu; Ohio JSG7984; driven by a M/B; struck unit #2 and fled the scene.  The license plate registers to PV Corp.; 3801 International Gateway; Columbus; Ohio 43219;on a 2022 Chevrolet.   
20223121375,Franklin County,Unit #1 was leaving the McDonald's parking lot attempting to make a left turn westbound on to Henderson Rd. Unit #2 was driving eastbound on Henderson Rd towards Reed Rd. Unit #1 failed to yield to on coming traffic as Unit #2 was continuing straight in the through lane causing Unit #2 to strike Unit #1. The driver of Unit #1 was transported in stable condition by Upper Arlington Medic 72  to Dublin Methods Hospital. All units in the accident were towed from scene by the owners. Upon follow up at the hospital the driver of Unit #1 was being treated for left side pain by Nurse Practitioner White. The driver of Unit #1 was cited for failure to yield from a private drive without further incident. 
20223121922,Franklin County,Driver of Unit #1 stated he was trying to turn out of the driveway of Wendy's to go westbound Renner Rd.  Driver of Unit #1 stated the traffic signal at Renner Rd and Hilliard Rome Rd was red and no traffic was coming westbound.  Driver of Unit #1 stated the eastbound traffic left a gap for Unit #1  to get out of the driveway.  Driver of Unit #1 stated he pulled out onto Renner Rd to go westbound when Unit #2 came up beside the traffic lane and struck him;  Driver of Unit #2 stated he was eastbound Renner Rd approaching Hilliard Rome Rd.  Driver of Unit #2 stated he got over to the left as the road widened to proceed in the straight lane of Renner Rd.  Driver of Unit #2 stated Unit #1 pulled out in fromt of him and Unit #1 was struck.  Responding Officer observed the roadway and traffic and found the road does widen; but there are no lane indicators dictating where it becomes more than one lane.  Due to that observation; Responding Officer did not cite either pary.  Passenger of Unit #2 was transported to Doctor's West Hospital with complaints of head; neck and back pain.  Passenger of Unit #2 was treated by Dr. Amin.
20223124518,Franklin County,On listed date; time; and location; Officers were dispatched to a non injury hit skip auto crash. Upon arrival Unit 2 stated that Unit 1 rear ended him in the parking lot of Wendy's and left the scene. Officers observed minor damage to the rear bumper of Unit 2. Unit 2 provided license plate information for Unit 1 and Officers followed up but did not locate the vehicle at the registered address. After leaving the address; Officers observed Unit 1 (3 hours after the crash) driving through the neighborhood. Officers initiated a traffic stop with the vehicle. The driver stated he wasn't driving and his cousin was. Driver could not identify his cousin.
20223130182,Franklin County,Unit 2 was stopped in the drive-thru line at McDonald's at 910 W. 5th Ave.  Unit 1 rear ended Unit 2 while in the drive-thru.  The driver of Unit 2 stated both drivers exited their vehicles and agreed to pull over to discuss the matter.  The driver of Unit 1 stated there was no damage and drove away without providing any insurance or identification information to the driver of Unit 2.  Unit 2 had a minor scuff to the bumper and was driven from scene.  The driver of Unit 2 stated Unit 1's license plate number was Ohio plate JFN9708.  The only description of the vehicle was that it was a black SUV.  The driver of Unit 2 stated the driver of Unit 1 was a European male with dark hair and a beard.  A phone number was located for the registered owner of Unit 1.  At this time; the Reporting Officer is awaiting a response.
20223136365,Franklin County,Traffic crash occurred at 821  East 17th. Vehicle #1 was exiting from 71 south to 17th and due to the vehicles speed was unable to make the turn. Vehicle attempted to turn right where it failed shooting across all lanes ran over the curb taking out the guide wire for the utility pole and crashing into the McDonald's drive through order station. Driver and passenger then fled from the accident leaving the vehicle.Vehicle was impounded.
20223140065,Franklin County,Unit 1 and Unit 2 were parked in the drive through lanes at the McDonalds located at 3411 Cleveland Ave. Unit 3 came from behind and hit unit 2. The resulting collision sent Unit 2 into Unit 1. Unit 3 then backed up from the drive thru and left the scene without stopping or attempting to exchange information
20223143431,Franklin County,Officer S. Perry #2875 observed surveillance footage of the crash. Officer Perry #2875 observed Unit #1 making a left turn sound bound into the Mcdonalds parking lot and it appeared as though the driver lost control of the vehicle while attempting to make the turn at too fast of a rate of speed. Unit #1 then struck the Mcdonalds building leaving a hole in the building. Driver of Unit #1 then quickly exited the parking lot. Part of Unit #1 was damaged and seperated from the vehicle and left behind at scene. The surviellance footage was unable to show the license plate of the vehicle. The driver of Unit #1 was a male black and there was also a passenger in the front seat as well. Officers completed a crash report.
20223147592,Franklin County,On 8-5-22 at 9:21 pm; Unit #1 was exiting 2516 Hilliardrome Rd ; Wendy's; onto Hilliardrome Rd; colliding with Unit#2. Driver Unit#2 claims neck and back pain; and was transported to Dr's West. Driver Unit#1 was cited for failure to yield.
20223153391,Franklin County,Accident occurred on the McDonald's lot located at 4840 North Hamilton Road. Witness #1 stated that at 4:30 p.m. unit #1 was going thru the drive thru at the McDonalds located at the listed address when unit #1 struck menu stand. After unit #1 struck the menu stand the driver of unit #1 got out of the vehicle and looked at his vehicle to see if there was any damage; and then left. Unit #1 was a black box truck with Ohio tag of PLH-6848 and was driven by a m/b 6'1 thin build 22-25 years of age. No follow up was attempted due to unit #1 registering to an address on the west side of the city. 
20223153711,Franklin County,"On 7/11/2022 at approximately 11:52 PM; Officer A. McDonald #2811 wearing the uniform of the day and working CPD marked cruiser 113 was dispatched to 920 S. High St. in response to an auto accident with injury. According to a witness; the white Dodge Charger was doing ""burn outs;"" in the middle of High St. The white Dodge Charger lost control and struck unit #2. Two younger black females and one younger male black then exited the vehicle and fled the scene prior to officers arrival. The white Dodge Charger was impounded to the CPD impound lot by Pro Tow."
20223153715,Franklin County,On 7/18/2022 at approximately 6:21 PM; Officer A. McDonald #2811 wearing the uniform of the day and working CPD marked cruiser 122 was dispatched to Parsons Ave. and Mooberry St. in response to a auto accident with injury. Upon arrival officers spoke with the involved parties and determined unit #1 crashed in to the rear of unit #2; which in turn pushed unit #2 into unit #3. The driver of unit #1; Derek Vinicky was issued a citation for ACDA. 
20223155155,Franklin County,Unit 2 stated she was on foot attempting to cross the off ramp from 70 W/B to continue on foot West on E. Livingston Ave and further stated the light was red prior to crossing. Unit 1 stated he was attempting to make a right hand turn off of the on ramp to travel East on E. Livingston Ave and also stated the light was red prior to attempting the turn. During the course of the right hand turn; Unit 1 stated Unit 2 (pedestrian) walked out in front of his vehilce. Unit 2 stated she was struck by Unit 1 while crossing; although Unit 1 denied striking Unit 2.   An independent witness stated Unit 1 did in fact strike Unit 2 causing Unit 2 to fall to the ground. After the collision; both parties got into a minor physical altercation at which time called police from a nearby McDonald's at 1020 Alum Creek Dr.   Unit 2 was transported to OSU East Hospital in stable condition by CFD Medic 815 where she was later treated for minor injuries by Dr. Eric Adkins. The driver of Unit 1 was issued a citation for right of way at a light CCC 2131.18a and given a court date of 7/29/22.
20223155190,Franklin County,Unit #2 stated he was E/B on Livingston Ave. near Alum Creek. He stated that Unit #1 pulled out from the lot of 1887 E Livingston Ave; and he was unable to avoid striking her. He stated that the collision spun his truck up onto the sidewalk; and that Unit #1 was stuck to his vehicle; and he yelled at Unit #1 as she was attempting to free her vehicle from his. He stated after several attempts her vehicle did break free from his. Unit #1 then drove away; and he was able to see that she drove away to the McDonald's at the corner of Alum Creek; and Livingston. She parked the vehicle in front of the McDonald's; and walked away. Unit #2 did get pictures of the vehicle before it fled the area. The owner of the hit skip vehicle was contact by car 140. He stated he sold the vehicle to a male black a while ago. He gave a phone #; but no name 614-966-5516. R/O did attempt to contact the owner; but no one answered.       
20223161758,Franklin County,UNIT 1 WAS PULLING OUT OF THE MCDONALDS AT 4435 EXECUTIVE PKWY. UNIT 2 WAS TRAVELING EASTBOUND ON EXECUTIVE PKWY APPROACHING SUNBURY RD. UNIT 1 PULLED OUT OF THE PARKING LOT; TURNING EASTBOUND ON EXECUTIVE PKWY. UNIT 1 STRUCK UNIT 2 IN THE PASSENGER SIDE WHEEL AREA.
20223164538,Franklin County,Unit 2 stated that he was riding his bicycle westbound in the bike lane on Morse Rd approaching the Dunkin Donuts entrance when Unit 1 made a right hand turn in front of him which resulted in him striking Unit 1.  After he struck Unit 1 he flipped over the vehicle and landed on the pavement.  Unit 1 did not stop and sped away last seen headed northbound on Maize Rd.  Unit 2 stated that he was having hand pain and wanted a medic to respond.  CFD medic 24 responded and transported him to Riverside Methodist Hospital in stable condition to be treated by the medical staff.  Unit 2 stated that he was not able to get the license plate of the vehicle.  Responding Officer talked to management of Dunkin Donuts to see if they had video footage of the incident; to which they stated that they do but the manager was not currently there so  they had no way to access the footage today.
20223167545,Franklin County,Crash occurred at the intersection of East Main Street and South Grant Avenue. Driver of Unit #2 stated that while driving westbound on East Main Street Unit #1 rear-ended her while coming out of the McDonald's parking lot (381 East Main Street). Driver of Unit #2 stated that the driver of Unit #1 was a lightskinned black female. Per the witness and Driver of Unit #1 the suspect vehicle was a grey or beige Hyundai Sonata license plate HXS5343 that continued northbound onto South Grant Avenue. Officers attempted to locate the vehicle and driver at the listed address foudn through LEADS; 4383 Belcher Court. 
20223173187,Franklin County,Unit #1 was making a left turn to go southbound from the McDonald's parking lot on the east side of Alum Creek Dr.  Unit #2 was traveling northbound on Alum Creek Dr. just south of the McDonald's and approaching E. Livingston Ave.  Unit #1 exited the parking lot causing the front of Unit #2 to strike the front driver's side of Unit #1.  Unit #1 was broke down and disabled; blocking northbound traffic on Alum Creek Dr.  The driver of Unit #1 was transported to Grant Hospital by CFD Medic 815 in stable condition.  Officers followed up at Grant Hospital and issued the driver of Unit #1 a citation for failing to yield.  Both vehicles were towed from scene.
20223175974,Franklin County,On 9/14/2022 at approximately 3:41 PM; Officer A. McDonald #2811 and Officer E. Bateman #2578; wearing the uniform of the day and working CPD PTV 128 were dispatched to E. Main St. at Fairwood Ave. in response to a blocking auto accident with property damage only. Upon arrival; Officer McDonald spoke with a witness who identified herself as Chelsea Pegler.Ms. Pegler stated that she observed the driver of unit #1 fail to yield while making a left hand turn resulting in the auto accident. Officer McDonald spoke with the driver of unit #2 who was identified by her Oklahoma drivers license as Manfredwina Cole. Ms. Cole stated that she was traveling E/B on E. Main St. approaching Fairwood Ave. Ms. Cole stated that the driver of unit #1 went to make a lefthand turn and pulled in front of her resulting in the accident. Officer Bateman spoke with the driver of unit #1 who was identified by his Wisconsin drivers license as Michael Witter. Ms. Witter stated that he believed that he had a green arrow to turn left at the light. Officers know from years of working the area that their is no green arrow to turn southbound when traveling W/B at the intersection of E. Main St. and Fairwood Ave. Both involved parties vehicles were inoperable and towed at scene for the owners. Ms. Witter was issued a citation for fail to yield from a left hand turn. 
20223178413,Franklin County,On 09/17/22 at approximately 5:45 pm; Officers were dispatched to 3545 S High St on the report of an injury accident. Officers arrived and spoke to Unit #2 (Pedestrian) who stated Unit #  1 was traveling; at a high rate of speed; through the Wendy's parking lot as she was talking. Unit #2 (Pedestrian) stated Unit # 2 was walking  southbound in the Wendy's parking lot/drive through area when Unit # 1 struck her. Unit #2 (Pedestrian) stated the driver of Unit # 1 fled the scene before officers arrived in a Gold pickup Truck northbound on S High St . Unit # 2 (Pedestrian) stated the driver of Unit #1 was a male white; 60-69 years old; with white hair. Unit # 2 (Pedestrian) stated she would be able to identifiy driver of Unit #1; and Unit #1; when she sees them again because driver of Unit #1 frequnts the abovea address;. Unit # 2 (Pedestrian) did not report any injuries and refused medical attention. Officer advised Unit # 2 (Pedestrian) to contact police if she gains knowledge of the correct tag of Unit #1 and any information on driver of Unit #1.
20223182664,Franklin County,Unit #2 driver stated she was parked in the parking lot near the Subway at 5892 Karl Rd. when an employee told her that her car was just hit by a Nissan Altima silver in color.  Unit #2 driver stated she went outside and approached the vehicle attempting to stop it however it continue out onto Karl Rd. northbound without stopping. Unit #2 driver she was able to write down the license plate which was OH tag # JCT8226. The driver was described as being african american wearing a red hat.  Follow up was conducted at the registered address for the Hit/skip unit and contact was made with a juvenile which had Unit #1 owner on the phone. Unit #1 owner agreed to meet at the BP gas station on Sancus Blvd. After meeting with Unit #1 driver she state she was backing up but did not realize she had struck Unit #2 when in parking lot. The hit/skip driver did point out damage to her vehicle on the  rear fender that she believes was from the accident. The hit/skip driver stated she was backing up when the accident occured. The suspect was wearing a red ballcap when she met with officer. Unit #1 driver was issued a citation for hit/skip and given a courtdate of 10/10/22 at the Franklin County Municipal Court. 
20223182763,Franklin County,Unit #1 was stopped in the inside drive-thru lane at the McDonald's located at 1020 Alum Creek Dr.  Unit #2 was stopped in the outside drive-thru lane.  Unit #1 attempted to back up and struck Unit #2.  No injuries reported.
20223182930,Franklin County,Unit #2 was facing east bound in the drive-thru at the window of Taco Bell located at 4517 Kenny Rd. in front of Unit #1.  Unit #1 was facing eat bound in the drive-thru of Taco Bell located at 4517 Kenny Rd. behind Unit #2.  Unit #1 was the hit-skip unit and not on scene.  The driver of Unit #2 stated he was stopped at the drive-thru window when Unit #1 struck the rear of Unit #1 causing minor damage.  The driver of Unit #2 stated he attempted to get the information from the Unit of Driver #1 but was only able to get the driver's name and a phone number which was illegible.  The driver of Unit #2 stated he was not able to get the information from the passenger in Unit #1.  The driver of Unit #2 took a photo of the license plate of Unit #1 which led the responding Officer to gain the information of the registered owner; phone number; and address of the driver of Unit #1.  The driver of Unit #2 spoke with an employee of Taco Bell and was directed to return the following day for a copy of the surveillance in the drive-thru.  Responding Officer attempted but was unable to get in contact with the driver of Unit #1; who's address was listed in Marion; Ohio.  Unit #2 sustained minor damage to the rear bumper.  It is unknown if Unit #1 sustained any damage.  There were no reported injuries as a result of the accident.
20223184586,Franklin County,Driver of Unit #2 stated she was in the drive thru line at Mcdonalds.  Driver of Unit #2 stated that the line was moving slow and Unit #1 who was directly behind her attempted to get of line to leave.  Driver of Unit #2 stated that is when Unit #2 struck the rear passenger side of her vehicle with the front driver side of Unit #1.  Driver of Unit #2 got out of the car and briefly spoke with driver of Unit #1 who stated he would pay her cash for the damage.  Driver of Unit #1 stated she wanted the police to come and that is when the driver of Unit #1 took off.  Driver of Unit #2 stated the driver was a male/black and the car was a white dodge challenger and that is all the information she could provide.  Officers attempted to go back to the scene the next day to view the cameras at the business but the business would not cooperate and would not allow officers to view the cameras.  Driver of Unit #2 was provided an incident # and told a report would be taken.  Driver stated she was not hurt and did not need any medical attention. 
20223185418,Franklin County,On 9/29/2022 at approximately 6:04 PM; Officer A. McDonald #2811 and Officer E. Bateman #2578; wearing the uniform of the day and working CPD marked PTV 128 were dispatched to E. Main St. and S. Nelson Rd. in response to an auto accident with property damage only. Upon arrival; Officer McDonald spoke with the driver of unit #1 who was identified by his Ohio identification card as Martin Williamson. Mr. Williamson stated that he was traveling in the lane closest to the double yellow line. Mr. Williamson stated that he attempted to change lanes and struck unit #2. Mr. Williamson advised Officer McDonald that he didn't have a valid drivers license. Officer McDonald ran Mr. Williamson through the LEADS database and Mr. Williamson was driving under suspension. Mr. Williamson was cited for driving under suspension and changing lanes without safety. The vehicle that Mr. Williamson was driving was released to the owner; Jeanee Truman; who was a passenger in the vehicle. 
20223190526,Franklin County,Operator of Unit #2 stated that he was crossing through the intersection on a green light from North to South from the private drive by the Taco Bell to head South onto Morse Crossing in the #1 lane; when he got past the intersection Unit #1 had made a right hand turn from Morse Rd. onto Morse Crossing and came into the #1 lane and struck the right passenger side of Unit #2.  Operator of Unit #2 got out of his vehicle and spoke with the Operator of Unit #1.   Operator of Unit #2 stated that Operator of Unit#1 was hesitant to provide any information; and when Operator of Unit #2 stated he was going to call the police; Operator of Unit #1 drove off from the scene; running over the right foot of Operator #2 with the front left and rear left tire of Unit #1 and left the scene.  Operator of Unit #2 called the police; but left the scene prior to police arrival.   Operator of Unit #2 stated he transported himself to Ohio Health Hospital in Pickerington; OH for treatment to his right foot.  Operator of Unit #2 called the police the next morning when he got home from the hospital to report the injury accident.  Operator of Unit #2 stated that Unit #1 was a silver Toyota Rav 4 possible 2004 model with Ohio Tag JNY3210.  The operator was a male; that was bald; heavy accent; yellow eyes; around 60 years old about 5'9 and heavy set.
20223191468,Franklin County,Unit 2 was stopped facing S/B in the parking lot at 2626 Bethel Rd (Wendy's)  just west of Pickford Dr.  Unit 1 was directly behind unit 2 also facing S/B.  Unit 1 failed to stop in time and rear ended unit 2.  Unit 1 then drove around unit 2 and fled the scene without stopping.  Driver of unit 2 stated unit 1 was a white Ford Bronco partial Oh tag #JVS driven by a male.  No injuries were reported and accounts verified by driver of unit 2.
20223195201,Franklin County,On 10/15/2022 at approximately 6:33 PM; Officer A. McDonald #2811 and Officer A. Earle #3091 were dispatched to Franklin Park S. and S. Nelson Rd. in response to a auto accident with injury.Prior to arrival; a witness stated that the white truck had swerved into oncoming traffic resulting in the accident. Officers spoke with the driver of Unit #1 who was identified by his Ohio drivers license as Stanley Howard. Mr. Howard stated that the driver of unit #2 was left of center resulting in the accident. Officer spoke to the listed witnesses who stated that they observed Mr. Howard traveling S/B on S. Nelson Rd. approaching Franklin Park S. The witnesses stated that they observed Mr. Howard go left of center resulting in the accident. Officers ran Mr. Howard through the Leads database and Mr. Howard was driving under suspension. The driver of unit #2; Kathleen Harrison; was transported to a area hospital for injuries sustained during the accident.  Unit #1 was impounded by ProTow.
20223196709,Franklin County,Unit 2 was stopped in traffic on Stringtown Rd facing west to east in the #2 lane.  Unit 1 exited an access street to the south of Stringtown Rd near Taco Bell at 2408 Stringtown Rd going east on Stringtown Rd.  Unit 1 attempted to merge into the #2 lane.  Unit 1's front passenger side struck Unit 2's driver's side.  
20223204693,Franklin County,On 10/23/2022 at approximately 12:26 PM; Unit #1 was travelling eastbound on Morse Road; just east of the intersection at Chesford Rd. Unit #2 was pulling out of the Subway just to the east of the intersection at Chesford Road and was attempting to make a left turn. Unit #1 struck Unit #2 on its left driver side. Both units sustained disabling damage. The driver of Unit #2 was transported by Medic #61 to Riverside Hospital in stable condition. Driver #2 was cited for driving under suspension and Driver #1 was cited for driving with no operators license. Both units were towed from scene. 
20223215227,Franklin County,Unit #1 was traveling from west to east on Stringtown Rd. in the curb lane. Unit #2 was turning right; from west to south into the McDonald's driveway; from the curb lane on Stringtown Rd. Unit #1 swerved out of his lane to avoid Unit #2 and Unit #1 struck the left rear corner of Unit #2 with the right front corner of his vehicle. Unit #1 left the scene without leaving any information. Unit #1 later called the police. Unit #1 was issued a summons for Marked Lanes and Hit Skip.
20223216294,Franklin County,Officer was dispatched to listed location on a report of hit-skip accident; vehicle vs. pole.  Officer arrived and spoke with New Albany PD who stated a witness working at Taco Bell across the street; heard the accident while taking out the trash.  Mr. Wyatt Stout; 545 Windsor St 43302; 740 396 6877  did not see the accident happen; but observed a male exit the vehicle and get into a red sedan and leave.  Officer followed up at listed address on registered vehicle but there was no answer.  Officer had the vehicle impounded for Hit Skip to 2700 Impound Lot Rd. by ProwTow.  CFD responded and notified NAPD that wires were live.  Electric Company was enroute to handle electrical issue since pole was down blocking the street.
20223216618,Franklin County,Unit #1 stated that he was traveling west bound on McCutcheon rd at Steltzer Rd attempting to turn north onto Steltzer Rd from the far right lane.  Unit #1 stated that he had the red light and had been stopped for several seconds then proceeded to make his turn when he had the clearance to do so.  Unit #1 stated that Pedestrian #2 was in the crosswalk and he did not see her.  Unit #1 struck Pedestrian #2 knocking her to the ground. Unit #1 stopped to ask if she was OK but Pedestrian #2 got up and continued to walk to her place of employment at the subway on Steltzer Rd. Unit #1 followed her to Subway and called Police and Medic. Pedestrian #2 stated that she was in the cross walk on the north intersection of McCutcheon Rd and Steltzer Rd crossing east bound. Pedestrian #1 stated that she had the walk sign when she crossed when Unit #1 struck her. Pedestrian #1 was transported to OSU East Hospital via Mifflin TWP Medic #134 in stable condition.  Due to no witness on scene and conflicting stories; no citation was issued. 
20223225353,Franklin County,Unit 1 was traveling northbound on Georgesville Rd north of the intersection of Clime Rd N when it came into contact with the rear of Unit 2. Unit 2 was stopped in traffic. Driver of Unit 2 stated he had slowed down and stopped because a car in front of him had turned into the parking lot to McDonald's. Driver of Unit 2 stated he was beginning to accelerate when Unit 1 struck his vehicle from the rear. No damage was observed on either vehicle. Passenger of Unit 1 requested medical attention but was not injured. Franklin Township Medic 192 responded and cleared from the scene without transporting any individuals. Driver of Unit 1 was found at fault and appropriately cited for the accident. 
20223236281,Franklin County,Unit 1; 2 and the witness were all eastbound on E. Broad St. in the curb lane. All were stopped in traffic. Unit 1 suddenly began moving forward and struck Unit 2. Unit 1 then suddenly moved forward again this time driving over the curb. The witness checked on both drivers and had them pull into the Burger King lot.
20223238691,Franklin County,Unit 1 was heading southeast on SR 256 (Baltimore-Reynoldsburg Rd.) from E. Livingston Ave. Unit 1 drove off the roadway to the right and struck a utility pole in front of 1885 Baltimore-Reynoldsburg Rd. (Burger King). Unit 1 then rolled over onto its side.
20223240260,Franklin County,Unit 1 was traveling northbound through Wendy's parking lot. Unit 1 drove up over the curb and struck several bushes.
20223240492,Franklin County,Unit #2 was travelling eastbound on Georgesville Rd. Unit #1 was travelling westbound on Georgesville Rd; attempting to turn left onto a service road; in front of McDonalds; located at 1524 Georgesville Rd. Unit #1 failed to yield to Unit #2; causing Unit #2 to strike Unit #1. Unit #1 was cited for a right of way left turn violation. Both vehicles were towed at the request of the owners.
20223244051,Franklin County,Unit 02 was leaving a private drive near the McDonalds at 4131 Morse Crossing when Unit 01 rear ended them. Unit 01 driver acknowledged the accident by exiting their vehicle and communicating with the driver of Unit 02. Unit 01 driver then fled the scene in their vehicle without exchanging information. Unit 02 driver was unable to get any identifying information on Unit 01 except that it was a black Chevy Malibu or Impala. Unit 02 was driven from scene. 
20223246895,Franklin County,Unit 2 was traveling east in the right hand lane on Sullivant Ave passing the Sullivant Ave and Crescent Rd intersection.  Unit 1 was traveling west in the left hand lane on Sullivant Ave approaching the Crescent Rd intersection.  Unit 1 made a left (southbound) turn to pull into the parking of the Wendy's located at 3055 Sulivant Ave.  Unit 1 pulled directly in front of Unit 2 leaving no room to stop; swerve; or otherwise avoid collision.  Unit 2 struck Unit on the front end.  Driver of Unit 1 was cited for Fail to provide right of way when turning left.  Pro-Tow responded and towed both vehicles from scene for the Owners.
20223247092,Franklin County,  Accident occurred on W Henderson Rd west of Reed Rd.  Driver of Unit 2 stated she was travelling eastbound on W Henderson Rd when Unit 1; travelling westbound on W Henderson Rd turned left and struck Unit 2.  Driver of Unit 1 stated he was indeed westbound on W Henderson Rd; and attempting to turn left (south) into the McDonald's at 1905 W Henderson Rd. Driver of Unit 1 stated he did not see Unit 2 and did strike her.  Both Unit 1 and 2 were not driveable and  both required to be towed from the accident location. Driver of Unit 2 was treated at the accident scene by CFD Medic 11.  Driver of Unit 1 did not need any medical treatment at the scene. Driver of Unit 1 was issued necessary citation for Improper Left Turn.
20223256287,Franklin County,On 12/13/22 at approximately 3:49 PM; Officer A. McDonald #2811 wearing the uniform of the day and working CPD marked crusier 122 was dispatched to E. Livingston Ave. and S. Nelson Rd. in reponse to an auto accident. Upon arrival; Officer McDonald spoke with the driver of unit #2 who was identified by his Ohio drivers license as Dayrel Billingsley. Mr. Billingsley stated that he was traveling W/B on E. Livingston Ave. approaching S. Nelson Rd. Mr. Billingsley stated that the driver of unit #1 was traveling in the lane closet to the double yellow line and going E/B on E. Livingston Ave. at S. Nelson Rd. Mr. Billingsley stated that the driver of unit #2 went around a vehicle waiting to turn at the light and attempted to make a left hand turn on S. Nelson Rd. resulting in the collision with his vehicle. Officers identified the driver of unit #1 by his Mexico consular identification card as Javier Gutierrez. Mr. Gutierrez was issued a citation for no operators license and fail to yield from a left hand turn. Both vehicles were impounded at scene by A&A towing. 
20223256288,Franklin County,On 12/22/2022 Officer A. McDonald #2811 and Officer A. McBane #3063; wearing the uniform of the day and working CPD marked PTV 128 were dispatched to E. Main St. and Fairwood Ave. in response to a auto accident. Upon arrival Officer McDonald spoke with the driver of unit #1 who was identified by her Ohio drivers license as Johna Graham. Ms. Graham stated that she was traveling N/B on Fairwood Ave. to turn E/B on E. Main St. Ms. Graham stated that the driver of unit #2 was directly parked in front of her with his hazard lights on. Ms. Graham stated that she believed the vehicle was disabled and therefore she went left of center in order to go around unit #2. Ms. Graham stated that when she went around unit #2; unit #2 began traveling straight which resulted in the collision. Officer McBane spoke with the driver of unit #2 who was identified by his Ohio drivers license as Elijah Johnson. Mr. Johnson stated that he was parked at the traffic light at Fairwood Ave. and E. Main St. Mr. Johnson stated that as the light turned green he began turning right. Mr. Johnson stated that Ms. Graham went left of center and began turning right in front of him resulting in the accident. Mr. Johnson stated that he never had his hazard lights on and that his vehicle was never disabled. Due to conflicting stories and no independent witnesses; both parties were issued a incident report number and
20223257114,Franklin County,Unit #1 was with his 2 sibling in the parking lot of the Taco Bell.  Unit #1's father was moving  the child seat from his mother-in-law's vehicle.  While the seat was being moved; unit #1's siblings ran across the parking lot up to the front door.  Unit #2 pulled onto the lot and pulled into a space in front of the doors.  Driver of unit #2 states she backed up slightly to adjust her vehicle.  She states as she was getting out of her vehicle the father of unit #1  shouted that she had hit his child.  It appears that unit #1 saw the kids in front of the door and ran to join them not realizing that unit #2 was parking.  Units #1 & #2 collided.  CFD Medic 12 transported unit #1 to Children's Hospital.  Unit #1 was treated by Doctor Andoh for injuries to his head; left hand and torso.  Driver of unit #2 states she saw the kids at the front door but had no idea where unit #1 came from.  Mason Toops; 3476 Derrer Hollow Way Columbus; Ohio 43204; 614-307-8232;; unit #1's father said he did not know that his son had left his side.  
20223257539,Franklin County,The driver of unit #2 stated that he parked his vehicle in the parking lot of Taco- Bell located at 3605 S. High Street. The driver of unit #2 stated he went inside to get his daughter some food from Taco Bell;and was later informed by an employee that unit #1 had backed into unit #2's vehicle outside in the parking lot. The employee stated the vehicle shortly after fled the scene of the accident. The driver of unit #2 stated that he only observed  unit #1's vehicle was a darker colored vehicle. Unit #2 was unable to retrieve any suspect description nor a tag on the vehicle. No injuries were claimed at the time officers made contact with the driver of unit #2. Officers advised the driver of unit #2 a report would be taken documenting the incident. 
20223259677,Franklin County,Unit #2 who is an Uber driver stated that he was legally parked on the North side of Thurman Ave; facing Westbound; just West of Barrett School Aly; when Unit #1 who was driving Westbound on Thurman Avenue; sideswiped Unit #2 and continued driving Westbound on Thurman Ave.  A person who witnessed the crash followed the Hit-Skip vehicle to the McDonalds located at 1006 S High St.  The witness was unwilling to give their information and did not want to be a witness.  Officers located Unit #1 parked in the McDonalds parking lot.  Officers were unable to locate the driver of Unit #1.  Officers observed Unit #1 had a flat tire on the passenger side and damage that to the passenger side of the car that was consistent with the damage to Unit #2.  Unit #2 was towed by ProTow for the owner.  Officers spoke with employees at McDonalds and were advised that Officers could gain access to the cameras in the morning.  Employees stated that they observed a white male; wearing gray sweat pants and blue jeans leaving the hit-skip vehicle.
20223260191,Franklin County,The accident occurred on Renner Rd just West of Hilliard Rome Rd. Unit 1 was at a private drive in the McDonald's parking lot; 5410 Renner Rd; attempting to turn Eastbound on Renner Rd. Unit 2 was traveling Eastbound on Renner Rd approaching the intersection with Hilliard Rome Rd. Unit 1 turned out of the private drive; in front of Unit 2; causing Unit 2 to strike Unit 1. The Driver of Unit 1 complained of neck and shoulder pain and was treated on scene. The Driver and two passengers of Unit 2 complained of head; neck; and back pain and were transported to a local hospital in stable condition. The Driver of Unit 1 stated that he looked both ways; but Unit 2 was speeding; he thought that he had enough time to make the turn. The Driver of Unit 2 stated that Unit 1 pulled out right in front of her. The Driver of Unit 1 was cited for Failure to Yield From a Private Drive - 2131.22 (citation CPD081065). Both Drivers were provided with a copy of the incident report number. Both Units were towed from scene by the Owner's.
20223266578,Franklin County,The accident occurred in the parking lot of 1455 N Cassady Ave. The Driver of Unit #1 fled from officers while drive Unit #1 that was a listed stolen vehicle. Unit #1 drove through the parking lot and struck unit #2. Unit #1 then left the scene westbound on Airport Drive. The Driver of Unit #1 was apprehended a short time later at 949 Wellington Ave. The Driver of Unit #2 stated she was in the parking lot of the McDonalds traveling eastbound when Unit #1 struck her vehicle. The Driver of Unit #1 stated Unit #1 fled from the scene. 
20224044513,Franklin County,UNIT #2 WAS TURNING LEFT OOUT OF THE ENTRANCE TO THE MCDONALD'S AT 662 S STATE ST. UNIT #2 HAD A GREEN LIGHT AND STARTED OUT INTO THE INTERSECTION. UNIT #1 WAS NORTHBOUND ON STATE ST APPROACHING THE TRAFFIC LIGHT FOR KROGER & MCDONALD'S THE LIGHT FOR NORTH AND SOUTHBOUND TRAFFIC HAD CYCLED TO RED. UNIT #1 RAN THE RED LIGHT STRIKING UNIT #2 IN THE DRIVER'S SIDE FRONT TIRE. THE DRIVER OF UNIT #1 WAS CITED FOR THE RED LIGHT VIOLATION.
20224188018,Franklin County,UNIT 2 WAS TRAVELING WEST ON PERIMETER LOOP RD PASSING THE CHASE-MCDONALDS ACESS ROAD. UNIT 1 WAS TRAVELING EAST ON PERIMETER LOOP RD AND TURNED NORTH ON THE CHASE MCDONALDS ACCESS ROAD IN FRONT OF UNIT 2. UNIT 2 WAS UNABLE TO AVOID; AND UNIT 1 STRUCK UNIT 2.
20226025099,Franklin County,Unit 1 was stopped at the ordering speaker at 3455 Cleveland Ave (Wendy's). Unit 2 failed to slow and stop at a safe distance. Unit 2 struck Unit 1. Unit 2 fled the scene before Unit 1 could get a look at the vehicle. 
20226224960,Franklin County,Unit #2 was stopped waiting in line at the McDonald's Drive-Thru located at 1905 W. Henderson Rd. Unit #1 was approaching the Drive-Thru traveling eastbound through the parking lot. Unit #1 failed to control and struck Unit #2 from behind. This action then caused Unit #2 to strike an Unknown Unit; also stopped; waiting in line at the Drive-Thru. The operator of the Unknown Unit got out of the car; observed no damage; and left the scene prior to police arrival and without providing any identifying information. Unit #2 then approached the operator of Unit #1 and stated he was contacting police for a report. Unit #1 left the scene prior to police arrival. Officer Walker located Unit #1 at the operator's listed address. Unit #2 did receive damage from striking the Unknown Unit ahead of him in the Drive-Thru line as well as the damage from Unit #1 striking him.
20232202973,Franklin County,UNIT 1 WAS NB ON CLEVELAND AVE; APPROACHING THE INTERSECTION WITH WESTERVIEW RD.  UNIT 1 ATTEMPTED TO MAKE A RIGHTHAND TURN ONTO WESTERVILLE RD; AND LOST CONTROL OF THE VEHICLE DUE TO WET ROADS AND CONDITIONS OF THE TIRES.  UNIT 1 STRUCK THE CURB; A STOP SIGN AND AN EXIT SIGN FOR MCDONALDS.
20232243727,Franklin County,UNIT 1 WAS TRAVELING SB ON BRITTON PKWY.  UNIT 1 ATTEMPTED TO TURN LEFT TO TRAVEL EB ON DAVID MEEKS WAY.  ACCORDING TO A WITNESS; UNIT 1 WENT OVER THE MEDIAN; UP OVER THE SIDEWALK AND HIT A BRICK WALL IN THE PARKING LOT OF MCDONALDS AT 4280 CEMETARY RD.  UNIT 1 DRIVER DID NOT HAVE A DRIVERS LICENSE OR INSURANCE.  NO INJURIES WERE REPORTED ON SCENE.
20233003792,Franklin County,Unit 1 was observed travelling at a high rate of speed in the area of W Mound St and Townsend Ave. Officers attempted to stop the vehicle and the driver of Unit 1 lost control and ran off the road; coming into contact witha curb and low embankment casuing disabling damage to three of the four wheels. Unit 1 came to rest in the parking lot of 619 Harrisburg Pike (McDonald's) where the driver; and sole occupant of the vehicle fled on foot but was soon apprehended after a foot pursuit by officers. Unit 1 was found to be a reported stolen vehicle (report# #########) via LEADs. The driver was transported to Franklin County Juvenile Detention Center by officers where he is being held in applicable charges. 
20233012691,Franklin County,On 1/22/2023; Officer A. McDonald #2811; wearing the uniform of the day and working CPD marked cruiser 122 along with Officer N. Geno #3052 and Officer C. Ohl #1436 working CPD marked cruiser 121 were dispatched to 891 E. Main St. in response to a auto accident. According to the caller; who was later identified by his Ohio drivers license as Bryon Crump; he and the driver of unit #1 who was later identified as Hannah Gleason; got into a auto accident at McAllister Ave. and S. Ohio Ave. Mr. Crump stated that He was traveling S/B on S. Ohio Ave. approaching McAllister Ave. Mr. Crump stated that Ms. Gleason failed to stop at the stop sign causing the accident. Mr. Crump stated that Ms. Gleason refused to exchange information and that she left the scene to the rear of 891 E. Main St. Officers determined that Ms. Gleason was under the influence of alcohol. Field sobriety test were given at scene by Officer Geno. Ms. Gleason was issued a summons and her vehicle was impounded to the CPD impound lot. 
20233016331,Franklin County,Driver 1 stated he was in the left lane of the Mcdonalds drive-thru and proceeded forward after ordering. Driver 1 stated he then struck Unit 2 which was stopped in the right ordering lane. Driver 2 confirmed these events. 
20233017120,Franklin County,On 01/25/2023 at or about 12:25 hours as Unit #2 was exiting the McDonald's parking lot; Unit #1 was reversing on Alum Creek Drive going northbound in the southbound lanes and struck Unit #2. Unit #1 left the scene following collision.  
20233023188,Franklin County,Unit 1 stated she stepped off the curb and was purposely struck by unit 2.  Crime cameras show unit 1 walked from the Sunoco and without stopping or looking walked right into traffic to cross the street and was then struck in the left westbound lane.  Occupants of unit 2 parked at the subway next to Sunoco; checked on her and then left.  Appeared to be a male black and a female in a dark colored car.
20233029086,Franklin County,An injury crash occurred on E. Broad St just east of S. Weyant Ave.  Unit #2 was travelling eastbound on E. Broad St.  Unit #1 was attempting to park in a parking spot in the McDonald's parking lot.  Unit #1 stated that her foot got stuck on the gas pedal and she continued southbound through the parking spot; hitting a metal pole and knocking it over.  Unit #1 then continued southbound over a grassy hill and into eastbound lanes of travel on E. Broad St causing Unit #1 to strike Unit #2.  Unit #1 was cited for Failure to Control. The driver of Unit #1 was treated at scene by CFD Medic 21 for a cut to her neck.  
20233029359,Franklin County,The driver of Unit #1 stated he was traveling southbound on a private drive; near the intersection with Worthington Woods Blvd and Worthington Galena Rd; with the intent to conduct a left hand (eastbound) turn into a McDonald's parking lot; located at 7557 Worthington Galena Rd. The driver of Unit #1 stated he attempted to conduct the left hand turn; before an oncoming vehicle approached; but made the turn too wide; striking a nearby curb; and crashing into an entrance sign for the business. The driver of Unit #1 stated he attempted to reverse; having been stuck on the curb; and after a short time; was able to free himself; and enter the lot. The driver of Unit #1 stated he later departed the area but stated his vehicle did not crash into anything other than the curb and sign. The Witness stated he had observed the vehicle conduct the left hand turn and crash into the entrance sign; however; he stated as Unit #1 attempted to reverse from the curb; once freed; continued backwards in an uncontrolled manner; and crashed into the left side of Unit #2. The Witness stated the driver departed the area and parked a short distance away at Leaders Moving Company; located at 7455 Alta View Blvd. Continued on OH-2 Narrative.
20233031376,Franklin County,The collision occurred on Cleveland Ave. in front of the Subway at 1418 Cleveland Ave. Unit 1 was exiting the Subway parking lot and was trying to go south bound on Cleveland Ave. Unit 2 was going north bound on Cleveland Ave. north of E. 11th Ave. Unit 2 was traveling in the curb lane when Unit 1 failed to yield for Unit 2 which caused Unit 1 striking Unit 2. Unit 1 was issued a citation. The Citation number is CPD049578. 
20233034632,Franklin County,On Monday; 3/6/23 at 1620 hours; Unit 2 was attempting to park on the private parking lot of the Chipotle Mexican Grill located at 2484 E. Main Street (US 040) and struck Unit 1. The damage to Unit 1 was to the mid left rear area including the left rear tire (tire went flat). The damage to Unit 2 was to the right front corner. An accident report was taken because Unit 2 did not provide proof of insurance (owner stated she only had liability insurance). The driver of Unit 2 was cited for violation of Section 4507.05A1B of the ORC; Temporary Permit W/O Eligible Adult 15 1/2 yoa; M-1. see attachments
20233036950,Franklin County,"Unit #1 was leaving the Taco Bell on the north side of E. Broad St. and Robinwood Ave. The light turned to green and she proceeded to make a left hand turn to turn east onto E. Broad St. Pedestrian #1 was legally crossing from the south to the north on the east side of Robinwood Ave. at E. Broad St. and had the ""cross"" signal. While crossing the street; unit #1 failed to yield to the pedestrian and struck her causing minor injuries. The driver of unit #1 was cited appropriately."
20233039454,Franklin County,Unit #2 was exiting the McDonald's on E. Main St. turning west. Driver of unit #2 stated there were no cars coming when she began to exit and unit #1 driving recklessly came out of nowhere and struck her vehicle and  continued driving. Unit #1 fled the scene.
20233040680,Franklin County,"On 3/6/2023 at approximately 8:43 AM; Officer A. McDonald #2811 wearing the uniform of the day and working CPD cruiser 162; was dispatched to 171 W. Nationwide Blvd. in response to an auto accident. Upon arrival Officer McDonald spoke with the driver of unit #1 who was identified by his Ohio drivers license as Matthew McGreevy. Mr. McGreevy stated that he was traveling E/B on W. Nationwide Blvd. when he began ""feeling out of it."" Mr. McGreevy stated that he suffers from syncope and occasionally loses consciousness. Mr. McGreevy stated that he attempted to pull over to the curb and when he attempted to pull over he pulled up onto the curb striking a granite landscaping curb. Officer McDonald was able to place the curb back into place. Mr. McGreevy was given a incident report number and advised to contact his insure company. Mr. McGreevy's girlfriend arrived at scene and took possession of his vehicle. "
20233041050,Franklin County,Unit 1 was negotiating a curve in the drive thru of the KFC at 1414 Harrisburg Pike. Unit 1 got stuck on a large curb on the right (north) side of the drive thru lane. Unit1 accelerated to free his vehicle and struck the building causing minor damage to the front of unit 1 and a hole in the building. Unit 1 was cited for No Operator's license.
20233041052,Franklin County,Driver of Unit 2 stated he and the passenger in his vehicle were driving through the parking lot on the way to make an order at the drive through of 800 Georgesville Rd. when Unit 1 was observed backing out of a parking space and came into contact with the passenger side of Unit 2 casuing functional damage. Passenger of Unit 2 complained of some minor back pain but refused any on scene treatment. Unit 1was described as a silver sedan and was last seen travelling northbound on Georgesville Rd. Officer attempted to retrieve video footage from the McDonald's but the manager was not available. Her information is listed as a witness and she can be reached between 6:00AM and 2:00PM
20233044275,Franklin County,Driver of Unit #2 stated she was sitting in her parked vehicle in the McDonald's parking lot. Unit #1 attempted to pull into the parking space next to Unit #2; side swiping the vehicle. Driver of Unit #2 stated upon impact Unit #1 immediately backed up and then fled the scene. Unit #1 was described as a white SUV; driven by a female white age 40-50 with brown hair. No tag information was available for Unit #1. There  were no injuries on scene and Unit #2 was driven from scene by the owner.
20233046442,Franklin County,Unit 1 and Unit 2 were facing north in the Wendy's drive-thru near the N 21st St and E Broad St intersection. The driver of unit 1 stated she was behind unit 2 when she started having a medical emergency. The driver of unit 1 stated she lost control of unit 1 and struck unit 2 in the rear bumper. Unit 1 continued to slowly roll before coming to a rest after crashing into a house at 25 N 21st St.The driver of unit 2 stated he was in front of unit 1 when he was struck in the rear bumper. Minor damage was caused to unit 2. Unit 1 had damage to the front bumper after crashing into unit 2 and the house. CFD Medic #8 responded and stated the driver of unit 1 was showing signs of having a seizure. CFD Medic #8 transported the driver of unit 1 to OSU East hospital in stable condition for further medical evaluation. The driver of unit 1 was issued a citation/summons (#CPD003344) for 2141.12A1 Driving without a valid license and 2131.33A Failure to control. 
20233047128,Franklin County,Unit #2 was traveling east bound in the curb lane of E. Main St. Unit #1 was traveling east bound in the inside lane of E. Main St. Unit #1 attempted to make a right hand turn from the inside lane into the parking lot of Wendy's located at 6781 E. Main St. This caused the left front corner of unit #2 to strike the right side of unit #1.
20233051005,Franklin County,The driver of unit 2 stated he was driving north on N Nelson Rd and was approaching the E 5th Ave intersection. The driver of unit 2 stated unit 1 was driving west on E 5th Ave and completing a left turn to go south onto N Nelson Rd. The driver of unit 2 stated unit 1 attempted to make a u-turn while turning left causing them to crash into the driver door of unit 2. Unit 1 then drove away. The driver of unit 2 was only able to give a description of unit 1 as a green Lincoln sedan with two Hispanic male driving. The driver of unit 2 was treated by CFD Medic #20 for possible leg injuries but not transported. Officers attempted to find security camera footage of the crash from a nearby Wendy's but were advised the footage was unavailable. No other witnesses where present. Officers drove around the area but were unable to locate unit 1.
20233051134,Franklin County,On the listed date; time; and place Ofc. Bingham was dispatched to investigate a private property crash. Upon arriving on scene Ofc. Bingham was directed by employees of Wendy's that the Black Toyota struck there drive through speaker. The black Toyota was still in the parking lot but as Ofc. Bingham was pulling behind it the driver took off and began driving southbound on Cleveland Ave. Ofc. Bingham was able to get behind the vehicle on Innis Rd. travelling eastbound and conduct a traffic stop. Ofc. Bingham after observing Ms. Coffee perform SFST's concluded that Ms. Coffee was to impaired to be driving and arrested her on OVI (See OVI report). The crash occurred when the black Toyota travelling into the drive through line struck the speaker to order food.      
20233057698,Franklin County,Unit 1 was attempting to back out of the parking spot at the Burger King on 5470 Renner rd; and did not realize the vehicle was actually in drive. Unit 1 pressed on the accelerator causing the vehicle to drive forward traveling eastbound into the burger king building. Unit 1 made contact with the Burger Kind wall on the west side of the building causing structural damage to the building. Employees and occupants were evacuated from the building while Officers were on scene. CFD 26 responded to scene with no transport. Unit 1 was cited for fail to control.Unit 1 was transported to CPD headquarters ID to be properly identified. Unit 1 Vehicle did not sustain any disabling damage and was returned to owner while at scene. 
20233061073,Franklin County,The driver of Unit #1 was parked facing westbound on the west side of McDonalds; 2091 E Dublin Granville Road. The driver of Unit #1 began backing eastbound from the parking space and struck Unit #2 who was traveling southbound in the parking lot. The driver of Unit #1 did not have a valid driver's license. The driver of Unit #1 was identified by his Mexico passport; # N01630326; valid 3/3/2022 to 3/3/2025. The driver of Unit #1 reported no injuries.The driver of Unit #1 was issued a citation to appear in court on 4/17/2023 for driving with no operator's license; CCC 2141.12A1 and released from the scene. Unit #1 was impounded to the Columbus city impound lot by Pro Tow. The driver of Unit #2 stated he was traveling southbound in the parking lot when he heard a loud noise and saw glass. Unit #2 stopped and advised he could not exchange proper information with the driver of Unit #1. The driver of Unit #2 reported no injures and drove Unit #2 from the scene. 
20233063856,Franklin County,Unit 2 was heading southbound by the Chipotle building. Unit 2 slowed down and stopped at the stop sign; ready to head westbound on Federated Blvd. Unit 1 rear ended unit 2 at the stop sign. Both parties decided to exchange information at the parking lot. Unit 1 driver took off and didn't exchange information. Unit 2 gave the hit skip drivers vehicle plate to dispatch; the plate wasn't registered to any vehicle. Unit 2  took pictures of vehicle but it was an unclear picture. Officers couldn't read plates.  Unit 2 stated the description of the hit skip driver (Black male; dreads; 6'4; 210 lbs; grey hoodie; blue jeans).
20233064269,Franklin County,On 4/10/2023 at approximately 10:01 AM; Officers A. McDonald #2811 wearing the uniform of the day and working CPD marked cruiser 160 was dispatched to E. Main St. and S. Washingston Ave. in response to an auto accident. Upon arrival; Officer McDonald spoke with the driver of unit #2 who was identified by her Ohio drivers license as Kayla Peterson. Ms. Peterson stated that she was traveling N/B through E. Main St. towards the E. Main/Rich St. Connector. Ms. Peterson stated that the driver of unit #1 ran the stop sign resulting in the accident. Officer McDonald spoke with the driver of unit #1 who was identified by his Ohio drivers license as Marco Higgins. Mr. Higgins stated that he was traveling W/B on E. Main St. and ran the stop sign at E. Main St. and Main/Rich St. Connector resulting in the accident. Officer McDonald ran Mr. Higgins through the Leads database and Mr. Higgins was driving under suspsension. Mr. Higgins vehicle was impounded to the CPD impound lot by Pro Tow.  
20233064270,Franklin County,On 4/9/2023 at approximately 12:00 PM; Officer A. McDonald #2811 wearing the uniform of the day and working CPD marked cruiser 160 was dispatched to E. Sping St. and Lester Dr. in response to an auto accident with injury. Upon arrival Officer McDonald spoke with the driver of unit #2 who was identified by his Ohio drivers license as Michael Vitarella. Mr. Vitarella stated that he was traveling N/B and entered the intersection of E. Spring St. and Lester Dr. Mr. Vitarella stated that his light was green upon entering the intersection. Officer McDonald spoke with the driver of unit #1 who was identified by OHLEG as Whitney Ferguson. Ms. Ferguson stated that she was traveling W/B on E. Spring St. approaching Lester Dr. Ms. Ferguson stated that she ran the red light which resulted in the accident. A witness by the name of David Trainor also stated that he observed Ms. Ferguson run the red light resulting in the accident. Medics responded and treated Mr. Vitarella and Ms. Fergusons passenger; Ranyhia Jackson at scene. 
20233064273,Franklin County,"On 4/7/2023 at approximately 8:50 AM; Officer A. McDonald #2811; wearing the uniform of the day and working CPD marked cruiser 160 was dispatched to 55 E. Rich St. at Columbus Commons Garage in response to an auto accident hit-skip. Upon arrival; Officer McDonald spoke with the the victim who was identified by her Ohio drivers license as Amanda O'Reilly. Ms. O'Reilly stated that she was driving on the first floor of the parking garage. Ms. O'Reilly stated that she turned the corner of the garage and noticed a dark; four door vehicle with dark tinted windows stopped. Ms. O'Reilly stated that the license place had something along the lines of ""Wildflower;"" on the license plate. Ms. O'Reilly stated that she stopped behind the vehicle. Ms. O'Reilly stated that she believed that the vehicle was stopping in order to back up to park in a parking spot. Ms. O'Reilly stated that the vehicle backed up into her vehicle. Ms. O'Reilly stated that after unit #1 struck her vehicle; they immediately sped off towards the second floor of the garage. Officer McDonald circulated the garage and located a dark; four door Lexus with Ohio tag 788ZGA  parked on the fourth floor of the garage. The vehicle was parked in a back section of the garage; backed into the parking spot. Officer McDonald observed a Wildlife emblem on the license plate. Officer McDonald showed Ms. O'Reilly the license plate and she"
20233067235,Franklin County,Unit Two was traveling East in the center turn lane on E. Main St near Idlewild Dr.; wanting to turn left into 6300 E. Main St (Walgreens). Unit One just turned left out of 6144 E. Main St (Domino's Pizza) and was going East in the center turn lane of E. Main St. near Idelwild Dr.; trying to get into the eastbound lane of travel. Unit One rear ended Unit Two causing damage to both vehicles.
20233071131,Franklin County,Accident occurred on W. Henderson Rd east of Wendys Dr. Unit 2 driver stated that he was w/b on W. Henderson driving the posted speed limit; when unit 1 pulled out in front of him from the private lot at 2040 W. Henderson Rd.  Unit 2 driver stated that he believed minor contact was made between the front end of unit 2 and the rear of unit 1.  Unit 2 driver stated that he swerved right to avoid possible further collision on the roadway; and subsequently went over the curb and struck a utility pole.  Unit 2 driver stated that he attempted to apply the brakes; but the vehicle continued through the grass.  Unit 2 driver stated that due to the brakes not responding; he abandoned the vehicle while it was still in motion.  Unit 2 was found resting against a privately owned playground fence (damaged from the impact) at 2040 W. Henderson Rd.  Unit 2 driver described unit 1 as a silver sedan; possibly 4 door; that briefly stopped w/o the location; but continued on without exchanging information.  There were no independant witnesess that observed the events leading to the collision at the time of this report.  No visible vehicle paint transfer was observed on unit 2 at the scene.  City electric responded to replace the downed utility pole. 
20233084577,Franklin County,Unit #2 was parked in the lot at 1377 Harrisburg Pike(McDonalds). Unit #1 was backing out of a parking spot and backed into unit #2. The store has video of the incident. A white Hyundai Tuscon with Ohio plate GFY4817 was captured on video. THe image is blurry ;but it looks like a white person with possible grey hair is seen driving unit #1. Police did attempt contact at registared owner's house for unit #1. The house was empty and in the middle of a rehab.
20233084982,Franklin County,On 5/19/2023; at approximately 5:54 PM.; Officer A. McDonald #2811 wearing the uniform of the day and working CPD marked cruiser 160 was dispatched to E. Broad St. and S. 4th St. in response to an auto accident hit skip. According to the driver of unit #2; who was identified by her Ohio drivers license as Sumayo Shaib; she was stopped at the traffic light at E. Broad St. and S. 4th St. Ms. Shaib stated that a red truck crashed into the rear of her vehicle. Ms. Shaib stated that the driver was a dark skinned male black wearing a red shirt; and was approximately thirty years of age. Ms. Shaib stated that the male advised her that he was going to pull off to the curb lane in order to get out of the roadway. Ms. Shaib stated that the male then drove off without exchanging information. Officer McDonald spoke with the driver of unit #3 who was identified by her Ohio drivers license as Vivian Cobb. Ms. Cobb stated that unit #2 crashed into the rear of her vehicle when struck by unit #1. Officer McDonald spoke with an unidentified witness at scene who was identified by his Ohio drivers license as Benjamin Barbeaux. Mr. Barbeaux took a picture of the hit skip vehicle which had a Ohio license plate number of PLQ7415. Officer McDonald ran the license plate which came back to a orange Ford. The involved parties were advised to contact their insurance companies. 
20233086681,Franklin County,On May 5th at approximately 12:00am; Unit 1 was traveling northbound on Cleveland Ave at a very high rate of speed. Unit 2 was traveling southbound on Cleveland Ave making a eastbound turn onto Oakland Park Ave. Unit 1 collided into Unit 2 head on just beyond the intersection of Cleveland Ave and Oakland Park Ave. Unit 3 was attempting to exit the KFC parking lot when hit by Unit 2 as a result of the impact between Unit 1 and Unit 2. All three units received disabling damage. The driver of Unit 1 was transported by CFD Medic #61 in stable condition to Riverside hospital. The driver of Unit 2 was transported by CFD Medic #16 to Riverside hospital in critical condition and pronounced deceased at 12:35am. The driver of Unit 3 refused medical treatment; was given an incident card; and left the scene. oth Unit 1 and Unit 2 were imponded by ProTow and held for evidence. Unit 3 was impounded by ProTow and held for safekeeping. 
20233090374,Franklin County,On 5/25/2023; at approximately 11:55 AM.; Officer McDonald #2811 wearing the uniform of the day and working CPD marked cruiser 165 was dispatched to E. Main St. and S. Washington Ave. in response to an auto accident with injury. Upon arrival; Officer McDonald spoke with the driver of unit #1 who was identified by his California drivers license as Manuel Walker. Mr. Walker stated that he was traveling W/B on E. Main St. approaching S. Washington Ave. Mr. Walker stated that he turned southbound on S. Washington Ave. and the driver of unit #2 crashed into his vehicle. Mr. Walker stated that the driver of unit #2 was speeding and that he had to hit his gas to get through the light. Mr. Walker was treated at scene by CFD Medic #1 for his injuries. Officer McDonald spoke with the driver of unit #2 who was identified by his Ohio drivers license as David Zachariah. Mr. Zachariah stated that he was traveling E/B on E. Main St. approaching S. Washington Ave. Mr. Zachariah stated that he and unit #1 both had a green light and that the driver of unit #1 turned in front of him resulting in the accident. Officer McDonald issued Mr. Walker a citation for fail to yield making a left hand turn. Both vehicles were impounded for the owners at scene. 
20233091628,Franklin County,Unit #1 and Unit #2 were in the drivethru of Wendy's at 739 Bethel Rd. Unit #1 pulled along side of Unit #2 attempting to cut in front of Unit #2. Unit #1 then struck the front driver's side of Unit #2. The Driver of Unit #2 yelled at the Driver of Unit #1 that they hit Unit #2. Unit #1 stated they did not care then drove away from the area. The Driver of Unit #2 took a picture of the license plate of Unit #1; OH DYN8226; displayed on a black Jeep Wrangler. Unti #2 described the driver of Unt#1 as a female white with blonde hair and approximately in her 50s.
20233091926,Franklin County,On 5-27-23 at approximately 8:54 P.M. the driver of unit 2 stated she was traveling north through an access drive from McDonalds to Sheets. The driver of unit 2 stated there was a truck stopped blocking her view so she attempted to looke past it by pulling up. The driver of unit 2 stated the driver of unit 1 came whipping through the parking lot at a high rate of speed making a right hand turn towards her. The driver of unit 2 stated unit 1 collided head on with her vehicle; unit 2; causing minor damage. The driver of unit 2 stated she spoke with the driver of unit 1 but did not think to get any of his information.
20233092916,Franklin County,On 5/25/23; at approximately 1117 hours; Unit 1 was stopped inside the parking lot of 2484 E. Main St (Chipotle). Unit 2 was stopped in front of 2484 E. Main St and waiting to enter the parking lot. Unit 1 started backing her vehicle and struck Unit 1 in the front end.
20233094924,Franklin County,On 6/2/2023; at approximately 12:40 PM.; Officer A. McDonald #2811 wearing the uniform of the day and working CPD marked cruiser 165 as unit 163 was dispatched to I71 N/B at SR315 N/B in response to an auto accident hit skip. Upon arrival; Officer McDonald spoke with the driver of unit #2 who was identified by her Ohio drivers license as Kacey O'Harra. Ms. O'Harra stated that she was traveling N/B on SR315 in the center lane. Ms. O'Harra stated that she wasn't sure what happened; but that she was struck by another motor vehicle which pushed her into the far left lane and flipped her vehicle towards on coming traffic. Ms. O'Harra had no vehicle information for unit #1. Ms. O'Harra's passengers side rear tire was flat. Officers changed Ms. O'Harra's tire at scene. Ms. O'Harra was given an incident report number for her insurance company. 
20233112645,Franklin County,Unit #2 was traveling southbound on Cleveland Ave; approaching the intersection at E Dublin-Granville Road. Unit #1 was traveling northbound on Cleveland Ave; having just entered the center turn lane with intention to turn left into the Subway parking lot. The driver of Unit #2 stated that Unit #1 turned right in front of them; causing them to collide. The driver of Unit #1 corroborated this; saying that he turned in front of Unit #2; which caused the accident. Both vehicles were disabled and towed from the scene. Both the driver and passenger of Unit #2 were transported to St. Ann's Hospital in stable condition. The driver of Unit #1 was cited for 2131.17 Fail to Yield on Left Turn using CPD Citation CPD026880.
20233112796,Franklin County,The crash occurred on Kimberly Parkway approximately 200 feet west of S Hamilton Road. The driver of unit #2 stated she was travelling east on Kimberly Parkway. The driver of unit #2 stated the driver of unit #1 was turning right (east) onto Kimberly Parkway from the Taco Bell. The driver of unit #2 stated the driver of unit #1 struck unit #2 when he failed to yield turning from a private drive. The driver of unit #2 stated the driver of unit #1 provided his name and phone number and left the scene. CFD Medic #23 evaluated the driver of unit #1 at scene. 
20233113600,Franklin County,On 6/30/2023; at approximately 12:05 PM.; Officer A. McDonald #2811 wearing the uniform of the day and working CPD marked cruiser 163 was dispatched to I-670 W/B at Neil Ave. in response to an auto accident with injury. Upon arrival Officer McDonald spoke with the driver of unit #2 who was identified by his Ohio drivers license as Justin Woodford. Mr. Woodford stated that he was slowing in traffic when the driver of unit #1 crashed into the rear of his vehicle. Officer Bricker #1854 arrived at scene and spoke with the driver of unit #1 who was identified by his Ohio drivers license as Eric Wagner. Mr. Wagner stated that he was checking his blind spot in order to change lanes when he crashed into the rear of unit #2. Mr. Woodford reported ankle and neck pain. Grandview medic responded to scene and treated Mr. Woodford at scene for his injuries. Mr. Woodford's vehicle was impounded by Pro Tow. Mr. Wagner was issued a citation for ACDA. 
20233113661,Franklin County,Unit 1 was turning left out of Dunkin Donuts and onto Linworth Road.  Unit 1 advised that she did not see Unit 2 going south bound on Linworth Road when she made the turn.  Unit 1 failed to yield to Unit 2 and Unit 2 struck Unit 1 and Unit 1 then struck Unit 3.  A witness was able to confirm that Unit 1 did pull out in front of Unit 2 which caused Unit 2 to strike Unit 1.
20233114175,Franklin County,On 7/3/2023; at approximately 9:40 AM.; Officer A. McDonald #2811 wearing the uniform of the day and working CPD marked cruiser 160 was dispatched to 736 Bellows Ave in response to an auto accident with injury. Upon arrival; Officer McDonald spoke with the driver of a Rumpke refuse truck who was identified by her Ohio drivers license as Keisha Bozeman. Ms. Bozeman stated that she was traveling through the alley when the trash truck struck some low hanging wires. Ms. Bozeman stated that her co worker; Damon Anderson; got out of the truck to assist her with how to go about getting out of the wires. Ms. Bozeman stated that when she backed the vehicle; she pulled them to a point to where she pulled down a telephone pole. Ms. Bozeman stated that she believes Mr. Anderson hurt himself when he was attempting to get out of the way of the falling telephone pole. Mr. Anderson was transported to Mt. Carmel Franklinto by CFD Medic 10. Mr. Anderson was discharged from the hospital prior to officers' arrival. Officer McDonald attempted to contact Mr. Anderson by phone; but didn't get a response. Matt McDowell; Supervisor One with Division of Power responded to scene and advised officers that they had a work order for low lines in that alley; therefore no fault was found on the driver of Unit #1.
20233116226,Franklin County,On Saturday; July 1st 2023 at approximately 11:02 a.m. a collision occurred between two units. Driver of Unit 1 was transported to Grant Medical Center by Columbus Fire Medic 14 in stable condition. Driver of Unit 2 was transported to Grant Medical Center by Columbus Fire Medic 815 in stable condition. Unit 1 was towed by Speedy Gonzales Towing for the owner. Unit 2 suffered disabling damage and was towed by Pro-Tow to the CPD Impound Lot. Officer followed up with the involved parties at Grant Medical Center. Driver of Unit 1 stated he blacked out and did not remember hitting anyone. The only thing he remembered was leaving McDonalds just south of the scene. Driver of Unit 1 was treated for multiple injuries by Grant Emergency Room staff. Driver of Unit 1 was cited for Driving Under Suspension and ACDA. Driver of Unit 2 stated he was stopped in traffic when Unit 1 struck him from behind. Driver of Unit 2 was treated for a head injury by Grant Emergency Room staff. Driver of Unit 2 was cited for driving with out an Operator's License.
20233117278,Franklin County,On 7/8/2023; at approximately 1:10 PM; Officer A. McDonald #2811 wearing the uniform of the day and working CPD marked cruiser 163 was dispatched to E. Main St. at S. 4th St. in response to an auto accident with injury. Upon arrival; Officer McDonald spoke with the driver of unit #1 who was identified by his Ohio drivers license as Matthew McEvily. Mr. McEvily stated that he was traveling E/B on E. Main St. approaching S. 4th St. Mr. McEvily stated that he had the green light and proceeded through the intersection when he struck unit #2; who he believes ran the red light at E. Main St. and S. 4th St. Officer M. Eschenburg #2734 responded to Grant Hospital to speak with the driver of unit #2 ( Patti Denny) who was transported by CFD Medic 1 for injuries sustained during the accident. Ms. Denny stated that she was traveling N/B on S. 4th St. approaching E. Main St. Ms. Denny stated that she had the green light and proceeded through the intersection when she was struck by unit #1. Ms. Denny's occupant; Patricia Toberen was also injured in the accident and transported to Grant Hospital by CFD Medic 3. Due to conflicting statements by both parties; Officer McDonald attempted to contact witnesses who had called in after the accident had taken place. Officer McDonald either didn't get an answer by phone; or the caller stated that they weren't sure who had the green light. 
20233123024,Franklin County,Driver of Unit 1 stated she was westbound on Morse Rd. approaching the intersection of Chesford Rd. and Morse Rd. in the left lane when Unit 2 struck her vehicle on the left side. She stated Unit 2 was making a left turn from the Subway parking lot when it struck Unit 1. Driver of Unit 2 was northbound on Chesford Rd. and stopped for the red light at Morse in the left hand lane. He stated the light turned green; and he began to make a left turn at the intersection when Unit 1 ran the red light and struck his vehicle. Driver of Unit 1 stated her left arm; leg; and neck were sore. She refused treatment at the scene but stated she would seek medical attention on her own as needed. Due to conflicting statements from both drivers; lack of evidence and no independent witnesses; Officers could not determine the at fault driver.Driver of Unit 2 did not have any valid driver’s license and was cited for NO OPS. 
20233127527,Franklin County,On 3/5/2023; at approximately 11:34 AM.; Officer A. McDonald #2811 wearing the uniform of the day and working CPD marked cruiser 160; was dispatched to 790 N. High St. at the Eagle Food and Beer Hall in response to an auto accident hit skip. According to the owner of unit #2; who was identified by his North Carolina drivers license as Andrew Hayes; his vehicle was parked on Warren St. at Kerr St. on the north side of the street. Mr. Hayes stated that when he returned to his vehicle after leaving work; he observed damaged to the passengers side of his vehicle. Mr. Hayes stated that someone left a piece of paper on his windshield with Connecticut tag AW23807 and red Mercury. Officer McDonald ran the tag through the LEADS database; but didn't find any results with the listed tag. Mr. Hayes was given a incident report number and advised to contact his insurance company. 
20233129547,Franklin County,Unit #1 was traveling north on International Gateway in lane #1 (far right); when it tried to turn into McDonalds parking lot (far left).  Upon attempting to turn left into the lot; Unit #1 crossed over three lanes of travel into the pathway of Unit #2; whom was also traveling north on International Gateway in lane #4 (far left).  Unit #1 was struck in the rear drivers side fender and rear drivers wheel buy Unit #2's front passenger bumper.
20233134101,Franklin County,On 8/3/2023; at approximately 9:12 AM; Officer A. McDonald #2811 wearing the uniform of the day and working CPD marked cruiser 163 was dispatched to 849 W. Rich St. in response to an auto accident hit skip. Upon arrival Officer McDonald spoke with Champaign Mullins. Ms. Mullins stated that her vehicle was parked in the rear of 849 W. Rich St. at approximately 10:00 PM the evening of 8/2/2023. Ms. Mullins stated that she returned to her vehicle and observed damage to the drivers side front of the vehicle. Ms. Mullins stated that she didn't have any suspect information to provide officers. Ms. Mullins was issued a incident report number for her insurance. 
20233135339,Franklin County,Unit 1 was traveling eastbound on Executive PKWY to the IR 270 NB ramp. Unit 1 stated he had a green light.   Unit 2 was traveling northbound on Sunbury Rd near Executive PKWY. Unit 2 stated she had a green light.  The front of Unit 1 struck the driver's side rear of Unit 2.  Conflicting statements between both units. Unable to prove which unit had the green light.  On 08-12-23; Officer Vickers was able to obtain surveillance video from 4435 Executive PKWY (McDonald's). This video shows Unit 1 waiting at the red traffic light on Executive PKWY. The light turns green and Unit 1 and following traffic proceed into the intersection. Unit 2 then approaches the intersection on Sunbury Rd (northbound). Unit 2 runs the red light and is struck by Unit 1.
20233137674,Franklin County,"On 7/19/2023 at approximately 2:23 PM; Unit #2 was in the drive thru line at the Wendy's located at 7400 Fodor Road (New Albany). The Driver of Unit #2 stated that as he was stopped waiting to move forward in line; Unit #1 which was directly behind; struck the rear of his vehicle at a low speed (less than 5mph). Driver of Unit #2 stated that he felt himself ""jolt forward"" from the impact. Driver of Unit #2 stated that the driver of Unit #1 did not stop and left the scene after the collision ocurred. Unit #1 was described as a Maroon Cadillac sedan being driven by an elderly looking white female. A partial tag of ""CS410"" was provided. Driver of Unit #2 stated that Wendy's employees told him that there were no cameras that witnessed the collision. Driver of Unit #2 was not injured and Unit #2 sustained a small dent to the middle of the rear bumper. There is currently no additional information on Unit #1 to follow up on. "
20233137921,Franklin County,On 8/13/2023 at approximately 11:06 AM; Officer A. McDonald #2811 wearing the uniform of the day and working CPD marked cruiser 163 was dispatched to I71SB at E. Broad St. in response to an auto accident with injury. Upon arrival; Officer McDonald spoke with the driver of unit #2 who was identified by his Florida drivers license as Christopher Love. Mr. Love stated that he was traveling S/B on I71S near Weber Rd. Mr. Love stated that the driver of unit 1 was merging onto the freeway. Mr. Love stated that the driver of unit #1 merged behind his vehicle. Mr. Love stated that the driver of unit #1 sped in front of him and reduced speed which forced Mr. Love to veer his semi truck onto the median. In order to avoid hitting the guard rail;Mr. Love veered and struck the rear of unit #1. Officer McDonald spoke with the driver of unit #2; Augustus Miller. Mr. Miller stated that Mr. Love went off the roadway and struck the back of his vehicle. Mr. Miller believed that Mr. Love intentionally drove into the back of his vehicle. Mr. Love had video of the incident which Officer McDonald reviewed. Officer McDonald observed Mr. Miller pull in front of Mr. Love and reduce speed. Officer McDonald could see Mr. Miller's brake lights in the video. Mr. Miller had open freeway in front of him and Officer McDonald didn't observe anything in front of Mr. Miller to force him to reduce speed. In order 
20233139855,Franklin County,Unit 1 was traveling west on E Livingston approaching 2111 E Livingston Ave at the Taco Bell to make a left hand turn. Unit 2 was traveling east on E Livingston Ave approaching 2111 E Livingston Ave. Unit 2 had the right away and was driving east when Unit 1 made a left hand turn into 2111 E Livingston Ave striking Unit 2 in on the driver side of the vehicle. The driver of Unit 2 was transported to Grant hospital in stable condition to be treated for neck and back pain  by Doctor Schneider. The Driver of Unit 1 contacted AAA to have their vehicle towed away. The Driver of Unit 2's vehicle was impounded to the City's impound lot at 2700 Impound Lot Rd. The Driver of Unit 1 was issued a citation for Right of way when turning left citation number CPD 082578. The Driver of Unit 2 was issued a citation for Suspended license w/driving privileges citation number CPD082579. 
20233139924,Franklin County,On March 26th; 2023 at 3:42AM; the operator of Unit #2 called in a complaint of a hit-skip while in the drive-thru line at Taco Bell located at 2421 S Hamilton Rd. On arrival; officers made contact with the operator of Unit #2 who stated that while waiting in the drive-thru line Unit #1 made contact with its front bumper to the rear bumper of Unit #2 at a low speed before driving off. Officers observed paint transfer on Unit #2. No injuries occurred.
20233146462,Franklin County,Unit #2 was traveling east on Renner Rd approaching Hilliard Rome Rd.  Unit #1 was exiting the parking lot of the McDonald's located at 5410 Renner Rd with intentions of turning east onto Renner Rd.  The driver of Unit #1 stated a vehicle that was stopped in westbound traffic waived her through.  Unit #1 entered the roadway and was struck by Unit #2 as she entered the eastbound lane.  Unit #1 was determined to be at fault and was cited.  The driver of Unit #2 stated his head struck the windshield and was treated at scene by Columbus FD Medic #26.  Unit #2 was towed from scene by the owner.
20233146809,Franklin County,Unit 1 was pulling out of the McDonalds parking lot at Alum Creek Dr. and E Livingston Ave. Unit 1 was negotiating a right-hand turn; Northbound; on to Alum Creek Dr.  Driver of Unit 1 reported that she was pulling into the left-hand turn lane on Alum Creek Dr.when Unit 2; who was traveling Northbound on Alum Creek Dr.; was struck by Unit 1.  Unit 1 then spun Eastbound and struck Unit 3; who was also traveling Northbound on Alum Creek Dr.  CFD Medic 15 responded and transported the driver of Unit 3 in stable condition to Grant Medical Center.  Driver of Unit 1 was issued a citation for failing to yield from a private drive.  Unit 1 called their own tow truck.  Unit 2 was towed by Pro-Tow for the owner.  Unit 3 was not disabled and was released from the scene.
20233147315,Franklin County,On 8/24/2023; at approximately 8:52 AM.; Officer A. McDonald #2811 wearing the uniform of the day and working CPD marked cruiser 163 was dispatched to N Glenwood Ave. and W. Broad St. in response to an auto accident. Upon arrival; Officer McDonald spoke with the driver of unit #2 who was identified by his Ohio drivers license as Brian Millar. Mr. Millar stated that he was in the turn lane facing W/B at W. Broad St. and N Glenwood Ave. to turn S/B. Mr. Millar stated that the driver of unit #1 was traveling E/B and veered into his lane resulting in the accident. Officer McDonald spoke with the driver of unit #1 who was identified by his Ohio temporary permit as David Bond. Mr. Bond stated that he crashed into Mr. Millar. Mr. Bond stated that he had just got off of work after working ten hours and believes that he fell asleep. As Mr. Bond was being issued the citation he then changed his version of the incident and stated that he didn't know what happened. Mr. Bond was issued a citation for fail to control and temporary permit violation. 
20233150047,Franklin County,Unit #2 was stationary facing westbound in the drive thru line at KFC. Unit #1 was driving southbound in the parking lot at Zettler Center Drive. Unit #1 stated she thought she was turning west and instead continued south driving off the elevated parking surface into the passenger door of Unit #2. Unit #2 complained of back pain and was treated on scene by CFD Medic 10. Unit #1 was cited for Failure to Control; Driving without a License; and Driving Under Financial Suspension. Unit #1 was arrested and slated for warrants on file. 
20233150182,Franklin County,On April 26th 2023; the driver of Unit 2; identified as Francis Tornes (OLN RT433174) was traveling East bound on Tussing Rd; then proceeded to turn left traveling North Bound on a unknown rd just South of Freedom Trail. Mr. Tornes was then rear ended by Unit 1 as Mr. Tornes attempted to turn into the McDonalds parking lot. Unit 1 then sped off continuing North bound on the unknown rd. Unit 1 was identifed as a white compact car. No physical description of the driver or license plate was seen. 
20233151422,Franklin County,On 8/30/2023; at approximately 9:31 AM.; Officer A. McDonald #2811 wearing the uniform of the day and working CPD marked cruiser 160 was dispatched to E. Main St. at the I71SB ramp in response to an auto accident with injury. Upon arrival Officer McDonald spoke with the driver of unit #1 who was identified by her Ohio drivers license as Sabrina Saadey. Ms. Saadey stated that she was traveling N/B off the I71Sb ramp to turn W/B on E. Main St. Ms. Saadey stated that she made the turn and crashed into unit #2.  Ms. Saadey stated that she was traveling in the E/B lane. Officer McDonald observed that the E/B lane only allows for traffic to travel N/B or make a E/B turn. Officer McDonald spoke with the driver of unit #2 who was identified by her Ohio drivers license as Ne'Vaeh Collins-Kyle. Ms. Collins-Kyle stated that she was in the W/B lane to travel N/B on the E. Main St. connector when the driver of unit #1 turned in front of her and caused the accident. Ms. Collins-Kyle was transported to Grant Hospital by CFD medic one for injuries sustained in the accident. Ms. Saadey was issued a citation for improper left turn. 
20233154366,Franklin County,Unit 2 was traveling Southbound on Hilliard Rome Rd.  Unit 1 was traveling Eastbound on US 40. Unit 1 failed to stop at a red light; striking Unit 2 in the right rear of the vehicle.  Unit 2 then continued up over the grass and came to a stop in the Taco Bell parking lot.  Unit 1 continued Eastbound on US 40.
20233160140,Franklin County,On 9/14/2023 at approximately 10:27 AM; Officer A. McDonald #2811 wearing the uniform of the day and working CPD marked cruiser 163 was dispatched to W. Broad St. and Marconi Blvd in response to an auto accident with injury. Upon arrival Officer McDonald spoke with the driver of unit #1 who was identified by his Ohio drivers license as Ronald Kientz. Mr. Kientz stated that he was turning E/B on W. Broad St. from Marconi Blvd. Mr. Kientz stated that he didn't see the pedestrian in the crosswalk and crashed into the pedestrian. Mr. Kientz stated that he believed the pedestrian had the right of way in the crosswalk. Officer McDonald spoke with Anthony Myers who stated that he was crossing the crosswalk when the driver of unit #1 crashed into him. Mr. Myers stated that he had the right of way in the crosswalk. Mr. Kientz was issued a citation for fail to yield to a pedestrian in the crosswalk. 
20233160221,Franklin County,On 9/16/2023 at approximately 9:10 AM; Officer A. McDonald #2811 wearing the uniform of the day and working CPD marked cruiser 163 was dispatched to W. Rich St. at McDowell St. in response to an auto accident with injury. Upon arrival Officer McDonald spoke with the driver of unit #2 who was identified by her Ohio drivers license as Airiyanna Luttrell. Ms. Luttrell stated that she was traveling W/B on W. Rich St. approaching McDowell St. Ms. Luttrell stated that the driver of unit #1 ran the stop sign and caused the accident. Officer T. Hammel #3155 spoke with the driver of unit #1 who was identified by his Ohio drivers license as Joseph McFadden. Mr. McFadden stated that he was traveling S/B on McDowell St. approaching W. Rich St. Mr. McFadden stated that he wasn't paying attention and ran the stop sign at McDowell St. and W. Rich St. Both vehicles were towed for the owners at scene. Mr. McFadden was issued a citation at scene. 
20233160529,Franklin County,On 9/17/2023; at approximately 8:01A.M.; Officer A. McDonald #2811 wearing the uniform of the day and working CPD marked cruiser 163 was dispatched to I-71 S/B at the I-70 E/B ramp in response to an auto accident. Upon arrival Officer McDonald spoke with the driver of unit #1 who was identified by OHLEG as Jalen Hutchins. Mr. Hutchins stated that he was traveling on I-71 S/B and merging onto the I-70 E/B ramp when he hydroplaned and struck a guard rail. Officer McDonald ran Mr. Hutchins through the LEADS database and Mr. Hutchins was driving under suspension. Mr. Hutchins was issued a citation for fail to control and driving under suspension. Mr. Hutchins' vehicle was impounded by Pro Tow. 
20233163804,Franklin County,Unit 1 was leaving the parking lot of Chipotle and Wendys to make a left turn to go west on Groveport Rd. Unit 1 observed a truck coming to which he reacted and changed his direction and struck Unit 2. Unit 1 was given a citation for failure to yield from private drive. 
20233164613,Franklin County,On 9/21/2023 at approximately 12:33 PM; Officer A. McDonald #2811 wearing the uniform of the day and working CPD marked cruiser 160 as unit 163; was dispatched to 365 Broadbelt Ln at the Arena Garage in response to an auto accident. Upon arrival Officer McDonald made contact with the owner of unit #2 who was identified by her Ohio drivers license as Kei Tsukamoto. Ms. Tsukamoto stated that her vehicle was parked in the parking garage on 9/20/2023. Ms. Tsukamoto stated that she observed damage to the front right of her vehicle but didn't have any contact with the driver of unit #1 who hit her vehicle. Ms. Tsukamoto made contact with Arena security who reviewed the security footage and observed a black Honda Pilot with Ohio tag KAV2012 attempt to park in a parking spot next to Ms. Tsukamoto's vehicle. The driver of unit #1; later idenfitied as Lucas Goodfellow; hits Ms. Tsukamoto's vehcile and then pulls away from unit #2 and parks in a different spot within the garage. Officer McDonald had Dublin PD respond to address of the registered owner of unit #1 to get their side of how the accident occured. Dublin PD spoke with the parent of Lucas Goodfellow; who stated that Lucas was scared and didn't know what to do in regards to exchanging information. Ms. Tsukamoto was given a CPD incident report number for the incident. 
20233165560,Franklin County,Unit #1 was parked in a parking spot in the Mcdonalds parking lot. Unit #2 was attempting to exiting the parking lot of Mcdonald's.  Unit #1 improperly backed from a parking spot; striking Unit #2. 
20233168634,Franklin County,U#1 was facing and traveling from N to S/E while exiting the parking lot of Wendy's 1920 Stringtown Rd Grove City; OH 43123.  U#2 was facing and traveling from E to W in the turn lane of Stringtown Rd.  U#1 failed to yield the right of way from a private drive striking its L/Front into U#2's R/F causing PDO.
20233172618,Franklin County,Unit 1 was located in the parking lot of Starbucks and Taco Bell. Unit 1 struck a concrete barrier causing damage to Starbucks property. Cruiser 91 attempted to make contact with the registered owner but was unsuccessful. The vehicle was impounded to the city impound lot. An employee of Taco Bell stated he was told by his manager that a week ago a female driving unit 1 struck the concrete barrier but no one ever called police to report the incident. Landscapers for Starbucks called police. 
20233178725,Franklin County,On 10/13/2023; at approximately 1:28 PM.; Officer A. McDonald #2811 wearing the uniform of the day and working CPD marked cruiser 163 was dispatched to E. Main St. and Parsons Ave. in response to an auto accident with injury. Upon arrival; Officer McDonald spoke with the driver of unit #1 who was identified by his Ohio driver license as Dwight Steward. Mr. Steward stated the brakes on his vehicle stopped working and he crashed into unit #2; who then was pushed into unit #3. Mr. Steward stated that after he struck unit #2 he turned his wheel to the left and side swiped unit #2 and unit #3. Mr. Steward was issued a citation for ACDA. Both unit #1 and unit #2 were impounded for the owners. 
20233180369,Franklin County,"On 10/16/2023; Officer A. McDonald #2811 wearing the uniform of the day and working CPD marked cruiser 163; along with Officer J. Clark #2544 working cruiser 162; were dispatched to the rear of 77 Belle St. in response to an auto accident with property damage only. Upon arrival; Officer Clark spoke with the driver of unit #1; Milexa Diaz-Perez. Ms. Diaz-Perez stated that she was attempting to park her vehicle and ""hit the gas instead of the brake."" As a result; Ms. Diaz-Perez struck unit #2; which was pushed into unit #3. Ms. Diaz-Perez was issued a citation for ACDA and No Operators License. "
20233182059,Franklin County,On 10/18/2023 at approximately 1:02 PM; Officer A. McDonald #2811 wearing the uniform of the day and working CPD marked cruiser 163 was dispatched to E. State St. at S. 6th St. in response to an auto accident hit skip. The driver of unit #2; Abdisamed Abdi; stated that he was traveling S/B on S. 6th St. approaching E. State St. Mr. Abdi stated that the driver of unit #1 struck the passengers side rear of his vehicle and sped off E/B on E. State St. Mr. Abdi stated that he believes the vehicle was a black Lincoln MKZ but stated that he wasn't able to get a license plate number or a description of the driver. Mr. Abdi was provided a incident report number for his insurance company. 
20233188366,Franklin County,UNTIS 1 & 2 WERE BOTH TRAVELING WEST ON E 5TH AVE JUST EAST OF N 9TH ST WHEN THE ACCIDENT OCCURRED.  UNIT 2 OPERATOR STATED UNIT 1 MADE A RIGHT TURN INTO HIS LANE AND STRUCK THE DRIVER SIDE FRONT CORNER OF HIS VEHICLE.  UNIT 1 OPERATOR STATED HE MADE A RIGHT TURN TOWARDS THE KFC PARKING LOT WHEN HE STRUCK UNIT 2.  UNIT 1 WAS AT FAULT AND CITED FOR IMPROPER RIGHT TURN.
20233190035,Franklin County,Unit 2 stated that he was behind unit 1 at a red light at the intersection of Bethel Rd and the entrance to Olengangy Plaza by the Wendys.  Unit 2 stated he was waiting behind unit 1 to head north on Bethel Rd.  Unit 2 stated unit 1 put his vehicle in reverse and started to back up and turn.  Unit 1 struck unit 2.  Unit 1 then left the scene eastbound on Bethel Rd and got onto 315 south.  Unit 2 described unit 1 as a gray vehicle.
20233190237,Franklin County,unit #1 was facing N/B and attempting to turn W/B across traffic. Unit #2 was traveling W/B on Granville St.  Driver of unit #1 was turning out of Wendy's; 77 Granville St; and turned into the side of unit #2. unit #1 was at fault and cited.     see cite #A204825
20233192613,Franklin County,Unit 1 was reversing out of a parking spot in a parking lot off Townsfair Way. The Unit 2 pedestrian was walking through the parking lot. Apparently neither party noted the other and the rear of Unit 1 struck the pedestrian in the lane of travel as she was walking across the parking lot. The pedestrian stated that she made contact with the driver and he aknowledged he had struck her. She stated he asked if she was ok but did not exit the vehicle. The pedestrian stated she was in shock and didn't really respond to the driver. She stated she walked away towards chipotle but did not enter the restaurant. The driver of Unit 1 proceeded to leave the scene of the accident. The pedestrian stated she did not request the Driver of Unit 1s information and that she was shocked the event had even occurred. She stated the driver had waved and she watched him drive away. The pedestrian did not want to be examined by a medic; did not complain of injury; did not walk with any type of limp or apparent injury; her clothing was in order and there was no dirt or smudge on them to indicate she had been in an accident.  she stated she had went to chipotle and gotten her food after the incident and then called police approximately 40 mins after it occurred and she had spoken to her boyfriend about the incident. A second officer performed a follow up on Unit 1s listed address; he was not home. 
20233195867,Franklin County,On 11/3/2023 at approximately 9:14 AM; Officer A. McDonald #2811 wearing the uniform of the day and working CPD marked cruiser 163; along with Officer N. Molnar #984 and Officer J. Clark #2544 working CPD marked cruiser 162 were disaptched to E. Spring St. at Willow Aly in response to an auto accident with injury. Upon arrival; Officer McDonald spoke with the driver of unit #1 who was identifeid by his Ohio drivers license as Jevon Collins. Mr. Collins stated that he was in the E/B lane exiting I71 S/B to Lester Dr. and E Spring St. Mr. Collins stated that he had the green line and proceeded S/B through the intersection at E. Spring St. and Lester Dr. Mr. Collins stated that the driver of unit #2 was travling W/B on Lester Dr. at E. Srping St. Mr. Collins stated that the driver of unit #2 ran the red light which resulted in the accident. Officer Clark and Officer Molnar spoke with the driver of unit #2 who was identified by his Ohio drivers license as Giuseppe Mangano. Mr. Mangano stated that he was traveling W/B on E. Spring St. approaching Lester Dr. Mr. Lester stated that he had the green light and proceeded through the intersection. Mr. Mangano stated that the driver of unit #1 ran the red light resulting in the accident. Officer Clark and Officer Molnar contacted two independent witnesses who stated that they saw the accident. One individual stated that they were behind 
20233198086,Franklin County,Officers arrived at 3788 W Broad St and observed Unit 2 with damage to the front right side. The driver of Unit 2 stated that she was pulling out of the Dunkin' Donuts and was making a left turn. The driver of Unit 2 stated that she had almost completed the left turn when Unit 1 was traveling south in the parking lot and struck her vehicle. The driver of Unit 2 stated that the driver of Unit 1 exited the vehicle and demanded cash immediately. The Driver of Unit 2  was getting her insurance card and called the police when the driver of Unit 1 re-enntered her vehicle and fled the scene. Officers attempted to obtain video footage from the Dunkin' Donuts but were unable to locate cameras that would have filmed the accident. 
20233198480,Franklin County,Crash occurred at 342 E Gay St.: DOMINOS. Per the victim; a customer came in and stated that the vestibule window was broken. The victim proceeded to inspect the window and believes an unknown vehicle hit the window and took off. No DOT; no suspect description; and no vehicle description.Estimated value is $750.00 to replace window.
20233198527,Franklin County,Driver of Unit 2 stated she was in the Taco Bell drive thru on the northwest corner of W 5th Avenue and Northwest Boulevard.  Driver of Unit 2 stated she was facing northbound behind other cars in line.  Driver of Unit 2 stated Unit 1 attempted to travel south in attempts to get around Unit 2.  Driver of Unit 2 stated Unit 1 slowly struck the front left portion of Unit 2.  Driver of Unit 2 stated Unit 1 never stopped after striking her vehicle.  Driver of Unit 1 is at fault for hit skip.  Drivr of Unit 2 stated that she wouild not be able to identify the driver of Unit 1 because the windows were tinted.  Driver of Unit 2 was able to get the license plate of Unit 1.  OH TAG JUP5759.  No injuries were reported.  
20233198742,Franklin County,Officers were dispatched to a report of hit-skip that occured at the intersection of Hamilton Rd. and Refugee Rd. Driver 2 stated that she was in the far right lane northbound on Hamilton Rd. and turning right onto Refugee heading East bound. As she was turning; a black 4 door sedan with tinted windows hit her vehicle on the driverside rear quater panel and drivers side rear tail light. Driver 2 stated that she was moving at about 10 MPH. Driver 2 stopped then driver 1 pulled into the parking lot of Wendy's about 50 feet East from the crash location and driver 2 followed into the parking lot. Both drivers got out of their vehicles. Driver 1 then got back into his vehicle and left the scene heading East on Refugee. 
20233199815,Franklin County,Unit 1 caused a traffic crash by rear-ending Unit 2 on private property; and then fleeing the scene without exchanging any information. Driver of unit 2 stated she was stopped in the drive-thru line at the McDonald's located at 1455 Cassady Avenue; when she was abruptly struck in the rear of the car by unit 1. Unit 2 driver got out and spoke briefly with unit 1 driver; who was stuck in the drive-thru lane momentarily. The driver handed unit 2 driver an old registration card; but nothing additional and never gave her his information or insurance info. Driver of unit 1 then drove out of the lot and fled onto I-670 Westbound. Unit 2 driver took a photo of unit 1's license plate; which registered to a local address at 1124 Lexington Avenue to a Mr. Bryan Birtcher. Officer Adkins later attempted contact at that home; but there was no answer at the door and the home appeared to possibly be vacant. Unit 2 was not found parked nearby either. Unit 1 driver was given the incident number for insurance purposes. 
20233200097,Franklin County,The driver of Unit #2 stated that she was stationary in the drive through line facing e/b at the Mcdonalds  (910 W. 5th Ave) when Unit #1 rear ended her vehicle. The driver and passenger of Unit #1 refused to exchange info and left the scene by forcing the driver of Unit #2 to take them to the area of E. Hudson St and Cleveland Ave. See P1 report (#########). No injuries were reported. Unit #1 was towed. 
20233200290,Franklin County,Unit 1 was traveling at a high rate of speed eastbound on E. Livingston Ave. Unit 1 made a right turn onto Baltimore Reynoldsburg Rd. running the red light. Unit 2 had the green light traveling southbound through the intersection from Lancaster Ave. Unit 1 struck Unit 2 on the right rear corner. Causing Unit 2 to spin up the embankment coming to rest in the Burger King parking lot. Unit 1 came to rest after spinning into the center lane of Baltimore Reynoldsburg Rd. The driver of Unit 1 stated he was traveling at speeds around 70-80 mph. The driver of unit 1 was cited.
20233202874,Franklin County,Officers mad contact with the driver of Unit 2 who stated they were traveling west in the parking lot of McDonalds into the drivethru when the driver of Unit 1 failed to yield to Unit 2 as unit 1 backed from a parking space. Unit 1 struck unit 2 with the rear right bumper; hitting Unit 2 on the rear left quarter. The driver of Unit 1 then left the scene of the accident without making contact with the driver of Unit 2.
20233206327,Franklin County,The Driver of Unit #2 stated he was traveling westbound on Tussing Rd. approaching Freedom Trail  heading to the McDonalds for food. The Driver of Unit #2 stated that Unit #1; an unknown black vehicle drove left of center; hit his passenger side mirror causing him to drive into the grass in the eastbound lanes striking a metal street sign that had the street names on it; rolling over and landing on top of a fire hydrant. The Driver of Unit #2 was unable to provide any description of Unit #1 other than it was black in color. The Driver of Unit #2 then stated he was in the turn lane; to turn onto Freedom Trail when the accident occurred; with Unit #1 coming straight at him causing him to swerve out of the way. The three passengers were also unable to provide any description of the vehicle other than it was black in color. The three passengers of Unit #2 all had slightly different stories of the event. Repositioning officers observed marks in the grass from Unit #2; the damage on Unit #2 is consistent with the Unit hitting a thick metal pole then rolling over and ending up on top of the fire hydrant. Three of the four occupants of Unit #2 were transported to Mount Carmel East Hospital. The Driver of Unit #2 stated his neck hurt. The left rear passenger was transported for a head ache and precaution due to her being pregnant. Continued on OH2
20233206558,Franklin County,Driver of Unit #1 stated that he was exiting the private drive of KFC when Unit #2 struck the front driverside of Unit #1. Driver of Unit #1 stated that he was stopped and was waiting for traffic to pass so that he could merge onto the roadway. Drive of Unit #1 stated that Unit #2 came out from around another vehcile and struck his. Rider of Unit #2  stated that she was riding her bike east on the service rd of Georgesville Rd when Unit #1 came out from the KFC. Rider of Unit # 2 stated that Unit #1 was partially in the roadway and when it struck her; Unit #2. Both Driver of Unit #1 and Rider of Unit #2 had conflicrting stories. No citations were issued due to having no idependent witnesses to confirm either side. Franklin Township Medic #192 responded to scene with no transports or treatment.
20233207573,Franklin County,Owner of Unit #2 states sometime overnight his vehicle was struck while it was legally parked and unoccupied on the street in front of 1681 Eastbrook Dr N. Owner of Unit #2 states his wife heard a noise around 2am on today's date. Witness #1; who lives a couple doors down; heard a loud noise around 1:30am and observed a dark colored SUV driving towards St.Lawrence Dr. Owner of Unit #2 drove around and observed a burgundy GMC; OH tag JDW9587; parked in front of 1852 St. Lawrence Dr. with fresh front end driver side damage. Owner of Unit #2 knocked on the door and got no answer. Said Officer made contact with the resident there who stated her neighbor at 1846 St. Lawrence Dr drives a burgundy GMC. She also stated she heard them outside talking about the damage which was on the front driver side. She then saw him drive off with the vehicle on a flat tire. Said officer attempted to make contact with the residents at 1846 St. Lawrence Dr. and got no answer at the door. Said officer also followed up on a tip the vehicle may be at the Wendy's at 1460 Harrisburg Pike. Said officer drove through the lot and found no vehicle matching the description. A peice of debris was taken from scene; but there was no vehicle found to match it to. There was paint transfer left behind which indicates a red/burgundy vehicle was involved. 
20233207841,Franklin County,Unit 1 was e/b on Morse Rd west of Trindel Way in the left thru lane. Unit 2 was e/b on Morse Rd west of Trindel Way in the center thru lane. Unit 1 came into Unit 2's lane causing the passenger side of Unit 1 to strike the rear left side of Unit 2. This is according to the driver of Unit 2; who stated Unit 1 did not stop at the scene and continued e/b on Morse Rd. The driver of unit 2 described Unit 1 as a white Toyota; possibly a Prius; bearing tag KFC137; which came back not on file. The driver of Unit 2 stated Unit 1 had a smashed passenger mirror and a black streak on the side. Unit 2 is a school bus for Westerville Schools which was equipped with a camera that may be able to obtain Unit 1's license plate at a later time. No injuries were reported and both units were driven from the scene.
20233208869,Franklin County,The incident occured at the intersection of Hilliard Rome Road and Renner Road. Upon arrival Officer made contact with unit# 1 who was traveling North bound on Hilliard Rome Rd attempting to make a left hand turn and head West on Renner Road. Unit#2 was traveling  South bound on Hilliard Rome Road and had a green light at the intersection. Unit #1 failed to yield on a left hand turn and was struck by unit #2 in the right rear of the unit. Unit #2 had damage on the left front. Unit #2 was traveling in the lane closest to the curb. After unit#2 made contact with unit# 1; Unit# 1 then continued off the roadway and struck a tree in the grass area between Hilliard Rome Road and the Mcdonalds restaurant parking lot. Officer then issued a citation to unit# 1 for failure to yield on a left hand turn. Unit #1 was then towed by request of the owner for safekeeping. An inventory of the vehicle was performed and the vehicle was towed to 2700 impound lot rd. Unit #1 and unit #2 exchanged insurance information and was provided a report number. No injuries were reported and unit #2 was able to leave the scene. 
20233212972,Franklin County,Officers were dispatched to a report of an injury crash. Officers observed disabling front damage to Unit 1 and Unit 2; who were each in the private parking lot of a Wendy's. The driver of Unit 1 (D1) and the driver of Unit 2 (D2) each stated D1 was driving west on Sullivant Ave approaching Crescent Rd and D2 was driving east on Sullivant Ave approaching Crescent Rd. D1 and D2 said both vehicles collided head-on while in the center eastbound lane of travel. D1 stated due to the heavy rainfall; he lost grip with the roadway and subsequently control of his vehicle and went left of the center line; striking Unit 1 head-on; causing the observed damage. D1 said he was attempting to turn left to go into the Wendy's parking lot on the southeast corner of Sullivant Ave/Crescent Rd. Based on the statements and visible damage; Unit 1 was found to be the at-fault vehicle and D1 was cited for Fail to Control on Citation #CPD031491. Both drivers complained of minor injuries (D1 bruising to his nose and D2 soreness in her legs) and each were treated by CFD medic #12 prior to officer's arrival. Unit 1 was impounded by a private tow truck at the request of D1. Unit 2 attempted to drive home but was later impounded by a private tow truck prior to her arrival at her house. 
20233217303,Franklin County,Driver of unit #2 stated she was stopped in traffic northbound on S. High St at Southland when unit #1 struck her in the rear. Driver of unit #2 stated the driver of unit #1 switched lanes and pulled into the apartments on Highview Landing; northeast of the crash location. Driver of unit #2  followed unit #1 and snapped a picture of the truck and its license plate. Driver #2 stated she yelled to driver #1 that he crashed into her and he said he was sorry; but refused to exchange information. Driver #2 described driver #1 as a younger male white with dark hair. Driver #2 then went to the McDonald's at S High St/Highview Blvd to wait for police. Officers were unable to locate unit #1 in the Highview Landing apartments; and had a 15 precinct officer check the last registered address for it as well; but did not locate it. 
20233220333,Franklin County,Unit 1 was waiting in the drive thru line at Wendys; Unit 2 was also waiting in line right behind Unit 1. Unit 1 for an unknown reason began to back there vehicle up and strike Unit 2. Unit 2 and Unit 1 both exited the vehicles and Unit 1 stated that she did not do any damage to Unit 2. Unit 2 stated that she cracked the bumper. Unit 1 got back into her vehicle and fled the scene. Unit 2 was able to get the license plate of Unit 1.  The license plate fits the description of the vehicle Unit 2 described. 
20233220357,Franklin County,On the listed date; time; and place Ofc. Bingham was dispatched to investigate a automobile crash. Upon arriving on scene Ofc. Bingham was met by the occupants of  Unit 1. Both occupants along with one witness stated that Unit 2 took off around the building after an argument at the order window at the Taco Bell. Unit 2 then came up behind Unit 1 and struck it in the right rear part of its bumper. Unit 2 then drove off southbound on Cleveland Ave. The witness and the victims were able to get a license plate from Unit 2. Ofc. Bingham advised Unit 1 occupants that a report would be taken and cleared the scene. Nothing further.  Recorded on B/C-66
20233220875,Franklin County,On 12/1/2023 at approximately 4:03 PM; Officer A. McDonald #2811 and Officer C. Canonico #3162 were dispatched to 411 Berkeley Rd. in response to an auto accident hit-skip. Upon arrival; officers spoke with the driver of unit #2 who identified himself as Morris Bryant. Mr. Bryant stated that he was traveling S/B on N. Nelson Rd. from E. 5th Ave. Mr. Bryant stated that he was coming to a stop in traffic when a silver Ford F-150 with Ohio tag JSG7585 crashed into the rear of his vehicle. Mr. Bryant stated that the silver Ford F-150 went left of center and continued traveling S/B on N. Nelson Rd. Mr. Bryant stated that he attempted to follow the vehicle but lost sight of the vehicle at Bryden Rd. and S. Nelson Rd. Mr. Bryant described the driver as a male white approximately thirty years old. Officers ran Ohio tag JSG7585 through the LEADS database and the tag didn't come back to a silver Ford F-150. Officers attempted to make contact at the listed address associated to tag JSG7585; but didn't receive a answer at the door. Mr. Bryant was given a incident report number and advised to contact his insurance company. 
20233222933,Franklin County,The traffic crash occurred on E. 17th Ave west of Jefferson Ave. The driver of Unit #1 left the scene of the accident but returned a short time later and stated he could not stop in time and struck Unit #2 in the rear causing damage. The driver of Unit #2 stated he was stopped in traffic when Unit #1 struck him from behind. The driver of Unit #2 also left the scene and drove to the McDonald's located at 821 E. 17th Ave where he contacted the police to report the traffic crash. The driver of Unit #2 was transported to OSU Main Hospital with lower back pain. The driver of Unit #1 was cited for ACDA. There were no other injuries reported at the scene.
20233223971,Franklin County,Unit #2 was traveling east on Tussing Rd at approximately 40 MPH in the right lane. The driver of Unit #2 stated that he changed lanes to continue east in the left lane; when Unit #1 attempted t complete a U-Turn in front of him. The driver of Unit #2 stated that as he continued forward; he struck Unit #1. The vehicles stayed in collision; crossing over the median and going off the side of the road into a ditch.The driver of Unit #1 stated that she had not attempted to make a U-Turn when she was struck by Unit #2. One occupant of Unit #1 was transported from the scene in stable condition by CFD Medic 32; for minor injuries. No other involved parties were injured from the crash. Officers spoke with several witnesses who stated that Unit #1 had attempted to make the U-Turn as the driver of Unit #2 had stated. Officers also watched footage from the nearby Taco Bell;  provided by the Listed Witness who is an employee there; which corroborated the Driver of Unit #2's story of events. Unit #1 was deemed at fault and issued a traffic citation for a U-Turn. Both Units had received disabling damage and were towed away from scene.  
20233224054,Franklin County,On March 30th at approximately 1:08 AM; west of the Harrisburg pike and Mound Street intersection; a silver scion XA(unit one) was traveling westbound on Mound Street when it veered off to the south side of the street; crossing the center line striking a stationary black ford fusion (unit 2) on the passenger side rear. After striking unit 2; unit one struck the north east coroner of the building located at 627 Harrisburg pike. The driver of unit one fled the scene before Police showed up. Unit 2 was in the driveway of the shopping center located at 627 Harrisburg pike when it was struck.   A witness that works at the Mcdonald's on the corner said he saw the accident. The witness stated that unit #2 was stationary in the driveway; about to pull out onto the street; when unit #1 struck unit #2 on the Passenger side rear of the vehicle. The witness stated that the driver of unit one was a female and she fled the scene right after the crash. 
20233224873,Franklin County,Unit 1 stated they picked up an order from Mcdonalds for Door Dash and backed out of her parking spot. Unit 1 stated the parking lot was extremely congested at the time of pick up. Unit 1 stated an employee was sweeping the parking lot and while backing she brushed him with her vehicle; however she did not see nor feel the impact and left the scene. Upon her arrival to pick up another order she saw Police on scene. Unit 2 stated he was sweeping and was struck by Unit 1 while his back was to her. Unit 2 stated he did not fall. Unit 2 watched Unit 1 leave scene without stopping. Unit 2 refused a medic to check his injuries.   Upon review of Mcdonalds Camera system it was confirmed that Unit 1 backed into Unit 2 and did not stop after the accident. 
20233225389,Franklin County,Driver of Unit 2 stated Unit 1 pulled out of the KFC lot attempting to turn left and failed to yield to traffic. Damages to both vehicles align with this account. Driver of Unit 1 when asked was unable to recount what happened. Driver of Unit 1 was cited with 2131.17A Failure to Yield - Left Turn CPD089818
20233225853,Franklin County,Unit #2 was traveling north on the side street of W Broad St between McDonalds and Taco Bell. When Unit #2 was approaching W Broad Street; Unit #1 came  out of the Taco Bell parking lot from the east at a high rate of speed and was about to hit Unit #2. In response; Unit #2 swerved clear of Unit #1 and side swiped the pole in the median. Unit #1 left the scene while Unit #2 went home and called officers for a report.
20233227568,Franklin County,"On the above listed date and time; at the above listed address; officers were dispatched to a report of hit/skip auto accident in the Burger King drive-through. When officers arrived; they made contact with the driver of Unit #2; who stated he was in he drive-through ordering food when Unit #1 rear ended him. He stated that both drivers got out of their vehicles and when he started to contact police; the driver of Unit #1 got back into their vehicle and left the scene heading into the Walmart parking lot. The driver of Unit #2 described the driver of Unit #1 as a female hispanic; about 5'3"" and 180 pounds; and around 35 years old. Officers observed visible damage to the rear bumper and back hatch of Unit #2. The driver of Unit #2 was able to take a photgraph of Unit #1 and the OH Tag. Officers provided he driver of Unit #2 with the incident number and advised they would be making a report. There were no injuries and Unit #2 was driven from scene."
20233230599,Franklin County,On the listed date and time driver of Unit #2 was attempting to leave the Chipotle parking lot to turn West onto Morse Rd. When doing so Unit #2 was rear ended causing minor damage to the rear left bumper. Unit #1 failed to exchange information and left the scene. 
20233232864,Franklin County,The crash occurred on E Livingston Avenue approximately 200 feet west of S James Road directly in front of McDonald's. The driver of unit #2 stated he was driving east on E Livingston Avenue in the curb lane. The driver of unit #2 stated the driver of unit #1 was in the passing lane and attempted to turn right (south) from the outside lane into the McDonald's parking lot resulting in unit #2 striking unit #1. The driver of unit #1 stated she was driving east on E Livingston Avenue in the passing (outside lane.) The driver of unit #1 stated she had turn signal on to turn right into the McDonald's. The driver of unit #1 stated she attempted to turn into the McDonald's from the outside lane resulting in unit #2 striking unit #1. The driver of unit #1 stated she believes the driver of unit #2 sped up while she was turning right. The Driver of unit #1 was transported to Grant Hospital by CFD Medic 823 and treated by Dr. Peoples. The front passenger of Unit #1 was tranpsported to Grant Hospital by CFD Medic 23 and treated by Dr. Peoples. Both Units were towed for owner by ProTow. The driver of unit #1 was issued a citation for Improper Right Turn.
20233237550,Franklin County,The collision occurred as Unit #2 was facing westbound at the stop sign.  Driver #2 felt a bump in her rear and turned northbound Westpointe Plaze Dr and pulled into the Taco Bell parking lot.  Driver #1 slowly followed her and signaled as if he were going to pull in behind Unit #2.  Driver #1 then turned westbound onto Westchester Woods Blvd and went northbound on Hilliard-Rome Rd.  Driver #2 describe the driver on Unit #1 as a white male with blue eyes and possibly having an license plate of KED8370.  Driver #2 stated the vehicle was a small black compact car but could not provide any additional information.
20233241464,Franklin County,On 12/27/2023 at approximately 1:39 PM; Officer A. McDonald #2811 wearing the uniform of the day and working CPD marked cruiser 165 was dispatched to 777 W. State St. in response to an auto accident with property damage only. Upon arrival Officer McDonald spoke with the driver of unit #1 who was identified by his Ohio drivers license as Mohamed Haikal. Mr. Haikal stated that he was at S. Davis Ave. and Capital St. traveling N/B when the driver of unit #2 crashed into the rear of his vehicle. Mr. Haikal stated that he believes the driver of unit #2 was speeding and not paying attention. Officer McDonald spoke with the driver of unit #2 who was identified by his Ohio drivers license as Samuel Smith. Mr. Smith stated that he was traveling N/B on S. Davis Ave. at Capital St. and observed the driver of unit #1 stopped in traffic. Mr. Smith stated that the driver of unit #1 backed his vehicle into Mr. Smiths vehicle. Due to the conflicting statements Officer McDonald attempted to review security camera footage 775 W. Broad St. The security footage shows Mr. Haikal backing into Mr. Smith. Mr. Haikal was issued a citation at scene for Backing Without Safety. 
20233242174,Franklin County,Unit #2 (victim) was traveling South on US 62 when he came to a stop at the intersection of US 62 and Eakin rd. As unit #2 was stopped at the intersection Unit #1 (at fault) rear ended unit #2 at about 5 MPH. Unit #1 turned right on Eakin Rd to clear the intersection and Unit #1 continued south on US 62. Unit #1 pulled into the parking lot of a Taco Bell; Unit #2 saw unit #1 pull into the parking lot and followed. Unit #1 originally denied that the accident happened and then told Unit #2 there's no damage and i have no insurance and then drove off. Unit #1 was driven by a Female Black; wearing a black and white nike sweater and sunglasses; she also had a nose ring in her left nostril.  
20233246638,Franklin County,Unit 2 stated he was walking through a crosswalk at the intersection of Cleveland Ave and 5th Ave when he was struck by Unit 1; a white SUV; unknown make; model and license plate. Unit 1 driver pulled over initially but then left the scene before police arrived and before exchanging information. There is video footage of the accident from the Burger King located at 1084 Cleveland Ave. CFD medic 18 treated driver of Unit 2 at scene; injuries unknown. At this time; Officers were unable to determine an at fault party.   
20233251422,Franklin County,On listed time and date Officers were dispatched to the listed location(McDonalds Parking Lot) where the driver of Unit 2 stated; Unit 1 ran into the rear divers side quarter panel with Unit 1's truck tire. The driver of Unit 2 stated that she was sitting in the parking spot at McDonalds when Unit 1 rubbed Unit 2 with its large truck tire while trying to park next to Unit 2. Unit 2 also stated that the drive of Unit 1 did it a second time when he backed out of the spot next to her and fled the scene... The driver of Unit 2 didn't have any description other than a white male driver and a photo of the license plate.
20233252617,Franklin County,Officer arrived at Unit 2 home at the listed date and time. Unit 2 stated she was in the wendys drive thru on Georgesville Rd. Unit 2 stated she was behind Unit 1 in queue to order. Unit 2 stated Unit 1 started backing up his vehicle and struck Unit 2 front bumper. Unit 2 stated they exchanged information out of the auto crash but wanted report from officers as well.
20233253571,Franklin County,Unit 1 turned south bound onto Summit St from the private drive. Unit 2 was traveling south bound on Summit St. Unit 1 merged in to the east most lane on Summit St and began to turn into the Subway Parking lot at 1866 Summit St. Unit 1 struck Unit 2 when Unit 1 merged and began to turn. The driver of Unit 1 stated that she did not see Unit 2. The driver of Unit 1 also stated that she believes that Unit 2 was speeding. The driver of Unit 2 stated that Unit 1 turned onto Summit St from the private drive and then merged in to the east most lane in front of Unit 2 striking Unit 2. The driver of Unit 1 received a citation for changing lanes without safety. No injuries were reported. Both Unit 1 and Unit 2 were towed from the scene. 
20233253826,Franklin County,The driver of Unit #2 stated she was traveling south on Georgesville Rd aproaching Clime rd North. The driver of unit Unit #1 stated she was turning out of the McDonalds exit; making a left hand turn. The driver of Unit #1 stated she did not see Unit #2 and failed to yield from a private drive; pulling out in front of unit #2. The driver of Unit #2 stated she did not have suffiecient time to stop; and rear ended Unit #1. Driver of Unit #1 was driving under suspension; driver of Unit #1 was cited for DUS and Fail to Yield from private drive. Unit #1 was impounded for Driving Under Suspension and taken to the impound lot; and Unit #2 was released.  The driver of unit #1 sutained a minor injury to her nose; and refused medical treatment.  No independent witnesses were available.  
20234044893,Franklin County,UNIT 2 WAS TRAVELING SOUTHBOUND ON AVERY-MUIRFIELD DR. NEAR THE INTERSECTION WITH HOSPITAL DR. UNIT 1 WAS TRAVELING NORTHBOUND ON AVERY-MUIRFIELD DR. ATTEMPTING TO TURN LEFT ONTO HOSPITAL DR. UNIT 1 FAILED TO YIELD RIGHT OF WAY WHILE TURNING LEFT AND WAS STRUCK BY UNIT 2 IN THE INTERSECTION. UNIT 1 THEN LOST CONTROL; HIT THE CURB; RAN OFF THE ROAD TO THE RIGHT; STRUCK A TRAFFIC SIGN AND THEN STRUCK THE SIGN FOR WENDYS.
20234045558,Franklin County,UNIT 1 WAS EASTBOUND EXITING CHIPOTLE; 641 S. STATE ST. UNIT 2 WAS SOUTHBOUND ON SR3 IN THE LEFT THROUGH LANE. UNIT 1 DRIVER STATED SHE TURNED SOUTHBOUND ONTO S. STATE ST. AND WAS STRUCK BY UNIT 2 ON THE FRONT LEFT. UNIT 2 DRIVER STATED HE CHANGED LANES FROM THE LEFT THROUGH LANE TO THE CURB LANE AND WAS STRUCK BY UNIT 1 ON THE RIGHT REAR TIRE AS HE CHANGED LANES. BOTH DRIVERS MOVED THEIR VEHICLES ONTO THE ACCESS ROAD TO THE WESTERVILLE PLAZA PRIOR TO MY ARRIVAL.
20234047655,Franklin County,UNIT 1 WAS SITTING AT THE EXIT TO MCDONALD'S ON THE EAST SIDE OF CLEVELAND AVE.  UNIT 2 WAS DRIVING NORTHBOUND ON CLEVELAND AVE.; DRIVING TOWARDS THE TURN LATE TO GO WEST ON W. MAIN ST.  UNIT 1 FAILED TO YIELD WHEN TURNING OUT OF THE PLAZA.  UNIT 1 MADE A LEFT TURN TO GO SOUTHBOUND ON CLEVELAND AVE.  UNIT 1 AND UNIT 2 COLLIDED WITH EACH OTHER.    UNIT 1 SUSTAINED DAMAGE TO THE DRIVER SIDE DOOR.  THE AIRBAGS ON THE DRIVER SIDE AND REAR PASSENGER SIDE OF THE VEHICLE WERE DEPLOYED.  UNIT 2 SUSTAINED
20234094391,Franklin County,UNIT 1 AND UNIT 2 WERE BOTH TRAVELING SOUTH ON STATE ST. AVE NEAR MCDONALD'S (662 S. STATE ST.). UNIT 1 WAS IN THE TURN LANE TO ENTER MCDONALD'S WHEN HE ATTEMPTED TO ENTER THE MIDDLE LANE TO GO AROUND ANOTHER VEHICLE IN FRONT OF HIM. UNIT 1 FAILED TO ENSURE THIS LANE CHANGE COULD BE MADE SAFELY AND STRUCK THE DRIVER'S SIDE OF UNIT 2 WHO WAS IN THE LANE.
20234182468,Franklin County,UNIT #1 HAD JUST TURNED RIGHT OUT OF MCDONALD'S AND GOING NORTH ON S STATE ST. UNIT #1 WAS TRYING TO CHANGE LANES TO THE LEFT TO GET INTO THE LEFT TURN LANE FOR W SCHROCK RD. UNIT #2 WAS NORTHBOUND IN THE LEFT THROUGH LANE OF S STATE ST. AND WAS ALSO GETTING READY TO CHANGE LANES INTO THE LEFT TURN LANE FOR W SCHROCK RD. UNIT #1 FAILED TO YIELD THE RIGHT-OF-WAY WHEN MERGING LANES AND STRUCK THE RIGHT FRONT OF UNIT #2 WITH THE LEFT REAR OF UNIT #1.
20235217247,Franklin County,Unit # 1 was slowly backing inside the Bricker Building during the unloading times at the Don Scott Antique Market.  Unit # 1 failed to observe a McDonald's sign located behind his van and struck it causing damage to the sign. 
20238136823,Franklin County,Unit 2 was stopped at the traffic light beside Mcdonalds on E Main St. Unit 1 failed to stop and struck unit 2 in the rear of the vehicle. The driver of unit 1 did stop with the driver of unit 2 and gave a name and phone number. The driver of unit 1 did not provide an ID or insurance information. Driver of unit 1 left the scene prior to our arrival. 
20238147181,Franklin County,Unit #1 was traveling eastbound on East Main Street; getting ready to make a left turn into the McDonalds parking lot; located at 4640 East Main Street. Unit #2 was traveling westbound on East Main Street; in the center through lane.  Unit #1 made a left turn into the McDonald's parking lot and failed to yield to unit #2. Unit #2 struck the front of unit #1 while unit #1 was turning.    Officer M. Abu-Hamdeh #116
20238209140,Franklin County,On November 16; 2023 at approximately 2225 hours; while patrolling the area of South Yearling Road at Doney Street I was flagged down by Branaghan Chandler the operator of the unit 2 vehicle who advised she was just involved in a hit/skip crash. She went on to explain as she traveling eastbound on Doney Street approaching the intersection of Doney Street at South Yearling Road the unit 1 vehicle struck her vehicle while turning on to Doney Street from South Yearling Road then proceeded to leave the scene. A witness Lajaya McDonald was able to show officers where the unit 1 vehicle fled to; where we were able to make contact with him. Upon making contact with the unit 1 driver Leonard Carter; he exhibited several signs of being high intoxicated and was arrested for OVI. Both involved units were able to provide insurance information for the vehicles involved. Photos of both vehicles were taken and a statement from Branaghan was provided. Leonard was cited for improper turn for the crash.     Ofc. T. Smith #120
20242021679,Franklin County,UNIT 1 WAS TRAVELING EASTBOUND ON CEMETERY RD AND WAS AT THE CEMETERY RD/LYMAN DR INTERSECTION. UNIT 1 WAS WAITING IN THE TURN LANE TO TURN NORTHBOUND ONTO LYMAN DR. UNIT 2 WAS TRAVELING WESTBOUND ON CEMETERY RD IN THE NUMBER ONE LANE OF TRAVEL. UNIT 2 WAS TRAVELING THROUGH THE CEMETERY RD/ LYMAN DR. INTERSECTION WHEN UNIT 2 DRIFTED -LEFT OF CENTER AND STRUCK UNIT 1'S FRONT DRIVER SIDE. THE DRIVER OF UNIT 2 STATED THAT HE WANTED TO TURN INTO WENDY'S BUT OVERSHOT THE INTERSECTION.
20242037665,Franklin County,UNIT #1 WAS NORTHBOUND ON MAIN STREET AND ENTERED THE CENTER LEFT TURN LANE IN ATTEMPTS TO TURN LEFT INTO MCDONALDS (3685 MAIN STREET). UNIT #2 WAS NORTHBOUND ON MAIN STREET IN THE LEFT LANE. UNIT #1 DID NOT TURN LEFT AND RE-ENTERED NORTHBOUND TRAFFIC; STRIKING UNIT #2. NO INJURIES WERE REPORTED AS A RESULT OF THE CRASH.
20242095732,Franklin County,UNIT 1 WAS TRAVELING ON S STATE ST NORTHBOUND. UNIT 1 RAN OFF THE ROAD RIGHT. UNIT 1 STRUCK A CURB; TREE; SIGN; AND BRICK WALL AND MCDONALD'S SIGN.
20242107524,Franklin County,UNIT 1 TURNED LEFT OUT OF THE KFC PARKING LOT. TO HEAD WEST BOUND ON BRIDGE PARK AVE. UNIT 2 WAS EAST BOUND ON BRIDGE PARK AVE. IN THE LEFT TURN LANE TO GO NORTH BOUND ON SAWMILL RD. UNIT 1 FAILED TO YIELD WHILE MAKING THE LEFT TURN ONTO BRIDGE PARK AVE. RESULTING IN UNIT 2 STRIKING UNIT 1 AS UNIT 2.
20242249165,Franklin County,UNIT 1 WAS TRAVELLING SOUTHBOUND ON MAIN  ST APPROACHING MCDONALD`S AT 3685 MAIN ST.  UNIT 2 WAS TRAVELLING NORTHBOUND IN THE  CENTER TURN LANE ON MAIN ST. ATTEMPTING TO   TURN LEFT INTO MCDONALD`S.  UNIT 2 FAILED TO   YIELD TO UNIT 1 AND PULLED IN FRONT OF UNIT 1. UNIT 1 STRUCK THE RIGHT SIDE OF UNIT 2  WITH THE FRONT OF UNIT 1; CAUSINTG A CRASH.   NO INJURIES WERE REPORTED.
20243001623,Franklin County,On 1/4/2024 at approximately 8:49 AM; Officer A. McDonald #2811 and Officer J. McCary #3181 wearing the uniform of the day and working CPD marked cruiser 165 was dispatched to W. Rich St. at Plato Pl. in response to an auto accident with injury. Upon arrival; Officer McDonald spoke with the driver of unit #1 who was identified by her Ohio drivers license as Doris Ramirez. Ms. Ramirez stated that she was traveling E/B on W. Rich St. approaching Plato Pl. Ms. Ramirez stated that she stopped at the stop sign and looked to make sure the intersection was clear. Ms. Ramirez stated that she entered the intersection and that the driver of unit #2 who was traveling S/B was speeding; which resulting in the collision between she and unit #2. Officer McCary spoke with the driver of unit #2 who was identified by her Ohio drivers license as Tania Penaranda-Serrate. Ms. Penaranda-Serrate stated that she was traveling S/B on Plato Pl. approaching W. Rich St. Ms. Penaranda-Serrate stated that the driver of unit #1 failed to yield at the stop sign which resulted in the accident. Officers observed that Ms. Penaranda-Serrate didn't have her child in a child restraint seat and was issued a citation for child restraint. CFD Medic 1 treated Ms. Penaranda-Serrata's son; Amir Miliner at scene. 
20243010361,Franklin County,On 1/14/2024 at approximately 1:41 PM; Officer A. McDonald #2811 wearing the uniform of the day and working CPD marked cruiser 163 was dispatched to N. Washington Ave. and E. Long St. in response to an auto accident with injury. Upon arrival; Officer McDonald spoke with the driver of unit #1 who was identified by his Ohio drivers license as William Festing. Mr. Festing stated that he was traveling E/B on E. Long St. approaching N. Washington Ave. Mr. Festing stated that he was in the far left lane. Mr. Festing stated that he was turning N/B on N. Washington Ave. when he was struck by unit #2. Officer McDonald spoke with the driver of unit #2 who was identified by his Ohio drivers license as Calvin Smith. Mr. Smith stated that he was traveling E/B on E. Long St. at N. Washington Ave. Mr. Smith also stated that he was in the far left lane and that Mr. Festing was in the middle lane. Mr. Smith stated that Mr. Festing was ahead of him in traffic and attempted to make a left hand turn; turning in front of Mr. Smith which resulted in the accident. Mr. Smith's occupant; Jamsine Rogers; was treated at scene by CFD Medic one. Both vehicles were inoperable and towed for the owners by PRO TOW. Due to no independent witnesses; no cameras for officers to review the accident; and conflicting stories; officers gave both parties a CPD incident report number and referred them to their 
20243010363,Franklin County,On 1/15/2024 at approximately 12:35 PM; Officer A. McDonald #2811 wearing the uniform of the day and working CPD marked cruiser 165 was dispatched to S. 4th St. and E. Fulton St. in response to an auto accident. Upon arrival Officer McDonald spoke with the driver of unit #1 who was identified by her Ohio drivers license as Tracy Maloney. Ms. Maloney stated that she was traveling E/B on E. Fulton St. at S. 4th St. Ms. Maloney stated that she was traveling through the intersection when she was struck by unit #2. Ms. Maloney stated that she had the green light as she proceeded through the intersection. Officer McCary #3181 spoke with the driver of unit #2 who was identified by his Ohio drivers license as Randall Hawk. Mr. Hawk stated that he was traveling E/B on E. Fulton St. approaching S. 4th St. Mr. Hawk stated that he had the green light and proceeded through the intersection. Mr. Hawk stated that the driver of unit #1 was traveling N/B and fail to stop at the red light and as a result he struck unit #1. Officers observed damage to the front of unit #2 and to the left side of unit #1; consistent with Mr. Hawk's statement. Officers spoke with a independent witness; Suzanne Lucas; who stated that she was traveling behind Ms. Maloney. Ms. Lucas stated that she was traveling N/B behind Ms. Maloney and that Ms. Maloney ran the red light at S. 4th St. and E. Fulton St. Ms. Maloney 
20243010364,Franklin County,On 1/20/2024 at approximately 1:02 PM; Officer A. McDonald #2811 wearing the uniform of the day and working CPD marked cruiser 163 was dispatched to N. 3rd St. at E. Spring St. in response to an auto accident with property damage hit-skip. Upon arrival; Officer McDonald spoke with the driver of unit #2 who was identified by his Ohio drivers license as Jose Bonilla. Mr. Bonilla stated that he was traveling W/B on E. Spring St. approaching N. 3rd St. Mr. Bonilla stated that he was in the furthest left lane. Mr. Bonilla stated the driver of unit #1 was traveling in the lane next to him. Mr. Bonilla stated that the driver of unit #1 attempted to pull into the Firestone entrance and turned into the right rear of his vehicle. Mr. Bonilla stated that the driver of unit #1 got out of his vehicle and Mr. Bonilla requested that they exchange insurance information. Mr. Bonilla stated that the driver of unit #1 told him that he didn't have insurance. Mr. Bonilla told the driver of unit #1 that he was going to call the police and the driver of unit #1 abruptly left the scene. Mr. Bonilla described the male as a male black; approximately 6'1; 220 pounds and thirty five to forty years old. Mr. Bonilla 
20243017006,Franklin County,On 1/27/2024 at approximately 12:50 PM; Officer A. McDonald #2811 wearing the uniform of the day and working CPD marked cruiser 163 was dispatched to 36 E. Gay St. in response to an auto accident with property damage only hit-skip. Upon arrival Officer McDonald spoke with the driver of unit #2 who was identified by her Ohio drivers license as Shawna Bailey. Ms. Bailey stated that she was traveling W/B on E. Gay St. at N. 3rd St. Ms. Bailey stated that a white jeep with a unknown tag failed to yield when exiting the parking lot on the N/W corner of E. Gay St. and N. 3rd St. Ms. Bailey stated that the white jeep crashed into the right rear of her vehicle. Ms. Bailey stated that she and the driver of the white jeep pulled over to 36 E. Gay St. in order to exchange information. Ms. Bailey stated that as she attempted to get her information from her vehicle. The white jeep drove away going W/B on E. Gay St. Ms. Bailey described the driver as a male white; approximately late thirty to early forty years of age; approximately 5'10 and 200 pounds. Officers attempted to get camera footage from a local business but were unsuccessful. Ms. Bailey was given a incident report number and referred to her insurance company. 
20243017034,Franklin County,The Driver of Unit #2 stated he was in the drive thru lane at the McDonald's located at the intersection of Alum Creek Ave. and E. Livingston Ave.  While the Driver of Unit #2 was in the drive thru the Driver of Unit #1 who was also in the drive thru in the lane next to the Driver of Unit #2 started backing up.  The Driver of Unit #1 backed up the vehicle into the Driver of Unit #2's vehicle.  The Driver of Unit #1 then left the scene heading southbound on Alum Creek Dr. without exchanging insurance information.  The Driver of Unit #2 was able to take a video of the Driver of Unit #1's vehicle before leaving the scene.  The Driver of Unit #1's vehicle appeared to be a red Chevy Malibu.  The Driver of Unit #2 stated the license plate to the Driver of Unit #1's vehicle as JAT 2482 which did not come back as the same description as the information given by the Driver of Unit #2.  The Driver of Unit #2 also stated the Driver of Unit #1 appeared to be a female.  The McDonald's possibly had video of the accident; but the video could not be accessed at this time.
20243019734,Franklin County,The crash occur off of the roadway.Unit #2 was in the drive through line at Mcdonalds stopped. Unit #1 rear ended Unit #1. Driver of Unit #1 then left the scene. Driver of Unit #2 was able to obtain the Ohio Drivers License Plate number of Unit #1.
20243019845,Franklin County,Driver of Unit 1 stated they were in the McDonald's Drive-thru waiting her order. Driver of Unit 1 stated she rear-ended Unit 2 by accident. Unit 1 was not sure if she made contact or not but pulled over to speak to Unit 2. The driver of Unit 2 stated she was in the drive-thru lane when she felt unit 1 rear-end her vehicle. Both vehicles had little to no damage. Driver of unit 2 was at a complete stop. Driver of Unit 1 was cited for No Ops. Unit 1 was driven away by a licensed driver.
20243020743,Franklin County,U#1 was facing from E to W and exiting the W side exit of KFC parking lot 1970 Stringtown Rd. U#2 was facing from S to N on Gantz Rd.  U#1 failed to yield the right of way from a private drive and caused U#2 to lay down the motorcycle to avoid crashing into the side of U#1.  U#1 then left the scene without exchanging information as a witness obtained and then reported U#1's information.
20243026063,Franklin County,Operator of Unit #2 stated he was driving N/B on Harrisburg Pike and Unit #1 hit his back bumper. Operator of Unit #2 stated he pulled in to the McDonalds parking lot just west of where he was hit because he saw the Operator of Unit #1 pull in there. Operator of Unit #2 stated he mentioned to Operator of Unit #1 that he hit his car and Operator of Unit #2 stated he had dashcam and he was cut off by Operator of Unit #2. Operator of Unit #2 stated the Operator of Unit #1 drove off and he followed him for some distance while he was trying to get away while he was on the phone with 911. Operator of Unit #2 stated he was not able to continue following him. Medics were not called to scene. 
20243034431,Franklin County,On 2/29/2024 at approximately 8:57 AM; Officer A. McDonald #2811 and Officer A. Earle #3091; wearing the uniform of the day and working CPD marked cruiser 160 were dispatched to S. Front St. and W. Mound St. in response to a auto accident. Upon arrival Officer McDonald spoke with the driver of unit #2 who was identified by his Ohio drivers license as Kenneth Pompili. Mr. Pompili stated that he was traveling N/B on S. Front St. approaching W. Mound St. in his city vehicle. Mr. Pompili stated that he had the green light and proceeded through the intersection when he was struck by unit #1 who had a red light. Officer Earle spoke with a witness; OSP Trooper Ahmed #1471. Trooper Ahmed stated that he was traveling behind unit #1 and that unit #1 ran the light. Officer Earle spoke with the driver of unit #1 who was identified by his Ohio drivers license as Keith Pendergast. Mr. Pendergast stated that he was unsure as to whether or not he had the red or green light. Mr. Pendergast was issued a citation for running the red light. The city vehicle with brass tag 26760 was impounded to Groves Rd. by Pro Tow. Mr. Pendergast vehicle was towed for the owner by Pro Tow. 
20243037511,Franklin County,Unit 1 stated they were Southbound Wendys Drive making a left hand turn to Eastbound Henderson Rd.  Unit 1 stated they did not see the individual in the road and thought he was jay walking.  Pedestrian did not remember the incident.  Pedestrian head struck pavement so it makes sense he would not remember the indident.  The pedestrian was not in a cross walk but did look as though he was crossing the street at the nearest and best place to cross the road. Unit 1 provided citation for being the at fault party in the collision.
20243039435,Franklin County,"UNIT # 2 STATED SHE WAS IN THE LOT OF MCDONALD'S WHEN SHE WAS REAR ENDED BY UNIT # 1. THE DRIVER OF UNIT # 1 STATED TO HER "" YOU'RE GONNA TURN ME IN FOR A LITTLE SCRATCH LIKE THAT""? UNIT # 2 THEN DROVE OFF WITHOUT EXCHANGING INFORMATION. NO INJURIES REPORTED."
20243041406,Franklin County,Driver of Unit #2 stated that he was in the drive-thru at the McDonald's at 1616 Morse Rd. when Unit #1 backed into Unit #2.  The Driver of Unit #2 stated that when he got out of his vehicle Unit #1 took off.  Driver of Unit #2 stated that Unit #1 left westbound on Morse Rd.  Driver of Unit #2 described Unit #1 as a black or dark gray SUV of unknown make and model. The driver of Unit #2 provided a name and phone number of a witness.  When attempt was made to contact the Witness; the phone number was not a working number.  The management at McDonald's was contact to review any video of the crash.  McDonald's management advised that they do not have access to the video at their store and provided a corporate phone number; 614-781-8880; who could provide the video.  Attempt was made to contact the corporated number for McDonald's; all calls went to a voice mail.  Driver of Unit #2 reported no injuries.
20243043232,Franklin County,On 3/4/2024 at approximatley 9:38 AM; Officer A. McDonald #2811 wearing the uniform of the day and working CPD marked cruiser 163 was dispatched to E. Main St. and S. Grant Ave. in response to an auto accident with injury. Upon arrival; Officer McDonald spoke with the driver of unit #1 who was identified by her Ohio drivers license as Katie Hillberry. Ms. Hillberry stated that she was traveling W/B on E. Main St. approaching S. Grant Ave. Ms. Hillberry stated that she turned S/B on S. Grant Ave. and failed to yield while making a left hand turn resulting in a collision with unit #2. Officer McDonald spoke with the driver of unit #2 who was identified by her Ohio drivers license as Linise Turner. Ms. Turner stated that she was traveling E/B on E. Main St. approaching S. Grant Ave. Ms. Turner stated that the driver of unit #1 attempted to make a left hand turn in front of her resulting in the accident. Ms. Hillberry was issued a citation for fail to yield from a left hand turn. 
20243044223,Franklin County,Unit 1 was traveling northbound on Riverside Dr approaching Fishinger Rd. Unit 2 was exiting the Mcdonalds Parking lot at the intersection of Riverside Dr and Fishinger Rd. Unit 2 attempted to make a right turn from the McDonalds parking lot onto Riverside Dr causing Unit 1's passenger right to strike Unit 2's driver side left. All units declined medical attention while on scene. Unit 2 was issued a citation for failure to yield. Unit 2 was advised of her court date and that because of her age she was required to appear with a parent or guardian.
20243047331,Franklin County,This three vehicle accident occurred on private property at 2133 E Livingston Ave (Wendy's).  Driver of Unit #2 stated he was stopped along the building waiting for his food; when he observed Unit #1 backing up towards him from the Popeye's lot.  Driver of Unit #2 stated he couldn't do anything and Unit #1 struck him.  Driver of Unit #3 also sated he was stopped along the building waiting for his food.  Driver of Unit #3 stated that Unit #1 came from nowhere and struck him.  Driver of Unit #1 stated he was backing out of a parking spot at Popeye's; when he saw headlights coming towards him.  Driver of Unit #1 stated he tried to move forward; but his vehicle went backwards.  Driver of Unit #1 stated his brakes seemed like they weren't working; causing him to strike the other vehicles.  Driver of Unit #3 was transported to OSU East Hospital by CFD Medic 15 for back pain.  Passenger of Unit #3 was treated at scene by CFD Medic 15.  There were no other reported injuries at this time.  No citation was issued; due to the accident occurring on private property.   
20243048014,Franklin County,On 3/21/2024 at approximately 11:57 AM; Officer A. McDonald #2811 wearing the uniform of the day and working CPD marked cruiser 163 along with Officer A. Earle #3091 working CPD marked cruiser 165 were dispatched to W. Rich St. and S. Skidmore St. in response to an auto accident with injury involving a COTA bus. Officer McDonald spoke with the driver of unit #2 who was identified by her Ohio drivers license as Kimberly Stubblefield. Ms. Stubblefield stated that she was driving E/B on W. Rich St. approaching S. Grubb St. Ms. Stubblefield stated that the driver of unit #1 was traveling N/B on S. Grubb St. and failed to yield at the stop sign resulting in the accident. Officer Earle spoke with the driver of unit #1 who was identified by his Ohio drivers license as Mema Konate. Mr. Konate stated that he was traveling N/B on S. Grubb St. approaching W. Rich St. Mr. Konate stated that he turned E/B on W. Rich St. and failed to yield for the bus traveling E/B resulting in the accident. CFD Medic ten arrived at scene and transported Misty Woolfork to Mt. Carmel Franklinton for knee pain. CPD medic three responded and transported a second occupant; Mekiah Upshaw; to Grant Hospital for neck; knee; and wrist pain. Officer Earle ran Mr. Konate through the Leads database and Mr. Konate was driving under suspension. Mr. Konate's vehicle was impounded to the CPD impound lot by Pro Tow. 
20243048196,Franklin County,Unit 1 was northbound on Riverside Dr approaching Fishinger Rd. Unit 2 was at the McDonald’s parking lot at the intersection of Riverside Dr and Fishinger Rd. Unit 2 attempted to make a right turn from the McDonald’s parking lot onto Riverside Dr. Unit 2 while making his right turn failed to yield to Unit 1 causing the passenger right front of Unit 1 to strike the driver side front of Unit 2. Both units declined medical attention. Unit 2 was issued a citation for failure to yield (4511.43) and advised of his court date. Unit 2's insurance was unable to be verified because the insurance card produced was expired as of May 2023. 
20243052165,Franklin County,The accident occurred on Alum Creek Rd; south of E. Livingston Ave.  Unit 1 was waiting to turn southbound on Alum Creek Dr from the McDonald's parking lot.  A van; stopped in the northbound curb lane; gave a hand gesture signaling to unit 1 to go ahead; presuming that there was no northbound traffic; unit 1 proceeded forward and struck unit 2 that was northbound in the left lane of Alum Creek Dr.  The driver of unit 1 admitted to being at fault in the accident.  
20243057134,Franklin County,The driver of Unit 2 stated Unit 1 backed into her vehicle as she was travelling through the McDonalds parking lot at 1972 N High St. The driver of Unit 2 stated the driver of Unit 1 got out and stated they did not have a license before eventually fleeing the scene just before officers' arrival. Officers were unable to locate Unit 1 or its driver. The driver of Unit 2 provided a photograph of Unit 1 and its driver. The photo shows a red Acura TLX sedan with an OH tag of JDL3637. The driver is a black male wearing a black hoodie with jeans and a black hat. No injuries were reported. Unit 2 suffered minor damage to the drivers' side near the rear wheel well. 
20243061504,Franklin County,On 4/11/2024 at approximately 12:43 PM; Officer A. McDonald #2811 and Officer A. Earle #3091 wearing the uniform of the day and working CPD marked cruiser 165 were dispatched to SR315SB/MM1 in response to an auto accident hit skip. Upon arrival; Officer McDonald spoke with the driver of unit #2 who was identfied by her Ohio drivers license as Jennifer Clark. Ms. Clark stated that she was traveling N/B on SR315 S approaching the W. Broad St. exit. Ms. Clark stated that she was travling in the middle lane. Ms. Clark stated that a semi truck was traveling in the far left lane and attempted to change lanes and began entering her lane of travel. Ms. Clark stated that she applied the brakes and the semi driver made contact with her vehicle. As a result; Ms. Clark's vehicle began to spin and she struck a concrete wall. Ms. Clark stated that the semi truck continued S/B on 315S/B. Ms. Clarks vehicle was impounded for the owner by Pro Tow.  *** ADDITIONAL SEE OH-2 ***
20243070628,Franklin County,The driver of unit #2 stated that she was traveling westbound on a Private Dr. on a parking lot and was making a left turn onto the lot of the Wendy's at 6740 E. Broad St. when unit #1; which was traveling eastbound on the same Private Dr. lost control and slid before striking unit #2.  Unit #1 was a motorcycle and the rider of unit #1 stated that he was traveling eastbound on  a Private Dr. on a parking lot near the Wendy's at 6740 E. Broad St. when he saw unit #2; which was traveling westbound on the same Private Dr.;  making a left turn in front of him.  The rider of unit #1 stated that he tried to make a right turn onto the lot of the Wendy's in order to avoid unit #2 but unit#1 slid and then struck unit #2. The rider of unit #1 complained of pain to the shoulders; head and buttocks and was transported by Columbus Fire medic 35 to Mount Carmel East hospital to be treated by Dr. Stephen Gentile.
20243077744,Franklin County,"The accident occurred at the intersection of Augmont Ave and Groveport Rd. The driver of Unit#2 stated she was traveling northbound on Groveport Rd approaching the intersection of Augmont Ave planning to continue to travel northbound through the intersection. Unit#1 at the stop sign pulled out into the intersection turning southbound in front of Unit#2 causing a collison with Unit#2 striking Unit#1 on the drivers side door. The driver of Unit#1 stated she was pulling out from the intersection on Augmont Ave to Groveport Rd heading south when she was struck by Unit#2 on the drivers side. The driver of Unit#2 was transported to Grant Medical Center by Columbus Fire Medic 4 where she was treated for minor injuries. Unit#2 was towed from the scene to the Columbus Police impound lot. Unit#1 remained at scene off the road and the driver of Unit#1 was cited for failing to ""yield turning left from stop sign - 2131.18A"". Wendy Martinez 614-965-7581; the property owner at 3277 Groveport Rd; suffered complete damage to her fence that separates Groveport Rd and her property from Unit#1 striking her fence."
20243081666,Franklin County,Officers responded to a hit-skip at the McDonalds on E Main St and S Grant Ave. Officers spoke to the driver of Unit 2 who told police that Unit 1 backed into her car while she was in the second Drive-thrue lane from the building. Unit 1 was followed by a witness who said Unit 1 was a yellow pick-up with a temporary tag but did not have any other information. Unit 1 was unale to be seen from viewed cameras at Franklin Univeristy and McDonald's security systems.
20243083869,Franklin County,"The driver of Unit #2 stated he was traveling when he was struck from behind by Unit #1. The driver of Unit #2 stated he tried to speak to the driver of Unit #1; but was ignored. The driver of Unit #2 described the driver of Unit #1 as male; mixed race; 32-35 years old; with arm tattoos; wearing a military uniform and hat. The driver of Unit #2 provided a picture of Unit #1 showing a black Hyundai Sonata; Ohio license plate ""KFZ1056. "" The driver of Unit #2 had returned home in Unit #2 and reported no injuries. The driver of Unit #2 showed officers damage to the rear bumper of Unit #2; Unit #2 had previous damage not caused by the accident on the rear bumper as well. Officers contacted the Columbus Police Communications center and requested a follow-up be conducted at the registered address for the license plate provided for Unit #1. The driver of Unit #2 was unsure of where he was driving when struck. He provided Silver Drive and Cleveland Avenue; which are parallel to each other. Officers used the photo provided by the driver; showing a Burger King in the background; and his description of how he was driving home (planning to turn onto northbound IR 71)  to narrow down a possible area near E. 5th Avenue and Cleveland Avenue of where the accident occurred. "
20243084406,Franklin County,Accident occurred in the Mcdonald's parking lot at 1972 N High St.  Driver of unit 2 states that both units were parked in the lot with unit 1 facing northeast and unit 2 facing southwest in the parking spaces.  Driver of unit 2 states that he began to back out of the space and observed unit 1 backing out at the same time.  Driver of unit 2 states that he stopped and then signaled with his horn several times; but unit 1 continued backing and struck his vehicle.  Driver of unit 2 states that the driver of unit 1 was a male hispanic.  Driver of unit 2 states that he was going to call the police and driver of unit 1 got back into his vehicle and left the scene without providing any information.  Driver of unit 2 took a picture of the rear of unit 1 including the license plate.  
20243086402,Franklin County,On 5/6/2024 at approximately 1:37 PM; Officer A. McDonald #2811 wearing the uniform of the day and working CPD marked cruiser 165 was dispatched to E. Spring St. and N. 3rd St. in response to an auto accident with injury. Upon arrival Officer McDonald spoke with the driver of unit #1 who was identified by his Ohio drivers license as Jeffrey Ruetty. Mr. Ruetty stated that he was traveling S/B on N. 3rd St. approaching E. Spring St. Mr. Ruetty stated that he proceeded thru the intersection and was unclear as to whether he had the green light or not. Officer J. Frisch #2456 responded to Children's Hospital to speak with unit #2 who was identified as Anjillinna Robinson. Ms. Robinson stated that she was traveling W/B on E. Spring St. approaching N. 3rd St. Ms. Robinson also stated that she was unsure what happened to result in the accident. Officer McDonald was provided a phone number from CFD medic one for a independent witness. Officer McDonald contacted the listed witness who stated that they observed unit #1 run the red light resulting in the accident. Ms. Robinson's son; Jaiden Church was transported to Children's Hospital by Medic 1 in stable condition. Ms. Robinson was also observed at Children Hospital for sore ribs. 
20243088583,Franklin County,Driver of Unit 2 stated he was traveling E/B on W 5th Ave approaching the intersection of Delashmut Ave.  Driver of Unit 2 stated Driver of Unit 1 made a left turn from the McDonald's parking lot to travel E/B on W 5th Ave.  Driver of Unit 2 stated Unit 1 struck Unit 2 on the driver's side door.  Driver of Unit 1 stated he was making a left turn from the McDonald's parking lot to go E/B on W 5th Ave when Unit 1 struck Unit 2.  Damage from both vehicle's is consistent with the driver's stories.  Driver of Unit 1 was cited for Fail to Yield From A  Left Hand Turn and No Ops and given a court date.  Driver of Unit 1 was unable to provide insurance.   Unit 1 was impounded at 2700 Impound Lot Rd.
20243091029,Franklin County,Unit #2 and Witness had different statements in regards to what occurred. Operator of Unit #2 stated Unit #1 was travelling westbound on W Mound Street in the left lane at a high rate of speed and struck Unit #2 as she attempted to make a left turn out of the McDonalds parking lot onto W Mound Street. Witness stated both Units #1 and Unit #2 were westbound on W Mound Street; Unit #2 stopped in the left lane to make a lefthand turn into the McDonalds parking lot; and Unit #1 attempted to swerve left around Unit #2 into the oncoming lanes as the left turn was made; striking Unit #2. Due to conflicting stories; Unit #2 was not cited for an improper left turn. Officers observed that the damage Unit #2 sustained is not consistent with Witness's account of the order of events. Officers were also unable to speak to Unit #1 for their statement on what occurred and no video evidence was available for Officers to investigate. Witness and Unit #2 stated Unit #1 pulled into the parking lot west of McDonalds; removed Unit #2's bumper that got stuck in his vehicle; and continued westbound on W Mound St without exchanging information with Unit #2. Witness stated the truck was a late 1990s or early 2000s Chevy S-10 being driven by a white male and had no further. Unit #2 was driven home from scene. CFD Medic 10 evaluated both occupants of Unit #2 on scene with no treatments.
20243093421,Franklin County,Unit # 01 was traveling west bound in lane # 01 on International Gateway approaching 4250 International Gateway; when Unit # 02 also traveling west bound in lane # 02 attempted to turn into McDonald's striking Unit # 01. Unit # 01 and Unit # 02 both sustained damage to the vehicles. No injuries were reported.
20243097622,Franklin County,BOTH UNITS 1 AND 2 WERE TRAVELING WESTBOUND ON CENTRAL COLLEGE ROAD. UNIT 2 WAS MAKING A LEFT-HAND TURN INTO THE TACO BELL DRIVE. UNIT 1 STRUCK UNIT 2 IN THE REAR. UNIT 1 WAS CITED FOR ACDA.   
20243098472,Franklin County,The driver of unit 1 was attempting to exit the parking lot of Wendy's located at 3445 S High St onto a service road when unit 1 struck unit 2. Unit 2 was traveling west on the service road when it was struck. The driver of unit 1 and a passenger in unit 2 were taken to Grant Hospital to be treated by ER staff for minor injuries. 
20243102203,Franklin County,U1 was travel EB on Morse road. U1 stated they were in the turn lane at wendys when they went to merge right into the straight lane. U1 stated U2 was two lanes away from the turn lane and when she merged right; then was struck by U2. U2 stated he was in the straight lane next to the left turn lane when U1 suddenly merged with no singal and he was unable to stop.
20243104505,Franklin County,Unit 2 was stopped on Dublin Granville Rd WB for traffic ahead of him that was stopped for the red light at the intersection of Harlem Rd. Unit 1 states she was looking at the grass and also distracted by Taco Bell  on the passenger seat. Unit 1 failed to stop in time and did strike the rear of Unit 2 causing minor damage to both vehicles.    
20243105382,Franklin County,Unit #2 was parked and unoccupied in the parking lot and parking space assigned to 550 W. Town St. Unit #1 was parked in the same parking lot and in the space assigned to 542 W. Town St. The driver of Unit #1 backed out of their parking space causing the left side of Unit #1 to strike the right rear of Unit #2 causing minor damage to Unit #2 and unknown damage to Unit #1.  Unit #1 then left the scene without stopping and exchanging information.  The owner of Unit #2 witnessed the accident and advised that a female was driving Unit #1; a black Ford SUV (unknown tag). Officer McDonald spoke to a neighbor who advised that the resident of 542's name was Maureen and provided a phone number of (614)264-4641.  Officer McDonald attempted to call Maureen but received no answer. Officers will conduct further follow-up in the upcoming week.
20243108444,Franklin County,On 6/21/2024 at approximately 9:11 AM; Officer A. McDonald #2811 wearing the uniform of the day and working CPD marked cruiser 163; was dispatched to 1043 W. Broad St. at the UDF in response to an auto accident with property damage only hit-skip. Upon arrival; Officer McDonald spoke with the driver of unit #2; who identified herself as Brianna Mattox. Ms. Mattox stated that she was at pump three pumping gas with her son on the drivers side of the vehicle when the driver of unit #2 pulled in an struck the passengers side rear of her vehicle. Ms. Mattox stated that she immediately walked to the passengers side on the vehicle to observe the damage and the driver of unit #2 fled the scene going S/B on Dakota Ave. at a high rate of speed. Ms. Mattox described the hit skip vehicle as a tan; older model Lincoln with a chrome rear pumper. Ms. Mattox stated that the driver of the hit skip vehicle was a female white; approximately 25-30 years old with her hair in a bun. Officer McDonald spoke with the manager at UDF; Mary Williams; who showed Officer McDonald security footage. Ms. Williams was sent a AXON link to upload the hit skip footage. Ms. Mattox was given a incident report number and advised to contact her insurance company. 
20243110703,Franklin County,"Unit 1 and Unit 2 were stopped facing south in the McDonald's parking lot approaching Airport Dr. The Driver of Unit 2 stated that he was stopped behind Unit 1 when Unit 1 began backing up and struck Unit 2. The driver of Unit 2 stated that he exited his vehicle and told the Driver of Unit 1 to wait but the Driver of Unit 1 exited the parking lot and continued west on Airport drive. The Driver of Unit 2 was able to take a picture of Unit 1. Officers provided the Driver of Unit 2 with an evidence link. The driver of Unit 2 describe the suspects as African American between the ages of 20-30 year olds. Officers conducted follow up at the address registered to the vehicle and spoke with the Driver of Unit 1. The Driver of Unit 1 stated that he began backing up to make room for another vehicle entering the parking lot. The Driver of Unit 1 stated that while reversing Unit 1 ""tapped"" Unit 2. The Driver of Unit 1 stated that he attempted to exchange his information with the Driver of Unit 2 but due to a language barrier he was not able to so he left the scene. "
20243114513,Franklin County,Unit # 2 was stopping in the McDonald's parking lot drive through when Unit #1 struck the rear of Unit # 2. Unit # 1 then fled the scene. Unit # 2 advised; the license plate on the vehicle was KIZ8263. Driver of Unit # 2 said; the driver was a black male. The driver description of Unit # 1 does not match the registered owner.  On June 30; 2024; at approximately 1830 hours; I contacted Licking County Sheriff's Office; in reference to contacting the registered owner of unit 1. Licking County Sheriff's Office said they would send a Deputy to the address listed for the Registered owner. Licking County Sheriff's Office gave me a phone number for the registered owner. I attempted contact the registered owner via phone call; but did not get an answer.   On June 30;2024; at approximately 1922 hours; I spoke with the brother of the registered owner of Unit #1. He advised me that his brother sold the vehicle sometime ago. I asked who his brother sold the vehicle to and he said he did not know. I informed him to have his brother contact me as soon as possible.  On July 1; 2024; 1810 hours; I spoke with the registered owner of Unit #1. Identified as Moyed Suliman. I asked if he still owned a 2012 Ford Escape. Moyed said; he does but he does not drive the vehicle. I asked; who drives the vehicle and he said; no one. Moyed said; he is currently trying to sell the vehicle. He advised me; a fe
20243116510,Franklin County,Unit 1 was attempting to make a left turn onto Kenny Rd. from Old Henderson Rd. Unit 2 was stopped in traffic at the red light on Kenny Rd. at Old Henderson Rd. in the right lane. Driver of unit 2 stated she was struck by unit 1 when unit 1 lost control of his vehicle and collided with hers. Driver of unit 2 stated unit 1 pulled into the Taco Bell parking lot; removed his damaged bumper from the vehicle; got back into the vehicle and fled w/b on Old Henderson Rd. Witness #1 stated he witnessed unit 1 collide with unit 2 and took a picture of the Jeep Grand Cherokee and the license plate (OH tag KGE8970) from the vehicle before it fled the scene. CPD Officer Ribar #2397 working CPD crusier 33 attempted to do follow up at the suspect address nearby but was unable to locate the vehicle. 
20243117826,Franklin County,BOTH UNITS TRAVELING WEST BOUND ON FRANK RD. APPROACHING BROWN RD. UNIT 2 WAS STATIOARY IN TRAFFIC. UNIT 1 DID STRIKE UNIT 2 FROM THE REAR. DRIVER OF UNIT 1 THE LEFT THE SCENE AND ATTEMPTED TO HIDE FROM POLICE OFFICERS INSIDE A SUBWAY SANDWICH SHOP. DRIVER OF UNIT 1 DID NOT HAVE A DRIVERS LICENSE AND DID NOT HAVE PROOF OF INSURANCE.  
20243117950,Franklin County,Unit 1 stated he was stopped at the stop sign waiting to turn left from Nugent Dr onto W Henderson Rd. Unit 1 stated he was stopped for 5 minutes before turning. Unit 1 stated he looked and made sure the road way was clear before turning. Unit 1 stated that unit 2 was speeding and must have run the stop sign. Unit 2 stated he was stopped on Wendys Dr and the road was clear and proceeded to cross the intersection when unit 1 turned into him. Unit 1 was found to be at fault and issued a citation. 
20243120223,Franklin County,"This accident occurred near Kimberly Pkwy and S Hamilton Service Rd between two vehicle in transport.  Driver of Unit #1 stated he was traveling W/B on Kimberly Pkwy in the right lane.  Driver of Unit #1 stated when he attempted to change lanes because he wanted to go to Taco Bell; he collided with Unit #2.  Driver of Unit #2 stated he was traveling W/B on Kimberly Pkwy when Unit #1 turned into his vehicle.  Driver of Unit #1 was cited for ""Changing Lanes Without Saftey"".  Passenger of Unit #2 was treated at scene by CFD Medic 23.  There were no other injuries reported at this time."
20243120930,Franklin County,Operator of Unit #1 stated he was leaving the parking lot from getting pizza at Dominos and didn't exit the parking lot out of the drive way and he drove over the curb and rocks where Unit #2 pedestrian was sitting. Unit #1 struck the rock and unit #2 pedestrian and continued towards Georgesville. Officers were able to catch up to the vehicle and he was stopped at Sullivant Ave and Georgesville Rd. Operator of Unit #1 was detained and processed through Columbus Police ID unit and interviewed by Detectives. 
20243122314,Franklin County,On 7/13/2024 at approximately 11:28 AM; Officer A. McDonald #2811 wearing the uniform of the day and working CPD marked cruiser 160 was dispatched to S. Lazelle St. and E. Broad St. in response to an auto accident with injury. Upon arrival; Officer McDonald spoke with a witness who was identified by his Ohio drivers license as Dennis Booth. Mr. Booth stated that he observed the driver of unit #1 turn E/B on E. Broad St. from N. 3rd St. Mr. Booth stated that he observed the operator lose control of his motorcycle and hit the a tree. Officer E. Fernandez #3166 spoke with the driver of unit #1 who was identified by his Ohio drivers license as Noah Hass. Mr. Hass stated that he hit the gas on his motorcycle and lost control. Mr. Hass stated that when he lost control he struck a tree. Mr. Hass was transported to Grant Hospital in stable condition. Mr. Hass motorcycle was impounded to the CPD impound lot for safe keeping by Pro Tow. 
20243122316,Franklin County,"On 7/6/2024 at approximately 5:30 PM; Officer A. McDonald #2811 working CPD marked cruiser 161 and Officer M. Rubens #3232 working CPD marked cruiser 160 were dispatched to I71 S/B at the I70 W/B slit in response to an auto accident with property damage only. According to a male passerby; ""The driver of unit #1 was speeding and lost control."" Upon arrival; Officer McDonald spoke with a vehicle occupant who was identified via Columbus Mug Shots as Bruce Young. Mr. Young stated that the driver; who was later identified by her Ohio drivers license as Marva Bagley; was navigating the curb at I 71 S/B at I 70 W/B. Mr. Young stated that someone cut Ms. Bagley off and when she attempted to avoid a collision; she over corrected and flipped her vehicle. Officer's attempted to speak with Ms. Bagley regarding the accident; however Ms. Bagley was under the influence of drugs or alcohol. Officer Rubens attempted to conduct field sobriety test and a breath test; but Ms. Bagley refused all test. Ms. Bagleys vehicle was impounded to the CPD impound lot by A & A Towing. Ms. Bagley was issued a summons and released to family at 8/16 Police Sub Station. "
20243122985,Franklin County,Unit 1 was attempting to exit the McDonald's parking lot of 1020 Alum Creek Dr and turn left (SB) onto Alum Creek Dr. in heavy traffic.  Unit 2 was traveling NB in the NB center lane of Alum Creek Dr just SO the McDonalds location.  Unit 1 was blocking the center and right lane of NB traffic on Alum Creek Dr when Unit 2 struck Unit 1 in the driver's side.  Both vehicles received disabling damage and were towed for the owners by A&A Towing.  The driver of Unit 1 was transported to an area hospital by medics in the stable condition.  The driver of Unit 1 was cited for making an improper left turn.
20243138757,Franklin County,The crash occurred on private property at the McDonalds at 3005 E Livingston Avenue. The driver of unit #2 stated her vehicle was parked in front of the store. The driver of unit #2 stated the driver of unit #1 backed up from a  parking spot and crashed into the rear of unit #2. The driver of unit #2 stated the driver of unit #1 did not stop and provide any information and fled from the parking lot. The driver of unit #2 stated unit #1 was a small white compact sedan. No driver or vehicle information is known at this time. There were no injuries reported at scene. Officer Bauchmoyer spoke with staff at the McDonalds to see if any surveillance video was available but was informed no employees currently working had access to the cameras.
20243138835,Franklin County,"Unit#2 was east bound E. Hudsont St. from Neil Ave.  Driver#2 states that Unit#1 was also eastbound E. Hudson St. from Neil Ave. directly behind Unit#1 and collided with the rear of Unit#2 when she stopped.  Driver#2 states that Unit#1 followed her to the Taco Bell at 2553 N. High St. where he exited his vehicle and wiped the rear of Unit#2 stating that there was no damage.  Driver#2 agreed that there did not appear to be much damage but still asked Driver#1 to exchange insurance information at which time she stated that Driver#1 stated that he didn't speak English but then stated ""you're just trying to get money"" and then got back into Unit#1 and drove away.  Occupant of Unit#2 was able to take a picture of the rear of Unit#1.  Unit#2 did have a strong smell of gasoline possibly from unseen damage under the vehicle.  Officers responded to the listed address on LEADS for the owner of Unit#1 but was unable to locate the vehicle or its owner."
20243139017,Franklin County,On 8/12/2024 at approximately 11:25 AM; Officer A. McDonald #2811 wearing the uniform of the day and working CPD marked cruiser 165 was dispatched to I70 W/B at MM99 in response to a auto accident. Upon arrival; Officer McDonald spoke with the driver of unit #1 who was identified by his Ohio drivers license as Jason Baumer. Mr. Baumer stated that he was traveling W/B on I 70 W/B. Traffic began to slow and Mr. Baumer crashed into the rear of unit #2; who was then pushed into unit #3. Officer J. Frisch #2456 spoke with the driver of unit #2 who was identified by her Texas drivers license as Darlene Benoit. Ms. Benoit stated that she was slowing in traffic when she was struck in the rear by unit #1. Ms. Benoit was then pushed into unit #3. The driver of unit #3; who was identified by his Ohio drivers license as James Castro; stated that he was slowing in traffic when he was struck in the rear by unit #2. Mr. Baumer was issued a citation for ACDA. Ms. Benoit's vehicle was impounded for the owner by Pro Tow. 
20243139060,Franklin County,On 8/5/2024 at approximately 11:33 AM; Officer A. McDonald #2811 working CPD marked cruiser 165 was dispatched to S. Cypress Ave. at Sullivant Ave. in response to an auto accident with injury. Upon arrival; Officer McDonald spoke with the driver of unit #1 who was identified by his Ohio drivers license as Todd Sweigart. Mr. Sweigart stated that he was traveling S/B on S. Cypress Ave. approaching Sullivant Ave. Mr. Sweigart stated that he failed to yield at the stop sign located on the N/W corner of S. Cypress Ave. and Sullivant Ave. Mr. Sweigart stated that when he entered the roadway he collided with unit #2. Officer McDonald spoke with the driver of unit #2 who was identified by her Ohio drivers license as Karen Graves. Ms. Graves stated that she was traveling E/B on Sullivant Ave. approaching S. Cypress Ave. Ms. Graves stated that the driver of unit #1 failed to yield at the stop sign and crashed into her vehicle. Ms. Graves was transported to Mt. Carmel Franklinton by CFD medic ten to be evaluated for injuries sustained during the accident. Mr. Sweigart was issued a citation for Fail to Yield From a Stop Sign. 
20243139065,Franklin County,On 8/4/2024 at approximately 7:53 AM; Officer A. McDonald #2811 working CPD marked cruiser 163 and Officer L. Hinkle #2683 working CPD marked cruiser 164 were dispatched to Cleveland Ave. and E. Long St. in response to an auto accident with injury. Upon arrival; Officer McDonald spoke with the driver of unit #1 who was identified by her Pennsylvania drivers license as Gemma Davidson. Ms. Davidson stated that she was traveling E/B on E. Long St. approaching Cleveland Ave.  Ms. Davidson stated that she was unsure of what color the traffic light was due to the sun being in her eyes. Ms. Davidson stated that she crashed into unit #2. Officer Hinkle spoke with the driver of unit #2 who was identified by his Ohio drivers license as James Dunlap. Mr. Dunlap stated that he was traveling S/B on Cleveland Ave. approaching E. Long St. Mr. Davidson stated that he had the green light and proceeded through the intersection. Mr. Dunlap stated that the driver of unit #1 ran the red; resulting in the accident. Mr. Dunlap was treated at scene by CFD medic one for arm and shoulder pain. Both vehicles were impounded for the owners by Pro Tow. Ms. Davidson was issued a citation for running the red light. 
20243139067,Franklin County,On 8/4/2024 at approximately 11:55 AM; Officer A. McDonald #2811 working CPD marked cruiser 163 was dispatched to 721 W. Rich St. in response to an auto accident with property damage only hit skip. Upon arrival; Officer McDonald spoke with the owner of unit #2 who was identified by his Ohio drivers license as Maurice Jiles. Mr. Jiles stated that he parked his vehicle on S. Green St. south of W. Rich St. on 7/30/2024 at approximately 7:00 AM. Mr. Jiles stated that he came home on 8/4/2024 at noticed damage to the drivers side rear of the vehicle. Officer McDonald didn't observe any cameras in the area and Mr. Jiles was unable to provide Officer McDonald with any information involving the hit skip vehicle. Mr. Jiles was given a incident report number and advised to contact his insurance company. On 8/5/2024 Officer McDonald was contacted by Mr. Jiles who stated that a witness by the name of Miryah White; contacted him and told him that she observed a Scion with Ohio tag JYJ3464 strike his vehicle and drive off. 
20243139068,Franklin County,On 8/12/2024 at approximately 8:04 AM; Officer A. McDonald #2811 wearing the uniform of the day and working CPD marked cruiser 165 was dispatched to Reach Blvd and W. Goodale St. in response to an auto accident with injury. Upon arrival; Officer McDonald spoke with the driver of unit #2 who was identified by his Ohio drivers license as Peyton Williamson. Mr. Williamson stated that he was traveling westbound on W. Goodale St. approaching Reach Blvd. Mr. Williamson stated that the driver of unit #1 was attempting to make a left hand turn to turn onto 315 N and failed to yield making a left hand turn resulting in the accident. Officer McDonald spoke with the driver of unit #1 who was identified by his Ohio drivers license as Sumanth Donthireddy. Mr. Donthireddy stated that he was traveling E/B on on W. Goodale St. to turn N on 315 N. Mr. Donthireddy stated that when he was making the left hand turn; unit #2 struck his motorcycle. Mr. Donthireddy was transported to OSU Main Hospital for injuries sustained during the accident. Mr. Donthireddy's motorcycle was impounded to the CPD impound lot by PRO TOW. Mr. Donthireddy was issued a citation for failure to yield making a left hand turn. 
20243139436,Franklin County,The driver of Unit 2 stated he was traveling northbound on S. Hamilton Rd. when he observed Unit 1 walking across the road. The driver of Unit 2 stated he tried to swerve out of the way; but was unable to avoid colliding with Unit 1. The CPD Accident Investigation Unit responded to the scene and were able to view security footage from a nearby McDonald's restuarant. Officers Observed Unit 1 walking across S. Hamilton Rd. in a diagnal line from southwest to the northeast. Officers observed Unit 2 driving at a normal speed collide with Unit 1. Unit 1 was transported to Grant Hospital in critical condition Madison Township Medic 181.  As of 4:00 AM on 7/21/24 Unit 1 was still in critical condition.Unit 1 was cited for walking on path or street; Jaywalking (2171.05B) Citation #CPD105535.
20243140054,Franklin County,On the above date and time; Unit #1 failed to stop striking Unit #2 in the rear and then took off after telling her to pull into the parking lot of Arbys. The caller needed a report for insurance.
20243140180,Franklin County,Unit 1 was stopped on S Hamilton Rd; facing North; in the far right lane; in front of the Burger King entrance/exit (260 S Hamilton Rd). Unit 2 was making a left hand turn into Burger King from S Hamilton Rd. As Unit 2 was making the turn; Unit 1 had backed into Unit 2. Unit 1 began backing up to allow a vehicle from Burger King to enter traffic.
20243140833,Franklin County,Unit 2 was facing northbound and legally parked in a marked parking spot at the Chipotle located at 4750 Morse Road. Unit 1 had apparently attempted to back into the parking spot immediately to the right of Unit 2 but struck Unit 2. Owner of Unit 2 stated he was inside ordering food when he was alerted by one of his friends that Unit 1 had struck his vehicle. Owner of Unit 2 stated that he attemtped to exchange information; but they did not have insurance information at the time; and he was also told that an unlicensed driver was the driver of the vehicle; pointing to a juvenile who was now sitting in the passenger seat of Unit 1. Officers then made contact with the juvenile sitting in the passenger seat and asked if he was the driver. The juvenile admitted to being the driver of Unit 1 and stated that he was just trying to park the vehicle because they were dropping it off. Driver of Unit 1 stated that he did not have a valid license. Driver of Unit 1 was issued a citation for No-Ops and officers provided all parties with an accident report number. No injuries were claimed as a result of this accident. 
20243140837,Franklin County,Unit 1 was sorthbound and in the left turn lane on the private drive; immediately west of the Chipotle at 4750 Morse Road. Unit 2 (pedestrian) was waiting on the sidewalk on the south east corner of the same intersection of Morse Road and private drive. Driver of Unit 1 stated that she received the green light and began to turn left onto Morse Road. Driver of Unit 1 stated that initially she did not see anybody in the intersection; however; as soon as she saw Unit 2 (pedestrian) she hit the brakes; but she struck Unit 2. Unit 2 (Pedestrian) stated that he was on the southeast corner of the intersection (corner of the KFC) and he hit the pedestrian crosswalk button to cross Morse Road. Unit 2 stated that Morse Road traffic stopped and he received the cross signal and he began to cross Morse Road when he was struck by Unit 1. There was no observable damage on Unit 1. Unit 2 (Pedestrian) was transported to Mt. Carmel East Hospital by Gahanna Medic 134 in stable condition. Reporting officer was able to see upon arrival that pedestrian was laying in the crosswalk on Morse Road in agreement with statements from both parties. Based on the statements by both parties; Driver of Unit 1 was issued the at-fault citation for failure to yield to pedestrian in the crosswalk. Unit 2 was being treated by Dr. Spaulding at Mt. Carmel East for abrasions. 
20243144131,Franklin County,"Unit#2 was traveling north on Cleveland Avenue and was in the left turn lane. Unit#1 was traveling south on Cleveland Avenue on a minibike with no front headlight in the right lane. Unit#2 made a left turn towards the McDonald's parking lot at 3411 Cleveland Avenue. Unit#2 struck Unit#1. The motorist of Unit#1 was transported by Clinton Township Medic#61 to Grant Hospital in  Serious Condition. CORRECTION: Unit#2 Occupant ""Gender"" changed to ""Male""."
20243144492,Franklin County,On 8/13/2024 at approximately 7:14 AM; Officer A. McDonald #2811; while wearing the uniform of the day was dispatched to Vine St. and Neil Ave. in response to an auto accident with injury. Upon arrival Officer McDonald spoke with the passenger of unit #1 who was identified by her passport as Ava Hamilton. Ms. Hamilton stated that they were traveling W/B on Vine St. approaching Neil Ave. Ms. Hamilton stated that their light had turned green and they proceeded through the intersection. Ms. Hamilton stated that the driver of unit #2 ran the red light and struck their vehicle. Officer McDonald spoke to the driver of unit #1 who was identified by his Alabama drivers license as Quinshon Judkins. Mr. Judkins also stated that he was traveling W/B on Vine St. approaching Neil Ave. Mr. Judkins stated that his light had turned green and he proceeded through the intersection when he was struck by unit #2. Officer McDonald spoke with the driver of unit #2 who was identified by her Ohio drivers license as Tammy McKinney. Ms. McKinney stated that she was traveling S/B on Neil Ave. approaching Vine St. Ms. McKinney stated that she had the green light and proceeded through the intersection. Ms. McKinney stated that the driver of unit #1 ran the red light resulting in the accident. Officer McDonald spoke with a independent witness who stated that he had dash camera
20243148034,Franklin County,Unit #1 and Unit #2 were N/B on Clara St. N/O E. 11th Ave. Unit #2 stated he was turning into Auddinos located at 1490 Clara St. in order to park to go into the business. Unit #2 stated Unit #1 passed him on the right side in the parking and while being passed Unit #1 side swiped Unit #2 causing minor damage. After the crash Unit #1 fled the scene without exchanging information. Unit #2 followed Unit #1 to the McDonalds parking lot where a disturbance occurred between the passenger of Unit #1 and unit #2. Unit #1 fled again without exchanging information. The driver of Unit #2 was able to obtain a plate number of Unit #1 OH KEZ8488.  Officers learned the vehicle was registered to an individual on E. 14th Ave. Officers went to E. 14th Ave. and observed a white LandRover LR3 OH plate KEZ-8488 in the rear of the residence sitting unoccupied. Officer Kracht felt the vehicle which was warm to the touch. Officer Kracht was unable to determine specifically where Unit #1 made contact with Unit #2. Officers knocked on the door and got no answer. Officer Kracht went back to 1490 Clara St and observed video which corroborated Unit #2's story. The driver of Unit #1 was described as a F/W 5'08'' 200 lbs; in her mid 30's with a blond ponytail. 
20243148615,Franklin County,On August 16th; 2024 at 9:31PM; officers were dispatched to Cleveland Ave. and E. Fifith Ave. on a report of an auto crash. On arrival; officers made contact with the operator of Unit #2 who stated that whihle waiting at the light for the intersection of Cleveland Ave. and E. Fifth Ave.; facing northbound on Cleveland Ave.; Unit #1 then came out of the Burger King parking lot; turning southbound from westbound out of the lot. Unit #1 then side swiped its driver's side panneling across the front bumper of Unit #2 then left the scene.
20243152288,Franklin County,The driver of Unit #2 stated she was parked on E Woodruff Ave.; east of N High St. The driver of Unit #2 stated her vehicle was unoccupied while she was inside Dunkin Donuts. The driver of Unit #2 stated when she returned to her vehicle she had new damage on her front left side. The driver of Unit #2 stated she did not see the vehicle that apparently struck her vehicle. 
20243161574,Franklin County,On 9/4/2024 at approximate 9:43 AM; Officer A. McDonald #2811 wearing the uniform of the day and working CPD marked cruiser 164 was dispatched to 580 N. 4th St. in response to an auto accident with property damage only. Upon arrival; Officer McDonald spoke with the driver of unit #1 who was identified by his Ohio drivers license as Gregory Lashutka. Mr. Lashutka stated that he was traveling N/B on N. 4th St. towards the I670W on ramp. Mr. Lashutka stated that he was traveling in the far left lane. Mr. Lashutka stated that there was a white box truck parked in the lane of travel; parked in a no stopping zone. Mr. Lashutka stated that he observed a vehicle traveling at a high rate of speed in the center lane which prevented Mr. Lashutka from changing lanes. Mr. Lashutka stated that he crashed into the rear of unit #2; which in turn crashed into unit #3. Officer McDonald spoke with the driver of unit #2; Daniel Ross; and the driver of unit #3 Adam Niemeyer. Both drivers stated that there was a white box truck parked in the lane of travel with posted No Stopping Anytime signs. They stated that they slowed in traffic in order to turn around the vehicle. Mr. Ross stated that as he waited to get around the box truck; he was struck in the rear by unit #1; which pushed him into unit #3. Mr. Lashutka was issued a citation for ACDA. Mr. Niemeyer had a photo of the white box truck
20243161576,Franklin County,On 9/12/2024 at approximately 11:23 AM; Officer A. McDonald #2811 wearing the uniform of the day and working CPD marked cruiser 165 was dispatched to N. Jones Ave. at Scott St. in response to an auto accident with property damage only. The driver of unit #1; who was identified by his Ohio drivers license as Allen Johnson; stated that he was traveling S/B on N. Jones Ave. approaching Scott St. Mr. Johnson stated that he came to a stop at the stop sign and entered the intersection when he struck unit #2. Mr. Johnson stated that the driver of unit #2 was traveling at a high rate of speed. Officers spoke with the driver of unit #2 who was identified by her Ohio drivers license as Chiara Ziska. Ms. Ziska stated that she was traveling E/B on Scott Ave. approaching N. Jones St. Ms. Ziska stated that the driver of unit #1 failed to yield at the stop sign resulting in the accident. Elizabeth Murray; a resident at 47 N Jones Ave. had video of the accident which showed Mr. Johnson fail to stop at the stop sign which resulted in the accident. Ms. Murray was sent a AXON link to upload the video footage. Mr. Johnson was issued a citation for failure to stop at the stop sign. 
20243161577,Franklin County,On 9/7/2024 at approximately 7:23 AM; Officer A. McDonald #2811 wearing the uniform of the day and working CPD marked cruiser 163 was dispatched 303 S. Grant Ave. in response to an auto crash with injury. Upon arrival Officer McDonald spoke with the driver of unit #1; Gatsaele Pierre. Ms. Pierre stated that she pulled into the parking garage at 303 S. Grant Ave. and attempted to park her vehicle. Ms. Pierre stated that she thought she applied the brake; but accidentally hit the gas. Ms. Pierre stated that when she hit the gas; she crashed into a concrete barrier. CFD engine two responded to scene and treated Ms. Pierre at scene for neck pain. Ms. Pierre was issued a incident report number and advised to contact her insurance company. 
20243161618,Franklin County,On 9/14/2024 at approximately 11:07 AM; Officer A. McDonald #2811 wearing the uniform of the day and working CPD marked cruiser 163 was dispatched to 268 S. Sounder Ave. in response to an auto accident hit skip. Officer McDonald spoke with the owner; who was identified by his North Carolina drivers license as Gregory Naparano. Mr. Naparano stated that he parked his vehicle at approximately 5:30 PM the evening of 9/13/2024. Mr. Naparano stated that when he returned to his vehicle the morning of 9/13/2024 he observed damage to his passengers side rear. Mr. Naparano was issued a incident report number and advised to contact his insurance company. 
20243166591,Franklin County,The collision occurred on Bethel Rd west of Bentley Lane. Unit #2 was traveling eastbound on Bethel Rd; west of 1365 Bethel Rd (Dunkin Donuts) and also west of Bentley Ln.; when Unit #1 was attempting to turn west from the private parking lot of 1365 Bethel Rd (Dunkin Donuts); west of Bentley Lane; causing unit #2 to strike unit #1. Unit #1's driver was transported to Riverside Hospital in stable condition for minor injury by CFD Medic 27 and unit #2's driver was also transported to Riverside by CFD Medic 11 for minor injury. Unit #1's vehicle was towed to the city impoun lot for safe keeping. Unit #2's vehicle was parked in a parking spot in the parking lot for future arraigments to be towed by their insurance company. Unit #1's driver was issued a citation for failing to yield on a left turn. A witness who saw the accident occur remained at the scene and provided a statement as to what she witness happen regarding the crash. The listed witness stated she was in her vehicle in line at the Dunkin Donuts when she observed the white; Toyota Rav4 attempt to turn left from the parking lot of the Dunkin Donuts onto Bethel Rd. Tthe white Rav4 proceeded out into traffic to make it's left hand turn and then stopped for apporximately 1-2 seconds causing the red pickup truck; traveling estbound on Bethel rd; to strike the white Rav4. The witness checked on both parties and called 911. 
20243170149,Franklin County,Driver of Unit #1 stated he was turing left (west) from the McDonald's parking lot @ 901 N Wilson Rd at the same time Unit #2 was turning left (east) from the Pilot Travel Center parking lot @ 3600 Interchange Rd and as a result; the two vehicles collided with one another (i.e.; Unit #1's front left collided with Unit #2's left side).  Driver of Unit #2 provided the same recollection of the accident as Driver of Unit #1.  Due to the fact that both drivers are required to yield when making a left turn yet both drivers appeared to making their respective turns simultaneously; fault for the accident was unable to be determined and thus neither driver was issued a citation for the accident.  Driver of Unit #2 only had a valid Temporary Permit yet did not have a valid driver in the vehicle with him at the time of the accident; therefore; Driver of Unit #2 was issued a citation for 'Temporary Permit Violation' and ordered into FCMC Courtroom 1B on 09.26.24 @ 9a. 
20243171376,Franklin County,On 9/15/2024 at approximately 1:58 PM; Officer A. McDonald #2811 wearing the uniform of the day and working CPD marked cruiser 163; along with Officer L. Hinkle #2683 working CPD marked cruiser 164 were dispatched to W. Town St. at Plato Pl. in response to an auto accident with injury. Upon arrival Officer Hinkle spoke with the driver of unit #2 who was identified as Theadore Craft. Mr. Craft stated that he exited 315 S on to Plato Pl. Mr. Craft stated that he had the green light to proceed through W. Town St. when he was struck by unit #1. Officer McDonald spoke with the driver of Unit #1 who was identified by her Mexico ID card as Constantina Lopez-Ramirez. Mr. Lopez-Ramirez stated that she was going W/B on W. Town St. approaching Plato Pl. Ms. Lopez-Ramirez stated that she had the green light and proceeded through the intersection. Ms. Lopez-Ramirez stated that Mr. Craft ran the red light; resulting in the accident. Officer Hinkle spoke with a independent witness; Sara Noble; who stated that she observed Ms. Lopez-Ramirez run the red light at the intersection of W. Town St. at Plato Pl. Ms. Lopez-Ramirez was issued a citation for running the red light and no operators license. Mr. Craft was transported to Grant Hospital by CPD medic ten for injuries sustained from the accident. 
20243171377,Franklin County,On 9/19/2024 at approximately 9:45 AM; Officer A. McDonald #2811 and Officer A. Earle #3091 wearing the uniform of the day and working CPD marked cruiser 164 were dispatched to Thomas Ave. at S. Glenwood Ave. in response to an auto accident with injury. Upon arrival; Officer Earle spoke with the driver of unit #1 who was identified by her Ohio drivers license as Crystal Peppers. Ms. Peppers stated that she was traveling W/B on Thomas Ave. approaching S. Glenwood Ave. Ms. Peppers stated that she stopped at the stop sign and believed the intersection was clear to proceed. Ms. Peppers stated that there was a tree blocking her vision of traffic coming S/B on S. Glenwood Ave. at Thomas Ave. Ms. Peppers stated that she entered the intersection and crashed into unit #2. Officer McDonald spoke with the driver of unit #2 who was identified by her Ohio drivers license as Gale Allen. Ms. Allen stated that she was traveling S/B on S. Glenwood Ave. approaching Thomas Ave. Ms. Allen stated that the driver of unit #1 failed to stop at the stop sign resulting in the accident. Officer McDonald spoke with a independent witness who was identified by his Ohio drivers license as Justin Withers. Mr. Withers stated that he observed unit #1 driving at a high rate of speed driving W/B on Thomas Ave. approaching S. Glenwood Ave. Mr. Withers stated that the driver of unit #1 failed to stop at the stop 
20243171378,Franklin County,On 9/14/2024 at approxiamtely 3:34 PM; Officer A. McDonald #2811 wearing the uniform of the day and working CPD marked cruiser 161 was disaptched to I670 W/B at S. 4th St. in response to an auto accident with property damage only. Upon arrival; Officer McDonald spoke with the driver of unit #2 who was identified by her Ohio drivers license as Tashea Holmes. Ms. Holmes stated that she was traveling W/B on 670W approaching S. 4th St. Ms. Holmes stated that she was in the far right lane when she was struck by unit #1. Ms. Holmes stated that unit #1 was in the lane to get off onto S 4th St. when he attempted to change lanes; resulting in the accident. Officer McDonald spoke with the driver of unit #1 who was identified by his Hondorus ID card as Isaias Lainez Lainez. Mr. Lainez stated that he was in the lane to exit onto S 4th St. Mr. Lainez stated that he wanted to continue on 670W and attempted to change lanes. Mr. Lainez stated that when he changed lanes he crashed into unit #2. Mr. Lainez stated that he didn't have a valid drivers license. Mr. Lainez was issued a citation for changing lanes without safety and no operators license. Mr. Lainez's vehicle was impounded to the CPD Impound Lot by Pro Tow. 
20243171603,Franklin County,On 9/27/24 at approximately P.M. the driver of unit 2 stated she was sitting in the drive through line of McDonalds when the driver of unit 1 put their vehicle in reverse and started backing into her vehicle. The driver of unit 2 stated the driver of unit 1 hit her vehicle three or four times and then drove off in an unknown direction. Officers attempted to locate unit 1 at the registered location but could not. Officer again attempted to locate unit 1 on the evening of 9/28/24 and found the vehicle at the registered location. Officers spoke to the registered owner of unit 1 who stated she is the only one that drives unit 1. The owner of unit 1 stated her vehicle never left last night but Officers were not able to locate it at the registered location. Officers explained there is corresponding damage on the rear of unit 1 that matches with the license plate bolts on the front of unit 2. The owner of unit 1 stated no one took her vehicle on the night of the incident and that it was at the registered location all night.
20243172011,Franklin County,Driver of Unit #2 stated she was in the McDonald's drive-thru at 1499 Hilliard Rome Rd. when Unit #2 was struck by Unit #1. Driver of Unit #2 stated Unit #1 then backed out of the drive-thru and fled the scene. Driver of Unit #2 stated she believed Unit #1 was a Nissan Pathfinder bearing Ohio Tag JZT7831. Officers conducted follow up the registered address associated with the tag but were unable to make contact with the residents inside. Driver of Unit #2 was provided a copy of her report number and advised to contact her insurance agency.
20243175765,Franklin County,Unit 1 stated he was in a verbal argument at the McDonalds and he wanted to leave very quickly. Unit 1 stated he struck Unit 2 attempting to leave the parking lot. Unit 2 stated he was leaving the parking lot when Unit 1 struck him. Unit 2 stated Unit 1 started to flee the parking lot while Unit 2 got out of his vehicle to attempt to talk to the driver. Unit 2 stated Unit 1 fled the scene and not sure which direction he went. Officers found Unit 1 in a nearby parking lot. Unit 1 was cited for hit-skip and backing without safety. Unit 1 stated he had Liberty Mutual Insurance but was unable to provide a polcy number.Both parties refusued medics. 
20243175923,Franklin County,Units 2 through 5 were all either stopped in traffic or slowing down for stopped traffic when Unit 1 which is an unknown vehicle struck Unit 2 which caused the domino effect causing each vehicle to strike the one in front of them. Units 1 and 5 both fled the scene without stopping.
20243182842,Franklin County,Unit #1 was E/B; crossing Linworth Road from the private driveway to the Linworth Crossing Shopping Center; proceeding to the private driveway of 6130 Linworth Road (Dunkin Donuts). Unit #2 was N/B on Linworth Road just N/O Cambria Ct.   Unit #1 Failed to Yield from Place Other Than Roadway; and drove directly into the path of Unit #2; who already lawfully occupied the roadway; and was struck on the right front quarter pane and right from wheel/tire assembly with the front bumoer and hood assembly of Unit #2. WO350
20243184493,Franklin County,Driver of Unit 2 stated that he was traveling northbound on Sinclair Rd and Unit 1 was traveling southbound on Sinclair rd. Driver of Unit 2 stated that the headlights of Unit 1 were blinding him and then saw Unit 1 swerve over into his lane and collided into his vehicle. Unit 2 attempted to avoid the collision and went off the road after being struck and traveled up the road where the final resting place was in front of the McDonalds. Driver of Unit 2 did not observe any details of Unit 1 and Officers could not find any debris of Unit 1 on scene. CFD came out and covered the oil on the roadway. Driver of Unit 2 denied any medical attention and had his insurance tow his vehicle.
20243186647,Franklin County,Unit #2 driver stated he was at the KFC at 3136 Cleveland Avenue.  Unit #2 driver stated he was going out the south driveway from the KFC  to make a west bound turn on to Oakland Park Ave.  Unit #2 driver stated he saw Unit #1 going west bound on Oakland Park Ave at a high rate of speed.  Unit #2 driver stated that Unit #1 swayed to the right and struck his vehicle on the front passenger side of his vehicle.  Unit #2 driver stated Unit #1 took off west bound on Oakland Park Ave passing over Cleveland Ave.  Unit #2 driver stated he could not see the driver or the license plate of the vehicle. 
20243188296,Franklin County,On 10/9/2024 at approximately 10:16 AM; Officer A. McDonald #2811 wearing the uniform of the day and working CPD marked cruiser 164 was dispatched to E. Main St. at Lester Dr in response to an auto accident with injury. Upon arrival; Officer McDonald spoke with the driver of unit #2 who was identified by her Ohio drivers license as Lyndzy Donovan. Ms. Donovan stated that she was traveling E/B on E. Main St. approaching Lester Dr. when the driver of unit #1 failed to yield at a stop sign at E. Main St. and Lester Dr. resulting in the accident. Officer McDonald spoke with the driver of unit #1 who was identified by her Ohio drivers license as Hyeryung Lee. Ms. Lee stated that she was traveling S/B on Lester Dr. approaching E. Main St. Ms. Lee stated that she stopped at the stop sign and believed the intersection was clear. Ms. Lee turned W/B on to E. Main St. and was struck by unit #2. Ms. Lee's occupants were treated at scene by CFD medic two. Both vehicles were impounded for the owner. Ms. Lee was issued a citation for fail to yield from a stop sign. 
20243191797,Franklin County,Unit #2 stated she had just walked out of her work at 1175 Olentangy River Rd when she was walking across the parking lot towards Chipotle.  Unit 2 stated Unit #1 was parked in front of 1175 Olentangy River Rd when they put their car in reverse and backed up and struck her.  Unit #2 stated she was struck by Unit #1 causing her to fall to the ground.  Unit 2 stated that driver of Unit #1 got out of his vehicle and plead with her not to the call the cops stating he did not have a license nor insurance.  Unit #2 stated Unit #1 left the scene prior to officers arrival.  Unit #2 co worker came outside after the accident and recorded Driver of Unit #1 and his vehicle bearing Oh Temp Tag S937348.  Officers ran that tag Via Leads and checked the address listed but did not locate the vehicle.  Unit #2 was transported to OSU Hospital by CFD Medic 25 to be treated for minor injuries. 
20243193260,Franklin County,The crash occurred in the parking lot on the south side of 1972 N High Street (McDonald's). Driver of Unit 02 stated while he was parked; he felt Unit 02 get hit (vehicle moved). Upon looking up; Unit 01 (black Chevrolet SUV bearing Ohio Tag# JBX2296; no driver information; sticker in back windshield) was pulling away from his vehicle after backing into it. Driver of Unit 02 stated he honked to try and get the driver of Unit 01's attention to stop and exchange information; but was unsuccessful. No injuries were reported; and Unit 02 was able to be driven from scene; CCTV cameras in the McDonald's pakring lot; along with cameras affixed to the business at 1964 N High Street may have footage of the incident.  
20243193270,Franklin County,Crash occurred at 1312 W. 5th Ave in the parking lot of Taco Bell. The owner of Unit 2 stated she was inside working when an unknown witness informed her Unit 1 struck Unit 2 and left in an unkown direction. The owner of Unit 2 stated the damage to Unit 2 is new and had not been there. The owner Of Unit 2 gave an Ohio tag of JXR5561 for Unit 1. Officers went to the listed address and could not locate Unit 1.
20243195827,Franklin County,The driver of unit 2 stated he was traveling westbound on W. Broad St and was slowing down to turn into the Subway just before Schultz Ave.  The driver of unit 2 stated that he saw the driver of unit 1 behind him (a female black) not driving very good strike unit 2 and upon pulling over thinking the driver of unit 1 would do the same; he watched as she drove away westbound on W. Broad St.
20243199389,Franklin County,Unit 2 was traveling northbound on Alum Creek Dr in the center lane approaching E Livingston Ave. Unit 1 was traveling westbound in the McDonalds lot attempting to enter onto Alum Creek Dr and travel southbound. While entering into the lanes of travel Unit 1 failed to yeild to oncoming traffic and Unit 1's front left bumper struck Unit 2's front bumper. Both vehicles remained at scene and driver and passenger of Unit 2 were transported to OSU East Hospital by CFD for minor injuries. Both vehicles sustained functional damage. Unit 2 was transported to the CPD Impound lot for safe keeping. Unit 1 remained with the owner. The driver of Unit 1 was cited for Failure to Yeild.
20243202407,Franklin County,On 10/30/2024 at approximately 8:59 AM; Officer A. McDonald #2811 wearing the uniform of the day and working CPD marked cruiser 164 was dispatched to I670 E/B at Neil Ave. in response to an auto accident with property damage only. Upon arrival; Officer McDonald spoke with the driver of unit #1 who was identified by his Ohio drivers license as Mohamed Abid; Mr. Abid stated that he was traveling E/B on I670 E approaching Neil Ave. Mr. Abid stated that he was traveling in the center lane directly behind unit #2. Mr. Abid stated that the driver of unit #2 appllied their brakes to slow down due to traffic. Mr. Abid stated that he then crashed into the rear of unit #2. Officer J. Clark #2544 working CPD marked cruiser 162 spoke with the driver of unit #2 who was identified by his Ohio drivrs license as Wildander Bolivar Ojeda. Mr. Ojeda stated that he was traveling E/B on I670 E/B approaching Neil Ave. Mr. Ojeda stated that he was traveling in the center lane when he was struck in the rear by unit 1. Mr. Ojeda's vehilce was impounded for the owner by Pro Tow. Mr. Abid was issued a citation for ACDA. 
20243202446,Franklin County,The crash occurred on E Livingston Avenue west of S James Road. The driver of unit #1 stated she was traveling west on E Livingston Avenue and was making a left (south) turn into the McDonald's parking lot at 3005 E Livingston Avenue. The driver of unit # 1 stated when she turned left she was struck by the driver of unit #2 who was traveling east on E Livingston Avenue. The driver of unit #1 stated unit #1 was then pushed into unit #3 who was facing north in the McDonald's parking lot. The driver of unit #2 stated he was traveling east on E Livingston Avenue. The driver of unit #2 stated the driver of unit #1 turned directly in front of unit #2 resulting in unit #2 striking unit #1. The driver of unit #3 fled from the scene. There were no injuries reported at scene. The driver of unit #1 was issued a citation temp permit violation for not having a valid driver in the vehicle and for failure to yield on a left turn. Witness #1 corroborated the driver of unit #1 failed to yield on a left turn.
20243203759,Franklin County,Driver of Unit #2 stated Unit #2 was waiting in the McDonalds drivethru at 4840 N. Hamilton Rd when Unit #2 was struck in the rear by Unit #1.  Driver of Unit #2 stated Unit #1 then fled northbound on N. Hamilton Rd before driving eastbound on Chestnut Hill.  Using the OH license plate of JJM1619 provided by the driver of Unit #2 and the assistance of the Ohio State Highway Patrol invesstigative line; Officer Springer located a phone number for the registered owner of Unit #1.  Officer made contact with the owner of Unit #1.  Owner of Unit #1 admitted to having been involved in an accident and being the driver.  Officer received pertinent information from the individual to identify the caller as the owner.  Driver of Unit #1 stated he had been assaulted by another individual; causing Unit #1 to driver into the rear of Unit #2.  Driver of unit #1 stated he fled the scene to distance himself from his assailant and was going to call Law Enforcement when he got home.  Officer Springer ensured both parties spoke to one another; and that an exchange of information was completed.  No injuries were reported.  Driver of Unit #1 stated he did not wish to report the assault as he had no suspect information.  No citations were issued as the even occurred on private property and an exchange had occurred.  
20243206451,Franklin County,Driver of Unit #1 stated they were exiting the drive through at Wendy's; located at 2061 E Dublin Granville Rd; to turn westbound on the E Dublin Granville service road. Driver of Unit #1 stated they did not notice Unit #2 approaching from the west. Unit #2 struck Unit #1 on the front end; causing disabling damage to Unit #1. Driver of Unit #2 stated they were traveling eastbound on E Dublin Granville service road when Unit #1 entered the traffic lane; causing Unit #2 to strike Unit #1. Neither operators were injured. CFD Medic X30 evaluated the driver of Unit #1 on scene; without transporting. Both operators stated they were wearing their seatbelts. Unit #1 was towed to the insurance lot by PRTOW. Unit # 2 was legally parked in the McDonalds parking lot at 2091 E Dublin Granville Rd.
20243212143,Franklin County,Unit 1 was at a stop inside of the parking lot of KFC (4828 US 40) Unit 2 was traveling northbound on N. Murray Hill Rd Unit 1 failed to yield while pulling out onto N Murray Hill Rd (traveling eastbound) and struck Unit 2. 
20243212839,Franklin County,  Unit # 2 was exiting the parking lot from the Wendy's located at 3050 E Main St to turn E/B E Main St.  Unit # 1 was turning into the parking lot of Wendy's next to Unit # .  The operator of Unit # 2 stated Unit # 1 struck her drivers side while he was turning into the parking lot and left he scene.  Officers observed minor damage to Unit # 2 on the drivers side door area.  CFD Medic 23 transported the victim to Grant for evaluation and possible treatment for her and her unborn child. The operator of Unit # 2 provided the tag number for unit # 1; that she had taken a picture of on her phone  The photo was a close up a red Ford tailgate with an Ohio; Purple HeartTag #242YJU.   Officers performed a records check through LEADS it was not on file.  Officers also called LEADS and had them try to run the tag number. CPD Leads Tech #5 stated she could not locate the tag number. Officers were also dispatched to S Broadleigh Ave on a different Hit Skip Accident (INC # #########)  involving a red car. Officers arrived and observed a red  Ford Ranger Bearing Ohio tag #242YJU.  Officers made contact with the driver that admitted being at the Wendy's earlier buit did not know he hit anyone. He was cited for the hits skip.  
20243213357,Franklin County,The driver of unit #1 stated that unit #2 was parked in the parking lot of the McDonalds at 1020 Alum Creek Dr. when unit #1 backed into unit #2.  The driver of unit #1 stated that the driver of unit #2 talked to him but stated that she could not wait till police arrived.
20243214674,Franklin County,Unit 2 stated that she was exiting the Wendy's at 2626 Bethel Rd when a black VW Tiguan SUV (unit 1) backed into her vehicle and then sped off. Unit 2 stated she was stationary when unit 1 struck her vehicle. Unit 2 stated she saw a male Indian with dark hair driving unit 1. Unit 2 stated she did not see the license plate. 
20243217947,Franklin County,On 11/18/2024 at approximately 7:31 AM; Officer A. McDonald #2811 and Officer A. Earle #3091 wearing the uniform of the day and working CPD marked cruiser 162 were dispatched to W. Main St. and Civic Center Dr. in response to a accident with property damage only. Upon arrival; Officer McDonald spoke with the driver of unit #2 who was identified by his Ohio drivers license as Lukas Perkins. Mr. Perkins stated that he was traveling E/B on W. Main St. approaching Civic Center Dr. Mr. Perkins stated that the driver of unit #1 attempted to change lanes and sideswiped his vehicle. Officer Earle spoke with the driver of unit #1 who was identified by his Ohio drivers license as Jay Rodgers. Mr. Rodgers stated that he was traveling E/B on W. Main St. approaching Civic Center Dr. Mr. Rodgers stated that he attempted to change lanes to turn N/B on Civic Center Dr. Mr. Rodgers stated that he sideswiped unit #2 when attempting to change lanes. Mr. Rodgers was issued a citation at scene. 
20243218733,Franklin County,On November 17th; Unit 2 authorized use stated she was inside the McDonald's located at 5410 Renner Rd. Columbus;Ohio 43228. Unit 2 authorized user exited the McDonald's and witnessed front end damage to Unit 2's left front area. Unit 2 authorized use stated there is camera footage of the collision but cannot access it until the morning. The Hiit Skip vehicle Unit 1;  is thought to be a large Truck or SUV white in color. Unit 2 authorized user was able to drive Unit 2 away. Unit 2  authorized user will try and obtain camera footage .  Authorized user of Unit 2 was Marisol Garcia Perez(UK119194); who is the sister to Unit 2 owner. 
20243221780,Franklin County,Unit 1 was parked on the south end of the McDonald's parking lot and Unit 2 was traveling east in the parking lot. Unit 1 backed up their vehicle without clearing the area behind them and hit Unit 2. The driver of Unit 1 did not have a valid driver license. Unit 1 was cited for operating a motor vehicle without a valid license and starting and backing vehicles. No injuries were reported and Unit 1 was returned to a valid driver. 
20243221872,Franklin County,Unit 1 was traveling eastbound through the parking lot at 4828 US 40. (KFC) Unit 2 was traveling northbound on North Murray Hill Rd from US 40 Unit 1 failed to yield while entering the roadway onto North Murray Hill Rd Unit 2 then struck Unit 1 on North Murray Hill Rd  
20243225124,Franklin County,Unit 1 was traveling on northbound I-71 in the number 4 lane at an undetermined speed. Unit 2 was traveling northbound in the number 4 lane and just merged onto the freeway and was traveling at a stated speed of 10 MPH due to traffic flow conditions. Unit 1 rear ended Unit 2 causing minor damage to the rear bumper of Unit 2. Unit 1 left the scene and Unit 2 followed Unit 1 to a Wendy's parking lot located on E Hudson St. Unit 2 tried to exit his vehicle to exchange information with Unit 1. Unit 1 left from the parking lot and did not exchange info with Unit 2. Unit 2 did not report any injuries. Unit 1 was identified as a male black. Unit 2 was provided a report number for the report.
20243226934,Franklin County,Unit #2 was stopped at the intersection of E 5th Ave. and Cleveland Ave. heading south on Cleveland Ave. When the light turned green; Unit #2 proceeded south through the intersection; when Unit #1 enetered the intersection driving east bound on E 5th Ave. Unit #2 then struck Unit #1 on the drivers side; to which Unit #2 pulled over in the Burger King parking lot. Unit #1 pulled over initially; to which a female exited the vehicle; injured and bloody; and proceeded to walk into Burger King. Additional males fled east bound on foot. A license plate number on Unit #1 was not captured. Medic 18 arrived and transported the injured female from Unit #1 to Grant Hopital in stable condition. No vehicles were towed; and the at fault party Unit #1 was not found. 
20243235946,Franklin County,Unit 1 was parked on the south side of the parking lot located at 1972 N High Street; McDonald's; facing southeast. Unit 2 was stopped in the parking lot directly behind Unit 1; just north of them. Unit 1 began to back up traveling northbound in reverse. Unit 1 struck the rear passenger side of Unit 2 with the rear of their vehicle. Both units sustained minor non disabling damage. The front passenger of Unit 2 stated she had back pain and was transported to OSU Main Hospital in stable condition. The Front passenger of Unit 2 was treated by OSU medical staff for her back pain. All other parties involved were uninjured. Both Units were able to drive from the scene. ****On 12/14/2024 the driver of Unit 2; Mr. Ward requested that officers add insurance information to their report. Mr. Ward's insurance is there HUGO and his policy number is HUGO-1077645/HUGOH7299985177.
20243239599,Franklin County,Unit #1 was traveling northbound on N 21st St and struck the front of Unit #2 as Unit #1 was backing up. The driver of Unit #2 stated the driver on Unit #1 backed their vehicle into Unit #2.  After Unit #1 struck Unit #2; the driver of Unit #1 traveled westbound through a vacant lot and then southbound onto N 22nd St. The driver of Unit #1 jumped out of the vehicle while their vehicle was still in motion and it struck the Wendy's building in the drive thru located at1054 E Broad St.The driver of Unit #1 continued to run on foot away from the scene.  The driver of Unit #1 was charged with felony fleeing F-3.
20243240356,Franklin County,Unit #1 was a motor vehicle in transport traveling S/B on N. Wilson Rd. Unit #2 was a motor vehicle in transport traveling N/B on N. Wilson Rd. in the right hand lane.  Witness #1 was a semi truck traveling on N/B on N. Wilson Rd. in the left lane. Witness #1 stated that he observed Unit #2 traveling at a high rate of speed in the middle turn lane coming from the north on Wilson Rd. Witness also observed Unit #2 driver attempting to turn left into a shopping center driveway near 200 N. Wilson Rd. while traffic was still moving N/B. on Wilson Rd.  Witness #1 began to slow and observed Unit #2 change lanes in front of him in an effort to avoid striking Unit #1; however; Unit #2 struck Unit #1 as Unit #1 was in the middle of a left hand turn.  Unit #2 has the right of way on N. Wilson Rd. Both Units came to a final rest in the S/B lanes of N. Wilson Rd. across from 200 N. Wilson Rd. (Taco Bell)  Unit #1 driver was transported to Grant Medical Center by CFD EMS 12 in stable condition.  He was treated by Dr. Blood for a hand injury and possible small brain bleed.  Unit #2 driver complained of head and hand pain but was not treated at scene.  Unit #1 driver was cited for Failure to Yield on a left hand turn and Unit #2 driver was cited for No Valid Operator's License at scene. Unit #1 stated to the officer at the hospital; he was not really sure what happened.
20243240386,Franklin County,Unit 1 stated that he parked his vehicle on the right side of the roadway. Unit 1 stated that his vehicle began rolling forward after he exited it. Unit 1 stated that his vehicle crossed the center of the roadway and struck the sign at Keswick Drive and McDonald Lane.   
20243241413,Franklin County,"On 12/20/2024 at approximately 12:17 PM; Officer A. McDonald #2811 wearing the uniform of the day and working CPD marked cruiser 163 was dispatched to S. Sandusky St. and W. Rich St. in response to an auto accident hit skip. Upon arrival; Officer McDonald spoke with the driver of unit #2; William Keimig. Mr. Keimig stated that he was traveling S/B on S. 3rd St. approaching E. Fulton St. Mr. Keimig stated that his light was yellow and he proceeded through the intersection when he was struck by unit #1. Mr. Keimig stated that unit #1 was traveling E/B on E. Fulton St. at S. 3rd St. and ran the traffic light. Mr. Keimig stated that he pulled over and gave the driver of unit #1 ""a thumbs up."" Mr. Keimig believes the driver of unit #1 may have interpreted that as they didn't need to exchange information or call law enforcement. Mr. Keimig stated that the driver of unit #1 drove away from the scene. Mr. Keimig stated that unit #1 was a blue mini van but wasn't able to provide Officer McDonald with a license plate number. Mr. Keimig descried the driver as a female white in her late twenties to early thirties. Mr. Keimig was given a incident report number to provide to his insurance company. "
20243243733,Franklin County,The driver of Unit #1 was down and out in the drive through of McDonald's on S Hamilton Rd and Kingsland Ave. Unit #2  responded to check on the driver of Unit #1. Unit #2 was parked when the driver of Unit #1 struck Unit #2. Unit #1 received minor damage to the front passenger bumper. Unit #2 received minor damage to the rear; left passenger side. The driver of Unit #1 took off on foot and the Officers did not find him. Pro Tow impounded Unit #1. No injuries were reported. Unit #1 was the at-fault driver.        **The owner of Unit#1 contacted the Division to say that she loaned her vehicle to Mitchell Porter; and he has been avoiding her since the crash. She was not in the vehicle at the time; and could not provide any information about the collision. Her vehicle was uninsured at the time of the collision. NMP-AIU**
20243244704,Franklin County,Officer were dispatched to the Wendy's off of Morse Road to investigate a hit-skip accident. Upon arrival the driver of unit 2  stated that she was driving into the walmart parking lot and the driver unit 1 did not stop at the intersection and hit her car in a side swiping fashion. She stated that the driver of unit 1 then drove off in a eastbound direction towards Sam's Club.
20243245802,Franklin County,Unit #1 stated he was facing southbound in the parking lot of Arbys and proceeded to back up and struck the rear of Unit #2 as she was backing. Unit #2 said she was facing northbound in the parking lot of Arbys and proceeded to back up; came to a complete stop and proceeded to drive forward going westbound and was struck in the rear by Unit #2. Unit #2 has visible damage to the passenger corner bumper where the corner of the bumpter popped out and can be popped back in. Unit #2 does not have any additional visible damage. Unit #1 doesn't appear to have any visible damage. Do to the conflicting stories; lack of of an idependent witness or camera footage; the reporting officer was unable to determine who was the at-fault party. Neither Units needed medical treatment.
20243247601,Franklin County,On the listed date and time; at the listed location; the driver of Unit 2 stated he was traveling southbound on Cleveland Ave; passing by the Subway at 5701 Cleveland Ave in lane 2 (closest to the curb); when Unit 1; traveling northbound; attempted to turn west into the Subway from the center turn lane. The driver of Unit 2 stated there was an uninvolved motorist that was stopped in the lane 1 traveling southbound; attempting to let Unit 1 turn into the Subway. The driver of Unit 2 stated Unit 1 initiated the turn westbound to cross two southbound lanes of travel as the uninvolved motorist was still stopped in lane 1 traveling southbound; The driver of Unit 2 stated as he passed the uninvolved motorist in lane 1; he was struck by Unit 1 in the driver side door; by the front of Unit 1. The driver of Unit 2 stated he had no injuries from the accident. Both parties exchanged vehicle and driver license information at scene; but both parties refused to exchange insurance information. A report was taken to resolve the dispute between the two parties. Due to not being able to interview the driver of Unit 1; outside of family members; no citations were issued. This accident occurred on and was reported on 12/24/2024 at 3:50 PM; but due to delay on Officers responding; Officers were not able to take a report at that time and was followed up on on today's date.
20243247822,Franklin County,Unit #1 was apparently traveling south-bound on S. High St and then attempted to make a west-bound turn onto Highview Blvd near the Wendy's and Taco Bell restaurants. Unit #1 struck Unit #2 as he was walking across the unmarked intersection. Unit #2 stated that he was struck in the legs; but did not fall over. Unit #2 stated that Unit #1 did not stop and left the scene. Unit #2 stated that he then walked to the S. High Street library and notified the staff that he was struck by a black Cadillac SUV. Unit #2 did not have a description of the driver of Unit #1. Staff called police for him. Unit #2 was transported by CFD Medic 22 prior to police arrival in stable condition to Children's Hospital. Responding officer followed up at Children's Hospital where Unit #2 was waiting in the ER with his parents. Unit #2 had apparently left his residence without permision and was walking to White Castle when he was struck by Unit #1. Unit #2's parents were provided with a report number. Responding officer also followed up at the Wendy's and Taco Bell to check if cameras may have captured the crosswalk area. Both restaurants stated that the cameras would not have captured that area. Parents Info: Tyeshia L. Crawford -- 09/06/1986 -- 614-203-5777 (Mom); Onray F. Evans Sr. -- 09/26/1982 -- 614-329-1844 (Dad). 
20243248186,Franklin County,The driver of Unit 2 stated that she was the 3rd car in line at the Wendys drive thru; when the vehicle in front of her (Unit 1) reversed and struck the front of Unit 2 causing damage to the bumper. The driver of Unit 2 stated that Unit 1 then pulled out of the drive thru and fled the scene. Unit 1 was described as a white Dodge Charger with Ohio license plate KKJ6112. The driver of Unit 2 was unable to see any occupants inside of Unit 1. Officers followed up at the registered address for Unit 1 and were unable to locate the vehicle. The driver of Unit 2 was provided with a report number. 
20243250036,Franklin County,On December 20th at approximately 6:04 Pm Officers C. Darlington #3403 and M. Clifford #3328 responded to a hit skip accident at the Burger King located at 1370 Harrisburg Pike. Officers spoke with the driver of Unit 2 who stated she was in the drive through line waiting for food when the driver of Unit 1 was in  line and seemed to be frusterated with the service and how slow they were. The driver of unit 2 then stated that the driver of Unit 1 backed their vehicle up which hit the front of Unti 2 causing damage to the front end of unit 1. The driver of Unit 2 stated that she driver of Unit 1 was a younger female. The Driver of Unit 2 was able to provide a tag of Unit 1; Ohio Tag KIB6265. Officers ran the tag which registered to 99 N Wayne. Officers conducted a follow up investigation and eventually spoke with the driver of unit 1 who admitted to backing into her vehicle. Upon running the driver of unit 1 through leads; Officers came across that she was driving on a license that was failed to be reinstated. Officers issued the Driver of Unit 1 a ticket for Failure to Reinstate (2141.21) and Hit Skip (2135.12(A).  Ticket # CPD026698. 
20243250650,Franklin County,Unit 2 was stopped at the red light in the west most left hand turn lane on Brice Rd just north of the intersection with Tussing Rd. Unit 1 was traveling south on Brice rd in the east most left hand turn lane just north of the intersection with Tussing Rd when it made an improper lane change striking the left rear of Unit 2 with the right front of Unit 1. Unit 1 pushed Unit 2 into Unit 3 striking Unit 3 in the left rear. The Driver of Unit 3 was uninjured and Unit 3 was able to be driven from scene. The Driver and Occupants of Unit 2 were treated by CFD Medic 823 but were not transported. Unit 2 was able to be driven from scene. Unit 2 Occupant #1 stated the driver of Unit 1 was a female black in her early 20's. Unit 2 Occupant #1 stated the driver of Unit 1 had stated someone had cut her off; requested Unit 2 move; and parked in the KFC lot before fleeing the scene. Unit 2 provided the Officers photos of Unit 1 and her driver. Unit 1 is a blue Nissan sedan with front right damage and the driver was a female black in a red puffer jacket. Due to the lack of a vehicle tag for Unit 1; Officers were unable to conduct followup. Due to the evidence at the scene and the statements made by the involved parties; Officers determined that Unit 1 was at fault. 
20243251218,Franklin County,The crash occurred at the intersection of N High Street and W 18th Avenue. Driver of Unit 02 stated he was traveling southbound on N High Street and had a green light to continue southbound through W 18th Avenue. Upon approaching the intersection; Unit 01 crossed N High Street on 18th Avenue in front of Unit 02 and was struck. Driver of Unit 02 stated he spoke with the driver of Unit 01 prior to Police arrival and the driver admitted to being at fault and did not look before crossing N High Street from a private drive (McDonald's). Front passenger of Unit 02 was evaluated on scene and released by CFD Medic 7. No other injuries were reported. Driver of Unit 01 was issued a traffic citation for Failure to Yield from a Private Drive. Both Units were driven away from the scene by their respective occupants.
20246175568,Franklin County,Unit 1 was traveling southbound on the sidewalk on the east side of Northwest Blvd. Unit 2 was turning northbound on Northwest Blvd from 3040 Northwest Blvd (Wendy's Drive-thru). Unit 1 was improperly operating their bicycle on the sidewalk causing Unit 2 to strike Unit 1. Unit 1 is at fault for improperly operating a bicycle on the sidewalk. 
20248057291,Franklin County,UNIT TWO WAS EXITING THE DRIVEWAY OF MCDONALDS WHEN UNIT ONE WAS ENTERING THE DRIVEWAY AND SIDESWIPED UNIT TWO. THE DRIVER OF UNIT ONE WAS FOUND TO BE INTOXICATED AND WAS ARRESTED AND CHARGED WITH OVI. MINOR DAMAGE ON BOTH VEHICLES. 
20248069235,Franklin County,UNIT #2 WAS N/B ON S. HAMILTON RD IN THE CENTER THROUGH LANE CHANGING LANES INTO THE LEFT TURN LANE AS IT WAS APPROACHING THE INTERSECTION WITH E. MAIN ST.  UNIT #1 WAS W/B IN THE PRIVATE DRIVE AT 4595 E. MAIN ST (WENDY'S).  UNIT #1 PULLED OUT ON TO S. HAMILTON RD; FAILING TO YIELD TO UNIT #2; AND STRUCK UNIT #2 IN THE RIGHT FRONT WITH THEIR LEFT FRONT.  UNIT #1 FLED THE AREA N/B ON S. HAMILTON RD.  THE OCCUPANTS OF UNIT #2 DESCRIBED A BLUE CAR.  DET. RUNYAN ATTEMPTED TO FIND THE VEHICLE ON FLOCK CAMERAS; A LICENSE PLATE READER SYSTEM; BUT WAS UNABLE TO LOCATE IT.  AT THIS TIME THERE IS NO ADDITIONAL FOLLOW UP.
20248243505,Franklin County,Unit 2 was traveling westbound on E. Main St in attempt to get her Arby's for dinner. Unit 1 was pulling out of the parking lot near Devore Drive Through and did not see Unit 2. Unit 1 struck the passenger door of Unit 2 and then fled the scene. Unit 2 did have paint transfer on their vehicle which was blue. Unit 2 stated the vehicle was a blue pick up truck. 
20252142913,Franklin County,UNIT 1 AND UNIT 2 WERE TRAVELING EAST ON CEMETERY RD APPROACHING THE SERVICE RD BY TACO BELL NEAR LEAP RD. UNIT 1 WAS STOPPED IN TRAFFIC AND UNIT 2 FAILED TO MAINTAIN A SAFE STOPPING DISTANCE AND STRUCK THE REAR OF UNIT 1. UNIT 2 FLED THE SCENE.    UNIT 2 WAS LATER FOUND AND THE DRIVER ADMITTED TO DRIVING; STRIKING UNIT 1; AND LEAVING THE SCENE. THE DRIVER OF UNIT 2 WAS CITED FOR ACDA AND STOPPING AFTER ACCIDENTS.
20252154695,Franklin County,UNIT 2 WAS TRAVELING EASTBOUND ON HOSPITAL DR. UNIT 1 WAS AT THE STOP SIGN ON THE ACCESS ROAD NEAR THE WENDY'S AT AVERY SQUARE. UNIT 1 FAILED TO OBEY THE STOP SIGN WHILE TURNING LEFT ON HOSPITAL DR; STRIKING UNIT 2. UNIT 1 THEN FLED THE SCENE. DESCRIPTION OF UNIT 1 IS A BLACK KIA.
20253000165,Franklin County,Unit 2 was facing west stopped at the stop light in the turn lane of E. Main St. and Brice Rd.     Unit 1 turned left out of the parking lot of McDonalds (6323 E. Main St.)to travel Westbound on E. Main St. While negotiating the turn; unit 1 swerved left to avoid traffic traveling Westbound striking the right rear corner of unit 2 causing damage.
20253006613,Franklin County,On 1/11/2025 at approximately 01:30 in the morning; Unit one was traveling southbound in the parking lot of Donatos. Unit one then went through the parking spot; over the grass curb and struck Unit two. Unit two was parked in the wendys parking lot. Unit one left the scene immediately. Officer C. Rambin #3351 was working special duty at Donatos and witnessed the crash happen. 
20253010141,Franklin County,On 1/16/2025 at approximately 8:40 AM; Officer A. McDonald #2811 wearing the uniform of the day and working CPD marked cruiser 165 was dispatched to SR315NB/I670 in response to an auto accident with a possible injury. Officer McDonald spoke with the driver of Unit #2 who was identified by his Ohio drivers license as Reed West. Mr. West stated that he was traveling N/B on 315N approaching I670. Mr. West stated that traffic was heavy and he began to slow when he was struck from behind by Unit #1. Mr. West stated that he was then pushed into Unit #3 and Unit #4. Officer McDonald spoke with the driver of Unit #1 who was identified by her Ohio drivers license as Jessica Anderson. Ms. Anderson stated that she was also traveling N/B on 315 NB approaching I670. Ms. Anderson stated that she crashed into the rear of unit #2. Both Unit #1 and Unit #2 were inoperable and towed by A&A Towing. Ms. Anderson was issued a citation for ACDA. Mr. Reed stated that he had no injuries but wished to be transported for possible injuries. Mr. Reed was transported to OSU Main Hospital by CFD Medic 25. 
20253015104,Franklin County,Other Officers were in pursuit with Unit 1;  traveling East on I-70 approaching the Parsons Ave exit. Upon attempting to enter the Parsons Avenue  exit ramp; Unit 1 struck Unit 2 from the rear at approximately 70 MPH. Unit 2 spun multiple times before coming to a final rest against the wall. Unit 1 came to a final rest approximately 100 feet east of of Unit 2; still on the Parsons Ave exit ramp due to disabling damage. The driver and occupants of Unit 1 fled the scene on foot immediately following the collision.The driver of Unit 2; Ms. Wendy Yeboah; was not able to tell officers what happened due to her not seeing how the collision began. Ms. Yeboah was evaluated by CFD Medic 2 and required no treatment or transport. Unit 2 was towed from scene by Pro Tow. Unit 1 was towed out of the pursuit investigation. Be advised that the driver of unit 2 was not able to find her insurance policy number but knew that her company was state farm.  Also the tag that was physically on unit 1 was OH dealer tag #001A6KG; but the tag that is attached to the VIN is OH tag #SUHWEET; which was not on unit 1.  The driver of unit #2 was driven home by other Officers.
20253018084,Franklin County,Unit #1 was found by Officers crashed into a utility pole on the west side of South High St. south of Fornof Rd. Unit #1 was facing southbound. Unit #1 was unoccupied when Officers arrived on scene. Officers located a male laying in the southbound lanes of South High St. a short distance south of Unit #1. The male was unable to provide any details to Officers. There were no witnesses to the crash. Unit #1 was the only vehicle found on scene when Officers arrived. The male was transported by Columbus Fire Medic 14 with life threatening injuries to Grant Medical Center; where he was pronounced deceased at 3:15 AM. Columbus Police AIU responded to scene. It was later determined by Officers that Mr. McDonald and Mr. Matheny were occupants of Unit #1 and had fled the scene on foot after the crash in a unknown direction.Where each occupant was sitting and who was driving is still under investigation. The listed occupants of Unit #1; Mr. McDonald and Mr. Matheny;  transported themselves to Ohio Health Obetz and Grant Medical Center respectively a short time after the crash had occurred. Officers responded to the respective hospitals and spoke with the listed occupants.
20253018584,Franklin County,On 1/28/25 Unit 2 was traveling wb on Livingston Ave while; Unit 1 was leaving the McDonalds parking lot at 3005 E Livingston Ave attempting to cross Livingston Ave and travel n/b onto Kellner Rd. Unit 1 failed to yield from a private dr causing Unit 2 to strike Unit 1 spinning Unit 1 into a yard while Unit 2 was forced into Unit 3; who was stopped at a stop sign facing s/b on Kellner Rd. The driver of Unit1 was found at fault; see CPD Citation CPD073368. The driver of Unit 2 was transported to Grant Medical Hospital to be treated for minor injuries to his neck. The driver of Unit 1 was transported to OSU East Hospital to be treated for her minor injuries as well. 
20253020833,Franklin County,On 1/30/2025 at approximately 9:31 AM; Officer A. McDonald #2811 and Officer C. Brooks #3408 wearing the uniform of the day and working CPD marked cruiser 165 as unit 161 was dispatched to Lester Dr. and E. Spring St. in response to an auto accident with injuries. Upon arrival; Officer McDonald spoke with the driver of unit #2 who was identified by his Ohio drivers license as Christopher Graves. Mr. Graves stated that he had exited the I71 S/B ramp and was heading S/B towards Lester Dr. crossing over E. Spring St. Mr. Graves stated that he had a green light and proceeded through the intersection when he struck unit #1. Officer McDonald spoke with a witness who was identified as Westley Phillips. Mr. Phillips stated that he believed Mr. Graves had a yellow light and proceeded through the intersection when he struck unit #1. Officer N. Molnar #984 and Officer J. Clark #2544 working CPD marked cruiser 162 spoke with a witness who identified herself as Becky. Beckey stated that she was traveling behind unit #1 and that unit #1 had the green light. Becky stated that unit #2 ran the red light resulting in the accident. Becky stated that she had video dashcam of the accident. Officers attempted to access the dashcam footage; however their was no saved footage from the accident. Officer McDonald spoke with another witness; Carlton Jones; who stated that he was driving 
20253020835,Franklin County,On 1/27/2025 at approximately 8:45 AM; Officer A. McDonald #2811 wearing the uniform of the day and working CPD marked cruiser 162 was disptached to Cleveland Ave. at E. Broad St. in response to an auto accident with injury hit skip. Upon arrival; Officer McDonald spoke with unit #2 who identified himself as Jon Stephens. Mr. Stephens stated that he was crossing the street heading S/B at Cleveland Ave. and E. Broad St. Mr. Stephens stated that he obeyed the pedestrian traffic control device. Mr. Stephens stated that unit #1 failed to yield while making a left hand turn and crashed into him. Mr. Stephens stated that the driver then fled the scene. Officer McDonald spoke with Victor Flower at Egan-Ryan Funeral home who was able to show Officer McDonald video footage of the accident. The video showed Mr. Stephens in the crosswalk and unit #1 fail to yield resulting in the accident. Officer McDonald was unable to get a license plate for the vehicle; however could see that it was a silver Ford Explorer. Mr. Flowers was sent a AXON link to upload the video footage. Mr. Stephens was transported to Grant Hospital by CFD medic 1 for injuries sustained during the accident. Columbus City school bus #906 driver Derek Clark stated that he was parked at W/B at Cleveland Ave. and E. Broad St. Mr. Clark stated that he observed Mr. Stephens crossing the crosswalk at E. Broad St. and Cleveland 
20253024276,Franklin County,On Monday; February 3rd; 2025; Unit 2 was traveling northbound on Alum Creek Dr. approaching the E. Livingston Ave intersection when Unit 1 exited the McDonald's parking lot and struck her vehicle. Unit 1 left the scene and Driver of Unit 2 contacted police. Unit 2 sustained functional damage though Driver of Unit 2 was able to drive Unit 2 from the scene following receiving her report number. 
20253030839,Franklin County,"On 2/16/2025 at approximately 12:05 PM; Officer A. McDonald #2811 wearing the uniform of the day and working CPD marked cruiser 162 was dispatched to 480 W. Broad St. in response to an auto accident hit-skip. Officer McDonald spoke with the driver of unit #2 who identified himself as Mel Reed. Mr. Reed stated that he was traveling E/B on SR 161 approaching N. Meadows Blvd. Mr. Reed stated that the driver of unit #1 struck the rear of his vehicle. Mr. Reed described the driver as a male black approximately thirty to thirty-five years old. Mr. Reed stated that the driver of unit #1 told him that ""he has no damage to his vehicle;"" and refused to exchange information. Mr. Reed stated that the driver of unit #1 then left the scene in a black GMC Suv with Ohio tag KEZ9260. Officer Oxley #2011 and Officer Westlake #1614 attempted to follow up at the listed address for the tag; however were unsuccessful. Mr. Reed stated that he had neck pain and a headache from the accident. Officer McDonald ask Mr. Reed if he needed a medic and Mr. Reed declined. Mr. Reed stated that he saw no visible damage to his vehicle but that he wanted to take his vehicle to a mechanic to have it looked at. Mr. Reed was given a incident report number and referred to his insurance company.  "
20253030842,Franklin County,On 2/14/2025 at approximately 11:43 AM; Officer A. McDonald #2811 wearing the uniform of the day and working CPD marked cruiser 164 was dispatched to N. Souder Ave. at Dublin Rd. in response to an auto accident with property damage only. Upon arrival; Officer McDonald spoke with the driver of unit #1 who was identified by his Ohio drivers license as Jeremy Evans. Mr. Evans stated that he was traveling E/B on Dublin Rd. approaching N. Souder Ave. Mr. Evans stated that he ran the red light which resulted in the accident with unit #2. Officer McDonald spoke with the driver of unit #2 who was identified by his Ohio drivers license as Steven Berner. Mr. Berner stated that he was exiting the freeway ramp and had the green light to proceed thru Dublin Rd. Mr. Berner stated that the driver of unit #1 ran the red light resulting in the accident. Mr. Evans was issued a citation for running the red light. Both vehicles were impounded for the owners by PRO TOW. Neither party reported any injuries at scene. 
20253034468,Franklin County,Unit 1 was traveling Westbound on Morse Rd approaching Chiefdoms Rd. Unit 2 was traveling Eastbound on Morse Rd passing Chiefdoms Rd. Unit 1 turned left to go into the Subway parking lot in front of Unit 2 causing Unit 2 to strike the front of Unit 1 with the front of Unit 2. Driver of Unit 1 was transported to Riverside Hospital where she was pronounced at 2116. Driver of Unit 2 was transported to Mount Caramel East in stable condition.Witness was in the Subway parking lot who stated he observed Unit 1 turn in front of Unit 2 to get into the Subway parking lot; causing Unit 2 to strike Unit 1. Both vehicles were towed from scene. Worthington Police arrived at Riverside to assist with the identification of Driver of Unit 1.
20253041412,Franklin County,Driver of of unit #2 stated he was exiting the McDonald parking lot heading north bound to enter the service road just south of E. Dublin Granville Rd and west of Maple Canyon Ave.  Driver of unit #2 stated as he was exiting unit #1 struck unit #2 on the passenger front side and causing functional damage to his vehicle by taking off the front end bumper.  Driver of unit #2 stated that unit #1 never stopped and continued west bound onto the service road before going west bound on E. Dublin Granville Rd.  Driver of unit #2 was able to get a license plate on the vehicle and also McDonald has video surveillance of the incident.  Responding officer advised driver of unit #2 that a report would be taken and provided him with an incident number for his records.  Responding officer did a follow up at the address provided from the license plate but was unable to contact anyone out of the incident. 
20253041857,Franklin County,Unit #1 stated that she was exiting the McDonald's parking lot located at 4131 Morse Crossing just north of New Bond St.  Unit #1 thought she was in the north bound lanes when she exited the lot but instead was in the south bound lanes. Unit #1 stated that is when Unit #2; who was traveling south on Morse Crossing in the far right lane struck her on the front bumper causing disabling damage to both vehicles.  The driver of Unit #2 was transported to Mt Carmel saint Anns by CFD medic 28 in stable condition.  Both Units were towed by Pro Tow to the Accident lot.  The driver of Unit #1 was given a citation for driving the wrong way on a one way. The driver of Unit #2 has only been in the United States on a work visa for approximately a month and only has Republic of Guinea driver's license.  USA Work Visa #245-711-560
20253043524,Franklin County,On 3/4/2025 at approximately 8:23 AM; Officer A. McDonald #2811 wearing the uniform of the day and working CPD marked cruiser 163 was dispatched to Brodbelt Ln and Neil Ave. in response to an auto accident with injury. Upon arrival Officer McDonald spoke with the driver of unit #1 who was identified by her Ohio drivers license as Melissa Scott. Ms. Scott stated that she was traveling S/B on Neil Ave. to turn E/B on Broadbelt Ln. Ms. Scott stated that the driver of unit #2 ran the red light resulting in the accident. Ms. Scott stated that her right arm was hurt as a result of the accident and CFD Medic 1 treated Ms. Scott at scene. Ms. Scott's vehicle was inoperable and was towed by A&A Towing. Officer McDonald spoke with the driver of unit #2 who was identified by her Ohio drivers license as Gabriella Weiss. Ms. Weiss stated that she was traveling N/B on Neil Ave. approaching Broadbelt Ln. Ms. Weiss stated that the driver of unit #1 failed to yield while making a left hand turn and as a result; she crashed into unit #1. Ms. Weiss stated that her back hurt from the accident and was treated at scene by CFD Engine One.Due to no independent witnesses and conflicting statements by both parties; both parties were issued a incident report number and referred to their insurance companies. 
20253044434,Franklin County,Unit 2 was traveling west on Oakland Park Ave stopped at the red light at Cleveland Ave. Unit 1 was traveling west on Oakland Park Ave behind Unit 2 approaching Cleveland Ave. Unit 1 did not stop in time and struck the rear of Unit 2 causing functional damage to the rear bumper and trunk. Officers found driver of Unit 1 to not have a valid driver's license. Officers cited driver of Unit 1 for ACDA and No Operators License. Unit 2 was able to drive from scene while Unit 1 who was parked in the KFC parking lot was instructed to wait until a valid driver arrived. 
20253047229,Franklin County,"Unit #2 stated he was walking across the parking lot to enter the Wendys when the driver of Unit #1 proceeded to strike him resulting in the accident and damages.  Unit #2 stated he was not able to identify who was drving the vehicle and only described Unit #1 as ""off white"".  The reporting officer Spoke with the witness who stated Unit #1 was traveling at a high rate of speed through the parking lot while she was waiting in the drive thorugh line.  The witness stated she obsered Uniot #1 strike Unit #2 causing him to fall to the ground.  The witness described Unit #1 as a male black with dirty jeans and a beanie on his head.  The witness described the vehicle as a box style SUV similar to a Kia Soul.  The license plate KKY2674 registered to a Toyota Station Wagon (VIN: JTLKT334264030820).  Officers attempted to conduct follow up at the registered location; however; recieved no answer at the door and the vehicle was not parked nearby.  Unit #2 was treated at scene by VFD Medic 3 and refused transport. "
20253047426,Franklin County,On 3/14/2025 at approximately 11:32 AM; Officer A. McDonald #2811 wearing the uniform of the day and working CPD marked cruiser 163 was disaptched to E. Main St. at S. 3rd St. in response to an auto accident with injury. Upon arrival; Officer McDonald spoke with the driver of unit #2 who was identified by her Ohio drivers license as Olivia Abrams. Ms. Abrams stated that she was traveling E/B on E. Main St. approaching S. 3rd St. Ms. Abrams stated that the driver of unit #1 ran the red light resulting in the accident. Officer McDonald spoke with the driver of unit #1 who identified himself as Dana Bowers. Mr. Bowers stated that he was traveling S/B on S. 3rd St. approaching E. Main St. Mr. Bowers stated that he had the green light and proceeded through the intersection when he was struck by unit #2 who he claims ran the red light. Officer McDonald spoke with a witness at scene; Jauqualia Williams; who stated that she was traveling S/B on S.3rd St. approaching E. Main St. Ms. Williams stated that she had the red light and that unit #1 ran the light. Officer McDonald attempted to clarify who was at fault and Ms. Williams stated that Ms. Bowers was at fault. Ms. Williams was in a hurry to leave the scene and Officer McDonald was unable to clarify with her as to who ran the red light. Officer McDonald called Ms. Williams four times and got voicemail on every call. Officer McDonald 
20253047427,Franklin County,On 3/11/2025 at approximately 9:50 AM; Officer A. McDonald #2811 wearing the uniform of the day and working CPD marked cruiser 84 was dispatched to 230 N Central Ave. in response to an auto accident with property damage only hit-skip. Upon arrival; Officer McDonald spoke with the driver of unit #2 who was identified by his Ohio drivers license as Bretton Thompson. Mr. Thompson stated that he was traveling N/B on N. Central Ave. approaching River St. Mr. Thompson stated that a red Honda CRV with partial tag WDS failed to yield from a stop sign resulting in the accident. Mr. Thompson described the driver of the Honda CRV as a male Hispanic wearing a baseball hat. Mr. Thompson stated that the driver of the Honda CRV fled the scene N/B without exchanging information. Mr. Thompson was given a incident report number and referred to his insurance company. 
20253053284,Franklin County,Units 1 and 2 were parked in the parking lot of McDonalds located at 359 Agler Road. Unit 1 was unoccupied. Unit 2 began backing out and turned too sharply and struck Unit 1 cause minor damage to both vehicles.
20253054285,Franklin County,On the listed date; time; and place Ofc. Bingham was dispatched to a single vehicle crash. Once on scene Ofc. Bingham observed tire marks from Unit 1 on Cleveland Ave. indicating that unit 1 was making a left turn from Innis Rd. and was travelling to fast to not go into the construction zone strike a traffic barrel go over the curb. The vehicle went up a 2 foot barrier wall and came to rest in the McDonalds parking lot. Ofc. Bingham observed both front tires were flat and the rims bent. The whole crash was observed by a Columbus Police Officer who was one a traffic stop. Ofc. Bingham was told by the CPD Officer that the drive was picked up by a person driving a red Chevrolet Equinox and they fled the scene southbound on Cleveland Ave. Unit 1 was impound through All-Points. Ofc. Bingham then cleared the scene. Nothing further.  Recorded on B/C-66  
20253058957,Franklin County,"Unit 2 was stopped at a red traffic light; on Northtowne Blvd; just north of Morse Rd behing several other vehicles and was facing southbound. Unit 1 was traveling southbound on Northtowne Blvd and was approaching Unit 2. ;While Unit 2 was stopped at the traffic light; Unit 1 struck Unit 2 in Unit 2's rear-end; causing minor damage to Unit 2's rear bumper. Unit 1 and Unit 2 exited the roadway and pulled into the Arby's restaurant parking lot. The driver of Unit 2 stated the driver of Unit 1; exited her vehicle and stated; ""why did you hit me?"" The driver of Unit 2 attempted to retrieve information from the driver of Unit 2. Unit 2 refused to exchange information and got back into her vehicle and left northbound on Northtowne Blvd. The driver of Unit 2 stated the driver of Unit 1 was a female Somali; around 55 years old; standing around five feet tall; weighing around 170 - 180 pounds; with brown eyes and wearing a grey hijab. Prior to both Units exiting the roadway; the driver of Unit 2 used his cellular phone's camera to photograph Unit 1 stopped immediately behind Unit 2's rear bumper and also photographed Unit 1's license plate which was Ohio license#: EES2020. No injuries were reported. Responding officer conducted a follow-up investigation at Unit 1's registered address and did not locate Unit 1 at the registered address and did not get an answer at the front door. "
20253059657,Franklin County,Unit 1 was travelling west bound on E Main St. in the inner lane when Unit 2 exited McDonalds; located at 6323 E Main St. Unit 2 exited McDonalds and struck Unit 1 on the drivers side; causing substantial damage to Unit 1. Unit 2 fled the scene.
20253059813,Franklin County,On 3/13/2025 at approximately 3:20pm; Unit 1 and Unit 2 were traveling southbound on I-270 approaching the exit for Georgesville Rd. Unit 2 stated that Unit 1 was a tractor-trailer and lost a wheel while traveling south on I-270. Unit 2 stated that the wheel bounced back and collided with the front passenger side of Unit 2 while Unit 2 was also traveling south on I-270. The driver of Unit 2 explained that the impact caused her to slam her head on her head rest however; Unit 2 maintained control of the vehicle and relocated to the Taco Bell at 1516 Georgesville Rd to report the incident to police. Unit 2 stated that she was unable to identify any information belonging to Unit 1 other than the color of Unit 1 being white. Unit 2 was evaluated for injuries by CFD Medic #31. The driver of Unit 2 declined transportation to the nearest Hospital for further evaluation however; stated that she would self transport if the injuries worsened. The driver of Unit 2 was provided with an incident number and left the scene. The responding officer was unable to conduct a follow up in an attempt to identify Unit 1 due to the lack of provided identifying information.
20253060008,Franklin County,On 3/29/2025 at approximately 11:34 AM; Officer A. McDonald #2811 wearing the uniform of the day and working CPD marked cruiser 163 was dispatched to S. 3rd St. at E. Engler St. in response to a auto accident with property damage only. Upon arrival; Officer McDonald spoke with the driver of unit #1 who was identified by her Ohio drivers license as Amber Boardman. Ms. Boardman stated that she was traveling in the center lane going S/B on S. 3rd St. Ms. Boardman stated that she attempted to turn E/B on E. Engler St. from the center lane and was struck by unit #2. There were construction cones set up between the middle lane and the E/B curb lane and Ms. Boardman stated that the cones made in confusing as to whether she could turn or not. Officer McDonald spoke with the driver of unit #2 who was identified by his Ohio drivers license as Paul Young. Mr. Young stated that he was traveling S/B on S. 3rd St. approaching E. Engler St. Mr. Young stated that the driver of unit #1 turned in front of him resulting in him striking her vehicle. Ms. Boardman was issued a citation for improper left turn. 
20253064635,Franklin County,The Driver of Unit 2 (Driver 2) stated he was in the drive-thru line for McDonald's at 5410 Renner Rd; facing south.  Driver 2 stated the Driver of Unit 1 (Driver 1) was honking behind him and yelling at him to hurry up.  Driver 2 stated a short time later; he felt Unit 1 strike Unit 2 from behind.  Driver 2 stated he exited Unit 2; walked back to Unit 1 and asked Driver 1 to back up so he could assess the damage to his vehicle.  Driver 1 did and when Driver 2 moved his vehicle a short distance to get out of the way of other vehicles; then exhange info with Driver 1.  Driver 2 stated Driver 1 fled in Unit 1 prior to exhanging information; leaving west on Renner Rd.  Driver 2 described Driver 1 as a female white; and Unit 1 registered to London; OH.  Driver 2 described Unit 1 as a grey pickup truck with a pushbar; and had a picture of the license plate.  An Officer from London PD (LPD) responded to the registered address and was parked out front when Unit 1 arrived at the address.  Reporting Officers spoke with Driver 1 over the phone; who stated she was not at the McDonald's on Renner Rd; but just arriving home from her mother-in-law's house in Columbus.  When confronted about the picture of Unit 1's license plate; Driver 1 denied being involved in the accident.  The LPD Officer noted damage on the push bumper of Unit 1; consistent with the vehicle rear-ending another.
20253064700,Franklin County,On 4/11/2025 at approximately 1:37 PM; Officer A. McDonald #2811 wearing the uniform of the day and working CPD marked cruiser 164; along with Officer J. Frisch #2456 working CPD marked cruiser 163 were dispatched to S. High St. at Greenlawn Ave in response to an auto accident with injury. Officer McDonald spoke with the driver of unit #1 who was identified by his Ohio drivers license as Richard Ramsey. Mr. Ramsey stated that he was traveling S/B on High St. just south of Greenlawn Ave. Mr. Ramsey stated that he was in the left lane along the double yellow line. Mr. Ramsey stated that due to construction barrels in the lane ahead; he needed to make a lane change. Mr. Ramsey stated that he checked to make sure the right lane along the curb was clear and proceeded to make the lane change. Mr. Ramsey stated that he had established the lane and believes the driver of unit #2 sped up to get around him resulting in the accident. Officer Frisch spoke with the driver of unit #2 who was identified by her Ohio drivers license as Jordyn Hollenbeck. Ms. Hollenbeck stated that she was traveling S/B on S. High St. south of Greenlawn Ave. Ms. Hollenbeck stated that she was traveling in the curb lane when the driver of unit #2 came into her lane and collided with her vehicle. Due to conflicting statements; no independent witnesses; and Officers inability to establish who had established the 
20253066858,Franklin County,Unit 1 stated he was leaving subway and turned westbound onto W Lane Ave. Unit 1 stated that he lost control of his vehicle and spun out across W Lane Ave and hit a wall on the sidewalk. No damage was done to the wall on OSU's property. Unit had his vehicle towed. Unit 1 was cited for Failure to control.  
20253071439,Franklin County,On February 23rd 2025 at 3:27PM Officer A. Davis #3177 and Officer J. George #3264 were dispatched to a Hit-Skip Auto-Crash at Morse Crossing and Morse Road. Upon arrival Officer Davis spoke with the Operator of Unit #2 who stated she was traveling Southbound on Morse Crossing towards Morse Road when she stated that Unit #1 turned off the small side street North of Taco Bell and hit the rear left side of Unit #2 and then sped off Southbound on Morse Crossing towards Easton Mall. Operator of Unit #2 reported no injuries to Officer A. Davis. Officer A. Davis gathered the pertinent information and description of Hit-Skip vehicle and gave the Operator of Unit #2 an incident number for the crash report.
20253072090,Franklin County,Unit 2 was N/B on Sawmill Road at the intersection of the exit ramp from IR 270 east.  Unit 1 was behind Unit 2.  Unit 2 stated he was stationary and Unit 1 struck Unit 2.  Unit 1 pulled up to Unit 2 and asked if he was okay.  Unit 2 affirmed and told Unit 1 to pull into the next drive and they could exchange information.  Unit 2 stated as he was pulling into the McDonalds driveway; N/O if the collision location; Unit 1 speed up and fled the scene without exchanging information.  Unit 2 stated he then continued North looking for Unit 1.  Unit 2 stated he observed Unit 1 driving west on Hard Road.  Unit 2 stated that Unit 1 was a grey Toyota Corolla; driven by a male; light skin; curly hair and age was around 20 years old.  Unit 2 stated he memorized the license plate as KMC3086 or KMC3068. The listed tags did not return to a Toyota.  
20253073898,Franklin County,Unit #1 ordered food at the drive thru of McDonald's located at 3005 E Livingston Ave. While pulling past the speaker box the trailer of Unit #1 struck the speaker box disabling it. Unit #1 fled the scene in an unknown direction. The vehicle was described as a white van towing a large trailer. No other descriptions were given.
20253074245,Franklin County,Unit 1 was crossing the roadway of Alum Creek walking from the West to East using the provided cross walk. Unit 2 was a semi with a trailing unit travelling south on Alum Creek approaching Groveport Rd.  Unit 2 had the green light at the intersection of Alum Creek and Groveport. Unit 1 did not have the signal to walk across the crosswalk but proceeded to do so.  Unit 1 was struck by Unit 2 in the crosswalk. Unit 1 came to rest in the private drive of the Wendy's Unit 2 stated they were unaware they had struck a person but saw damage at the next stop and proceeded to call 911 as soon as the damage was discovered. Unit 2 stayed on scene with the vehicle until officers arrived after calling 911 Unit 2 stated to responding officers he thought he ran over debris in the roadway  Unit#1 was transported by Hamilton Township Medic #171 to Grant Hospital in critical condition. Unit#1 was declared deceased by Doctor Chris Hayes at 0609am at Grant Hospital on 4-23-2025.  Trailing unit-  Trailer #6708  Load weight approximately 42;000  Vin- 1UYVS2536M7286708 Ohio Tag-TRRS073 
20253074504,Franklin County,The Driver of Unit 1 advised she was eastbound on E. Livingston Ave approaching James Rd. The Driver of Unit 1 advised she was driving behind a vehicle who was in front of her. The Driver of Unit 1 advised E. Livingston Ave  turns into a two lane road; as you approach James Rd. The Driver of Unit 1 advised she went around the vehilce in front of her. The Driver of Unit 1 advised she then struck The driver of Unit 2. The Driver of Unit 2 advised he was exiting the parking lot of McDonalds; and was completing a left hand turn into the westbound lanes of E. Livingston Ave. When The Driver of Unit 2 was stuck by The Driver of Unit 1.  Witness 1 advised The Driver of Unit 1 was driving at a high rate of speed; and came from a direction no one seen. Witness 1 advised The Driver of Unit 2 was also completing his turn and had the right away when The Driver of Unit 1 struck The Driver of Unit 2. Witness 1 also advised The Driver of Unit 1 exited her vehicle and said she was late and needed to go get her kids. Witness 2 who did not wish to identifiy herself advised; The Driver of Unit 1 was driving at a high rate of speed; and The Driver of Unit 2 was completing his turn when The Driver of Unit 1 came out of nowhere and struck The Driver of Unit 2. CFD Medic 23 transported to The Driver of Unit 1 to OSU East Medical Center. 
20253078232,Franklin County,The driver of Unit 1 stated he was traveling westbound on E Livingston. The driver of Unit 1 stated he merged into the  turning lane as he approached Mayfield Pl. The driver of Unit 1 stated he then performed a left turn; attempting to go to Taco Bell; located at 2111 E Livingston Ave; Columbus; Ohio; 43209. The driver of Unit 1 stated he struck Unit 2 while making the left turn. The driver of Unit 1 stated he was tired and did not see Unit 2. The reporting Officer cited the driver of Unit 1 for Failure to Yield on a Left-Hand Turn - 2131.17(A). The driver could drive Unit 1 into a nearby parking lot as it was still operational. The front airbag of Unit - 1 was deployed with front-end damage. The driver of Unit 1 stated he had no insurance. Unit 1 was towed away by a private tow company paid for by the driver of Unit 1. The driver of Unit 2 stated he was eastbound on E Livingston. The driver of Unit 2 stated he observed Unit 1 in the turning lane but did not expect it to suddenly turn into his continuous lane of travel. The driver of Unit 2 stated Unit 1 struck him while he was heading eastbound on E Livingston. Unit 2 was towed to the CPD impound lot for safekeeping as it was disabled. The driver of Unit 2 was transported by CFD Medic #815 to Grant Hospital in stable condition. The driver of Unit 2 was treated for head; neck; and shoulder pain. Neither driver had insurance.
20253079092,Franklin County,On 5/3/2025 at approximately 7:56 AM; Officer A. McDonald #2811 wearing the uniform of the day and working CPD marked cruiser 164 was dispatched to E. Broad St. at Cleveland Ave. in response to an auto accident with injury. Upon arrival; Officer McDonald spoke with Jose Romero. Mr. Romero wasn't involved in the accident; however arrived at scene in order to translate for his mother; Ada Roman; who was the driver of unit #2. According to Ms. Roman; she was stopped at the traffic light traveling W/B at E. Broad St. and Cleveland Ave. Ms. Roman stated that the driver of unit #1 crashed into the rear of her vehicle while she was stopped waiting for the light to change. Officer McDonald spoke with the driver of unit #1 who was identified by his Ohio drivers license as Abdiweli Ahmed. Mr. Ahmed stated that he was traveling W/B on E. Broad St. approaching Cleveland Ave. Mr. Ahmed stated that he applied his breaks and his car slid; resulting in the accident. Mr. Ahmed was treated at scene by CFD medic one. Mr. Ahmed's vehicle was impounded for owner by A&A Towing. Mr. Ahmed was issued a citation for ACDA. 
20253081159,Franklin County,Unit #2 walked into the crosswalk going northbound towards Maize Rd heading towards Dunkin Donuts. Unit #2 stated that he turned to look behind him at a vehicle that almost hit him in the crosswalk. Unit #2 stated that while he was turned around; Unit #1 struck him while they were turning eastbound on Morse Road.  Unit #2 stated that he did not get a decription the Unit #1 as a driver; but did state it was a grey van and he had broken the driver side mirror at point of contact; and Unit #1 stopped to grab their mirror to place back in Unit #1. Unit #2 stated Unit #1 ran over his right foot; and sustained injuries to the right side of his body. Unit #2 was transported by Clinton Township M62  to Riverside hospital. Witness stated that she had a brief description of the suspect; and described the driver of Unit #1 as a Somalian woman wearing a hijab. She described Unit #1 as grey; or champaign colored van off east bound on Morse RD after striking unit #2.  Unit #2 was treated by Dr. Badger in the Riverside Emergency Department for foot; shoulder; elbow and head pain.             
20253082041,Franklin County,DRIVER OF UNIT #1 WAS EAST BOUND ON E. BROAD ST BEHIND UNIT #2 AND FOR SOME UNKNOWN REASON HIT UNIT #2 AS IT WAS TURNING RIGHT ONTO ROSEHILL RD . FAILING TO STOP AFTER THE ACCIDENT CONTINUED EAST BOUND ON E. BROAD ST TO RIGHT INTO THE PARKING LOT BEHIND THE ARBYS  { 6799 E. BROAD ST } ; THEN EAST BOUND IN THE STRIP MALL . DRIVER OF UNIT #2 STATED THAT HE WAS EAST BOUND ON E. BROAD ST AND ATTEMPTED TO TURN RIGHT ONTO ROSEHILL RD WHEN HE WAS HIT BY UNIT #1 THAT FAILED TO STOP AFTER THE ACCIDENT . 
20253085706,Franklin County,Accident occurred in the drive thru line of McDonald's at 7557 Worthington Galena Rd. Driver of Unit #2 stated he was two cars  back from the speaker to place his order when Unit #1 reversed into him and struck his vehicle. Unit #1 is described as a Red Jeep Patriot with a male/white driver; approximately 25-30 YOA with short brown hair and short brown beard. Unit #1 then left the area. There was no tag for Unit #1 at the time of report; but McDonald's employee Cliffonya Turner was going to look at video when she came into work. She was sent an Axon link.
20253087843,Franklin County,On 5/17/2025 at approximately 7:45 AM; Officer A. McDonald #2811 wearing the uniform of the day and working CPD marked cruiser 164 was dispatched to the rear of 29 Avondale Ave. in response to an auto accident with property damage only hit skip. According to the caller; a male in a dark hooded sweatshirt wearing skinny jeans crashed into a telephone pole and fled the scene running S/B. Officer McDonald observed that the ignition had been pealed of the Kia Soul with Ohio tag KMD6864. Officer M. Lausch #2880 responded to the address of the registered owner who stated that his Kia Soul had been stolen. The Kia Soul was impounded to the CPD impound lot. City Electric responded to the scene and determined the pole didn't need repaired. 
20253087844,Franklin County,On 5/9/2025; at approximately 12:00 PM; Officer A. McDonald #2811 and Officer A. Earle #3091 wearing the uniform of the day and working CPD marked cruiser 163; were dispatched to E. Spring St. at N. 3rd St. in response to an auto accident with injury. Upon arrival; Officer McDonald spoke with the driver of unit #1 who was identified by her Algerian drivers license as Myriam Oultache. Ms. Oultache stated that she has been in the United States for one month and has her drivers test scheduled for May 14th. Ms. Oultache stated that she was traveling E/B on E. Spring St. approaching N. 3rd St. Ms. Oultache stated that she was in the second lane from the curb which allows traffic to continue E/B or turn S/B. Ms. Oultache stated that she attempted to turn S/B and was struck by the driver of unit #2. Officer Earle spoke with the driver of unit #2 who was identified by her Ohio drivers license as Virginia Clagg. Ms. Clagg stated that she was traveling E/B on E. Spring St. approaching N. 3rd St. Ms. Clagg stated that she was in the second lane from the curb which allows traffic to continue E/B or turn S/B. Ms. Clagg stated that the driver of unit #1 attempted to turn S/B from the third lane from the curb; which doesn't allow motorist to turn S/B from that lane. Ms. Clagg stated that unit #1's improper turn resulted in the accident. Officer McDonald attempted to locate cameras in the area
20253089497,Franklin County,UNIT 1 failed to yield out of Wendy's parking lot; entered the road; and was struck by UNIT 2 which was driving eastbound per the natural flow of traffic.
20253091144,Franklin County,On 5/20/2025 at approximately 12:41 PM; Officer A. McDonald #2811 wearing the uniform of the day and working CPD marked cruiser 160 was dispatched to I70W/B at W. Mound St. in response to an auto accident with property damage only hit skip. Upon arrival; Officer McDonald spoke with the victim of unit #2 who was identified by her Ohio drivers license as Jodi Vinci. Ms. Vinci stated that she was traveling W/B on I70 W/B approaching W. Mound St. Ms. Vinci stated that she was traveling in the far right lane when she was struck from behind by unit #1. Ms. Vinci stated that when she was struck from behind it caused her vehicle to go into the middle lane. Ms. Vinci stated that the driver of unit #1 then pulled onto her drivers side and struck the drivers side of her vehicle. Ms. Vinci stated that the driver of unit #1 then fled the scene heading W/B. Ms. Vinci stated that the license plate for unit #1 was HZX7116 and that it was a grey sedan. The grey sedan with Ohio tag HZX7116 was involved in a second accident at I70 W/B at W. Mound St. CPD incident number #########. 
20253091437,Franklin County,Hit-skip accident occurred on private property on the McDonalds parking lot. Unit #1 was facing west bound in the parking with Unit#2 directly behind Unit #1. Unit #1 backed into Unit #2 and damaged the right front bumper . After Unit #1 struck Unit #2 ; Unit #1 left the scene of the accident. Driver of Unit #2 stated she was stationary behind Unit #1 waiting on Unit #1 to pull out onto Weyant Ave. Driver of Unit #2 stated Unit #1 backed into her vehicle and then left the scene of the accident. Reporting officer tried to make conact with the registered owner of Unit #1 but was unsuccessful .
20253092368,Franklin County,Unit 1 was turning W/B from 6781 E. Main St (Wendy's).    Unit 2 was traveling E/B in the inside lane.    Unit 1 struck Unit 2 in the right side of the vehicle causing damage to both vehicles.     Unit 2 was towed by Eastland Towing.
20253093502,Franklin County,On 5/24/2025 at approximately 11:40 AM; Officer A. McDonald #2811 wearing the uniform of the day and working CPD marked cruiser 163 was dispatched to 1094 Bellows Ave. in response to an auto accident with property damage only hit skip. Upon arrival; Officer McDonald spoke with the owner of unit #2 who identified herself as Mildred Hennan. Ms. Hennan stated that her vehicle was parked facing W/B in front of 1094 Bellows Ave. Ms. Hennan stated that Ring camera footage picks up a silver 4 door car attempt to park in front of Ms. Hennans vehicle. While attempting to park; the silver car sideswipes the drivers side front of Ms. Hennan's vehicle. Ms. Hennan was sent a AXON link to upload the Ring camera footage. 
20253093503,Franklin County,On 5/24/2025 at approximately 7:12 AM; Officer A. McDonald #2811 wearing the uniform of the day and working CPD marked cruiser 163 was dispatched to 530 W. Town St. in response to an auto accident with property damage only hit-skip. Upon arrival; Officer McDonald spoke with the driver of unit #2 who identified himself as Chauncey Avery. Mr. Avery stated that on 5/20/25 at approximately 6:00 PM; he was pulling out of the gas station to turn N/B at Noe Bixby Rd. and Refugee Rd. Mr. Avery stated that once he was in the roadway; unit #1 struck him from behind. Mr. Avery stated that unit #1 then fled the scene. Mr. Avery was unable to provide Officer McDonald with any vehicle description for unit #2. 
20253097652,Franklin County,Unit #2 was travelling Eastbound on E. Livingston Ave. Unit #1 was travelling Westbound on E. Livingston Ave; attempted to turn left into Mcdonalds; then struck Unit #2  head on. The driver of Unit #1 was cited for Failure to Yield 2131.17(A). 
20253099376,Franklin County,Unit #1 was traveling South on Hamilton Road in lane number 1. Unit #2 failed to yield while making a left turn into the lot of Chipotle. Unit #2 struck Unit #1.
20253100027,Franklin County,On 6/2/25 at approximately 14:45 pm; Officers were dispatched to OSU East hospital to investigate the report of a traffic crash with injuries involving a pedestrian. Upon arrival to the hospital; Officers spoke with Unit #2 who stated around 12:00 pm; she was at work at the McDonald's at 3550 E Broad. Unit #2 stated while at work she was outside picking up trash in the parking lot on the south side of the building. Unit #2 stated she was wearing her reflective vest to be visible to vehicle traffic in the parking lot. Unit #2 stated while picking up trash she was struck by Unit #1; a Silver Nissan Sentra bearing OH Tag (KIH2116)  that was backing out of a parking spot. Unit #2 stated the driver of Unit #1 got out of the vehicle and stated to Unit #2 that he did not hit her. Unit #2 stated she attempted to exchange information with the driver of Unit #1. Unit #2 stated the driver of Unit #1 provided her with a phone number; and the left the scene. Unit #2 later advised her Manager of the incident who advised Unit #2 to go to the Hospital to be evaluated. Unit #2 sustained minor injuries to her shoulder and hip. Officers followed up with the manager at 3550 E Broad who stated the business did not have camera footage of the incident; and that she did not witness the incident. The Silver Nissan Sentra (KIH2116) when ran through LEADS came back as a Hyundai.
20253104598,Franklin County,On 6/2/2025 at approximately 7:30 AM; Officer A. McDonald #2811 wearing the uniform of the day and working CPD marked cruiser 162 was dispatched to N Front St. and W. Spring St. in response to an auto accident with property damage only. Upon arrival; Officer McDonald spoke with the driver of unit #2 who was identified by her Ohio drivers license as Sheree Johnson. Ms. Johnson stated that she was traveling W/B on W. Spring St. approaching N. Front St. Ms. Johnson stated that she was in the curb lane to continue W/B through the intersection. Ms. Johnson stated that the driver of unit #1 was traveling in the lane next to hers and attempted to make a left hand turn to turn S/B on N Front St. Ms. Johnson stated that unit #1's improper turn resulted in the accident. Officer McDonald spoke with the driver of unit #1 who was identified by her Ohio drivers license as Rossel Gonzalez. Ms. Gonzalez stated that she was traveling W/B on W. Spring St. approaching N. Front St. Ms. Gonzalez stated that she was in the second lane from the curb. Ms. Gonzalez stated that the curb lane was clear and that she attempted to turn S/B on N. Front St. Ms. Gonzalez stated that the driver of unit #2 who was in the curb lane sped up and crashed into her. Officer McDonald advised Ms. Gonzalez that she is unable to make a S/B turn from the second lane from the curb on W. Spring St. Ms. Gonzalez was issued a
20253105786,Franklin County,Unit #1 was traveling eastbound in the Mcdonald's parking lot located at 7190 Sawmill Rd; and struck a light pole. Unit #1 had minor dmamge to he front bumper. The light pole had no damage. The driver of unit #1 was issued a citation for OVI 2133.01A1D; and No Ops 2141.12A2. Unit #1 was towed to the CPD impound lot due to the driver being intoxicated.  
20253111671,Franklin County,Unit #2 stated she was driving east on E Livingston Ave in the left eastbound lane. Unit #2 stated Unit #1 pulled northbound out of the private drive at 2111 E Livingston Ave (Taco Bell) striking her on the passenger side of her vehicle. Unit #1 stated traffic in the eastbound curb lane stopped to let him proceed onto E Livingston Ave. Unit #1 stated he drove northbound on to E Livingston Ave to enter the traffic way when he was struck by Unit #2. Unit #1 was issued a citation for failure to yield from a private drive. Video of the accident is saved to evidence.com.
20253111767,Franklin County,Unit 1 was traveling south on S Hamilton Rd. Unit 2 was traveling north on S Hamilton Rd. The driver of Unit 1 stated someone was doing a U-turn in front of him; so he swerved to avoid a collision; and hit Unit 2. Officers observed video footage from the McDonald's located on S Hamilton Rd. The video showed a car attempting to make a left turn to travel west on Kimberly Parkway and Unit 1 swerved into the northbound lanes to avoid it. The car that was turning left was not on scene when officers arrived. Officers provided the McDonald's manager a link to upload the evidence to Axon. The driver of Unit 2 was unable to state what happened due to severe injuries. The passenger of Unit 2 stated she recalled Unit 1 swerving and colliding with them head on. The driver of Unit 1 was transported to Mount Carmel East in stable condition via CFD Medic 4. The passenger of Unit 1 was transpoted to Mount Carmel East in stable condition in CFD Medic 23. The driver was transported to Grant Hospital in critical condition by Madison Township Medic 183. The passenger of Unit 2 was transported to Mount Carmel East in stable condition via CFD Medic 823. CPD Accident Investigation Unit was contacted and advised officers they were not coming out and to take a report. Unit 1 was given a citation for failure to control. 
20253113174,Franklin County,Unit 2 was riding her bike with her brothers traveling NB on N. High Street at W. California Avenue. Unit 2 and her brothers stated that they looked for cars and then attempted to cross the street from the South corner to the North corner. Unit 2 stated that she was directly behind her 2 brothers when Unit 1; a gold colored SUV struck the front tire of her bicycle; throwing her to the ground. Witnesses stated that Unit 1 turned South onto N. High Street then turned right (WB) into the McDonalds. A witness called 911 and then walked to the McDonald's to see if Unit 1 was parked in the parking lot. The witness stated that the SUV was no where in the parking lot so she returned to W. California Ave. to wait for Medics and police to arrive. Unit 2 was transported to Riverside Hospital by CFD Medic 19; where she was treated for possible injury to her right ankle.
20253116687,Franklin County,On 6/21/2025 at approximately 9:51 AM; Officer A. McDonald #2811 wearing the uniform of the day and working CPD marked cruiser 163 along with Sgt. D. Dilley #5279 as unit S-16 were dispatched to S. 4th St. and E. Rich St. in response to an auto accident with property damage only. Upon arrival Sgt. Dilley spoke with the driver of unit #2 who was identified by his Ohio drivers license as Gregory Walker. Mr. Walker stated that he was traveling N/B on N. 4th St. approaching E. Rich St. Mr. Walker stated that he had the green light and proceeded through the intersection when he was struck by unit #1 who was traveling the wrong way on E. Rich St. The driver of unit 31 was traveling E/B on E. Rich St. which is a One-Way W/B street. Sgt Dilley spoke with a witness at scene who stated that she was traveling behind unit #2 and that unit #2 had the green light when he was struck by unit #1. Officer McDonald spoke with the driver of unit #2 who was identified by her El Salvador ID as Mercedes Alcantar. Ms. Alcantar stated that she was lost and was traveling the wrong was on E. Rich St. Ms. Alacantar stated that she proceeded through the intersection and was struck by unit #2. Ms. Alcantar was issued a citation for One-Way Streets and No Operators License. 
20253116688,Franklin County,On 6/14/2025 at approximately 2:40 PM; Officer A. McDonald #2811 wearing the uniform of the day and working CPD marked cruiser 164; along with Officer N. Molnar #984 working cruiser 162 were dispatched to I70W/B at the I71S/B ramp in response to an auto accident with injury. Upon arrival; Officer McDonald spoke with the driver of unit #1 who was identified by her Ohio drivers license as Gwendolyn Deboard. Ms. Deboard stated that she was traveling W/B on I70 W/B approaching I71 S/B. Ms. Deboard stated that she began to slow in traffic due to traffic building up when she was struck in the rear by unit #1. Officer Molnar spoke with the driver of unit #1 who was identified by her Ohio drivers license as Carmen Shroyer. Ms. Shroyer stated that she was traveling W/B on I70 W/B approaching I 71 S/B. Ms. Shroyer stated that she looked down to adjust her ring and when she looked back up; she crashed into unit #2. Ms. Shroyer was treated at scene by CFD medic 2. 
20253118064,Franklin County,Unit #2 and Unit #3; while using a croswalk; started walking Southbound across E. Broad st when they were struck by Unit #1. Unit #1 was leaving McDonald's after being stopped at a stop light signal then  proceeded to make a right turn to head westbound on E. Broad st when Unit #1 struck Unit #2 and Unit #3.  Unit #2 was holding Unit #3 and both Unit #2 and Unit #3 hit the windsheild and went airborne. A Witness stated he could not tell what color the signal light was but he saw Unit #1 strike Unit #2 and Unit #3 while making a right turn. Unit #2 stated he had lower back and arm pain then was transported to OSU East. Unit #3 was trasported to Children's Hospital for head pain. Mcdonald's may have video footage of the incident. The driver of Unit #1 wa cited for 2131.16A Right of way at intersections. 
20253118238,Franklin County,UNIT 1 WAS TRAVELLING NORTH ON US 62. UNIT 1 WENT LEFT OF CENTER AT 10881 JOHNSTOWN RD. UNIT 1 STUCK A DITCH; THEN A MAILBOX; THEN A POLE. UNIT 1 CAME TO REST IN A CEMETARY NEXT 10881 JOHNSTOWN RD.  UNIT 1 WAS CITED FOR FAILURE TO CONTROL; DRIVING UNDER SUSPENSION; AND NO LICENSE.   THE MAILBOX; AND DRAIN IN THE CULVERT BELONG TO  MCDONALD; JERRY 10881 JOHNSTOWN RD NEW ALBANY; OH 43054.  THE POLE BELONGS TO PLAIN TOWNSHP 45 Second St. P.O. Box 273 New Albany; OH 43054 614-855-7770 
20253119045,Franklin County,Unit #1 stated he was traveling westbound on Williams Rd toward S High St to go pickup Taco Bell. Unit #1 stated he was traveling west and was struck by Unit #2. Unit #2 was parked diagonally in the roadway blocking the road with overhead cruiser beacon lights on for a crash scene when Unit #1 drove straight into Unit #2. Unit #2 stated she put the vehicle in drive and back in park to engage additional overhead lights to indicate to Unit #1to stop. Unit #1 continued forward and struck Unit #2 in the driver's side front. Unit #1 was cited for OVI. Both parties declined medical attention. Unit #1's vehicle was impounded by protow.  
20253119860,Franklin County,Driver of Unit 1 was originally parked in a parking spot on W. 5th Avenue and Northwest Blvd at Chipotle.  Driver of Unit 1 reversed over the parking block and struck a light pole directly behind the parking sport.  As a result; the light pole fell over into the parking lot.  Driver of Unit 1 then drove into the taco bell lot just west of Chipotle and waited for police to respond.  Driver of Unit 1 was suspected to be OVI and performed in a SFST and was later arrested for OVI.  Driver of Unit 1 was at fault for striking the pole and was issued a traffic summons.  No injuries were reported and Unit 1 was impounded by Pro Tow to 2700 Impound Lot Road.  
20253120156,Franklin County,On the above date and time; I was dispatched to the intersection of Gender Rd and Winchester Blvd on a traffic crash. On my way to the accident dispatch advised me that the two vehicles were moving out of the roadway and going to the parking lot of McDonalds on Gender Rd. Upon arriving on scene; I met with the driver of U#2 identified as Andrew Nelson. Andrew stated that he got off US 33 onto Gender Rd heading southbound and got into the right-hand left turn lane to turn onto Winchester Blvd towards Walmart. Andrew advised that before he got to the light to turn left a Ford Fusion that was in the left-hand straight lane on Gender Rd came over into his lane hitting him near his front passenger side tire causing the accident.  Shortly after speaking with Andrew; the driver of U#2 showed up. I was able to identify him as Mamadou Sow. Mamadou did not speak English very well and I could not understand what he was trying to tell me at first. Shortly after starting to speak with Mamadou a female showed up on scene and was able to translate for me. Mamadou stated that he was in the straight lane on Gender Rd and was getting over to the left turn lane so he could turn onto Winchester Blvd. Mamadou advised that he did check before getting over and did not see anyone in the other lane before getting over but when he did; Andrew hit his vehicle. When filling out the information for the two
20253121908,Franklin County,Unit #1 made a left hand turn out of the parking lot of Marathon (6748 E. Main St.) on to eastbound E. Main St. Unit #2 was making a left hand turn out of the parking lot of Wendy's (6781 E. Main St.) on to westbound E. Main St. The front end of unit #1 and the front end of unit #2 collided. Fault is unable to be determined as both parties were conducting a left hand turn from private property onto a public roadway.
20253122038,Franklin County,Unit one was e/b on I70 w/o S Hamilton Rd traveling in the number 1 lane. Unit 2 was e/b on I70 w/o S Hamilton Rd traveling in the number 2 lane. The driver of unit 2 stated that as she was traveling e/b unit 1 came into her lane and struck the side of her vehicle and continued e/b on I70 weaving in and out of traffic. Unit 2 attempted to follow to get a license plate number but was unable to get one. The driver of unit 2 described unit 1 as a silver mid-size Nissan with a possible partial license plate number of KFC.
20253123782,Franklin County,Unit 2 was traveling east on E. Dublin Granville Service Rd. South approaching the Wendy's located at 2061 E. Dublin Granville Rd. Unit 1 was traveling west on E. Dublin Granville Service Rd. South also approaching the Wendy's driveway. Unit 1 failed to yield on a left hand turn causing Unit 1 to strike Unit 2. Both the driver and passenger were taken by CFD medic 806  to Ohiohealth Riverside Methodist Hospital for treatment. Both parties were seen by Dr. Ian Smith and Dr. Matthew Scott. 
20253126284,Franklin County,THE DRIVER OF UNIT #1 STATED HE WAS EXITING THE WENDY'S PARKING LOT LOCATED AT 685 E HUDSON ST AND MAKING AN EASTBOUND TURN ONTO E HUDSON WHEN HIS VEHICLE WAS STRUCK BY UNIT #2 WHICH WAS TRAVELING IN THE EAST LANE OF E HUDSON ST. THE DRIVER OF UNIT 1 STATED THE DRIVER OF UNIT 2 HAD THEIR RIGHT TURN SIGNAL ON THEREFORE HE THOUGHT UNIT 2 WAS GOING TO TURN INTO WENDYS. THE DRIVER OF UNIT 1 STATED THE DRIVER OF UNIT 2 (OH TAG KEZ8525) PULLED OVER BUT DID NOT EXACHANGE INFO THEN LEFT THE SCENE. THE REPORTING OFFICER CHEKCED THE REGISTERED ADDRESS (1202 REPBULIC AVE) FOR UNIT 2 BUT IT WAS NOT THERE. 
20253127445,Franklin County,Driver of unit #2 states he was s/b on Hilliard Rome Rd approaching the COTA Bus stop north of Renner Rd.  Driver of unit #2 states that just before he passed the exit from McDonald's; unit #1 pulled out.  States that unit #1 struck the left front corner of unit #2.  Driver of unit #2 states he hit the brakes immediately.  Driver of unit #1 states he was waiting to pull out of the McDonald's parking lot to go south on Hilliard Rome Rd.  Unit #1 states he saw the bus in the curb lane and thought there was room to pull out.  Driver of unit #1 states he pulled out onto the berm and realized the bus was next to him.  The impact caused damage to the bumper; the trim along the door and cracked the windshield.  Both passengers from unit #2 stated that their necks hurt and will seek medical attention later.  They were treated at scene by CFD Medic 26.  Driver of unit #1 states that he rented a 20' car trailer from Sugar Creek Rental; 765-367-2577.  There was no damage to the trailer.        
20253127790,Franklin County,Driver of Unit 2 stated he was leaving the Chipotle parking lot; attempting to make a right hand turn to start traveling westbound on Morse Rd Service Rd. Driver of Unit 2 stated he observed Unit 1 starting to make a left hand turn into the Chipotle parking lot; so Driver of Unit 2 starting making his turn. Driver of Unit 2 stated Unit 1 then stopped turning left; and began to drive straight ahead which resulted in Unit 1 striking Unit 2 head on. Driver of Unit 2 stated Driver of Unit 1 got out of his car at first; but re-entered his car and left the scene. Responding Officer observed damage to the front of Unit 2. 
20253127797,Franklin County,When Officers arrived to scene; bystanders stated Driver of Unit 1 was walking away eastbound. Officers detained Driver of Unit 1 east of the Taco Bell. Driver of Unit 1 stated he was driving east bound on Morse Rd coming to the intersection of Northland Ridge Blvd.; when he misjudged the right turn to start traveling south on Northland Ridge Blvd. Driver of Unit 1 stated he then struck some rocks that were near the Taco Bell; and Unit 1 came to rest in the drive through. Driver of Unit 1 reported no injuries. Officers administered SFST’s; but Driver of Unit 1 did not appear intoxicated. Driver of Unit 1 had warrants out of Woods County (see arrest report ##########). Driver of Unit 1 was cited for Hit-Skip; Failure to Control; and Driving Under Suspension. Unit 1 was towed by Protow.
20253128683,Franklin County,The crash occurred in the parking lot of Chipotle Mexican Grill; at 6590 Sawmill Rd. Unit #1 was involved in an altercation out of incident # #########. that involved the Driver and Occupant of Unit #1 and a male unrelated to the crash. The Driver of Unit #1 backed from east to west at a high rate of speed and fled the area from the male to their listed home address. Officers responded and spoke to the Occupants of Unit #2 who were parked directly across and behind Unit #1 when it backed and struck them. The Driver of Unit #2 stated that they were parked facing west and the vehicle engine was off when they were struck. Occupant #1 of Unit #2 stated that her right knee struck the interior of the vehicle and caused soreness and tenderness to touch. Occupant #1 of Unit #2 refused any medical treatment. Officer followed up with the Driver and Occupant of Unit #1 at their listed address who both stated that they did not realize that their vehicle had struck Unit #2. The Witness stated that she observed Unit #1 back in reverse quickly into Unit #2 to get away from a male in the parking lot; but barely had bumped rear bumpers that is consistent with the minor damage observed to both vehicles and the statements made by the Driver and Occupant of Unit #1 not being aware that they struck a vehicle. The Driver of Unit #1 was issued a citation for failure to control.
20253129393,Franklin County,On 7/15/2025 at 2:43PM; Officers were dispatched on a hit-skip traffic accident at the intersection of Sullivant ave and Demorest ave. Unit #2 was traveling Westbound on Sullivant Ave when Unit #1 pulled out of the KFC parking lot; failing to yield to oncoming traffic. Unit #2 struck the front driver side bumper of Unit #1; causing damage to Unit #1 and Unit #2. Unit #1 fled the scene; last scene heading southbound on Demorest Ave. No medic was requested. No Tag; make or model  for Unit #1 was provided. Officers conducted a follow up at the KFC for possible video footage; no footage was available. 
20253130534,Franklin County,On Friday July 18; 2025 injury traffic crash occurred on E Livingston Ave at Mayfield Place. The driver of unit 1 stated he was turning left from the Taco Bell to travel west on E. Livingston Ave. The driver of unit 2 stated he was traveling from the west to the east on E. Livingston Ave. The driver of unit 2 stated unit 1 turned in front of him causing unit 2 to strike unit 1. The driver of unit 2 was transported to Grant Hospital by CFD Medic 15 in stable condition. Unit 1 and 2 were towed from the scene for the respective owners. Both units sustained disabling damage. The driver of unit 1 was cited for failure to yield on a left turn. 
20253130936,Franklin County,Unit #2 stated he was traveling eastbound on Chiller Ln.; approaching Morse Crossing when he attempted to make a left hand turn on the service road just west of McDonald's.  Unit #2 stated he was in the middle of his turn when Unit #1 struck him on the rear driver's side tire; causing minor damage.  Unit #1 stated she attempted to make a left hand turn from the service road to go eastbound on Chiller Ln; when she struck Unit #2.  Unit #1 admitted to being at fault.  Unit #1 was cited for No Op's; Driving under FRA suspension; and failure to yield on a left hand turn.  No injuries were reported at scene.  Unit #1's vehicle was released to her husband; a valid driver.  Both parties were released.  
20253132160,Franklin County,On 7/17/2025 at approximately 10:44 AM; Officer A. McDonald #2811 wearing the uniform of the day and working CPD marked cruiser 165 was dispatched to 15 Rodgers Ave. in response to an auto accident hit-skip. Officer McDonald spoke with the owner of unit #2 who was identified by her Ohio drivers license as Haley Mitchell. Ms. Mitchell stated that she was traveling N/B on Rodgers Ave. just north of W. Gay St. when a ball bearing on her passengers side front snapped; immobilizing her vehicle. Ms. Mitchell stated that a white USPS vehicle traveling S/B attempted to get around her to continue S/B. Ms. Mitchell stated that the USPS truck struck the passengers side rear of her vehicle. Ms. Mitchell stated that the driver then left the scene traveling E/B on W. Gay St. Officer McDonald spoke with a witness at scene who was identified by his Ohio drivers license as Aaron Maynard. Mr. Maynard stated that he observed the USPS truck traveling S/B on Rodgers Ave. Mr. Maynard stated that he USPS vehicle attempted to navigate around Ms. Mitchells vehicle and struck the passengers side rear of the vehicle. Ms. Mitchells vehicle was impounded by Pro Tow to Ms. Mitchell's residence. A video of the incident was uploaded to AXON by Real Time Crime Center. 
20253139982,Franklin County,On 7/28/2025 at approximately 2:05 PM; Officer A. McDonald #2811 wearing the uniform of the day and working CPD marked cruiser 163 was dispatched to I670 W/B at N. 4th St. in response to an auto accident with injury hit-skip. According to the driver of unit #2; Ivan Espinoza; he was traveling W/B on I670 W/B to exit onto N. 4th St. Mr. Espinoza stated that a brown truck turned into his lane and struck the drivers side rear of his vehicle; causing him to lose control of his vehicle and crash into the median. Mr. Espinoza stated that he couldn't see the driver of unit #1 and didn't know the make or model of the vehicle. Officer McDonald spoke with a witness at scene who identified himself as Wayne Erwin. Mr. Erwin also stated that he observed a truck strike the rear of unit #2 forcing him to lose control of his vehicle. Mr. Espinoza was transported to OSU Main Hospital and treated by ER staff for injuries sustained during the accident. 
20253139984,Franklin County,On 7/27/2025 at approximately 12:50 PM; Officer A. McDonald #2811 wearing the uniform of the day and working CPD marked cruiser 163 was dispatched to I670W/B at SR315 in response to an auto accident with injury. Prior to Officer McDonald's arrival; Minvera Park PD was out with the vehicle and stated that a vehicle occupant had been transported. The officer stated that he didn't know who transported the victim or where they had been transported to. Officer McDonald attempted to obtain this information from Comm Channel and was advised that they were unable to locate a medic number for that location. Officer McDonald spoke with the driver of unit #1; who was identified by his Ohio drivers license as Curtis Morgan Jr. Mr. Morgan Jr. stated that he was traveling on 670EB approaching 315 when he lost control of his vehicle and crashed into the wall. Mr. Morgan stated that he was driving for UBER and had a passenger in the passengers side rear of the vehicle. Mr. Morgan stated that the occupant was transported prior to officers arrival. The occupants brother responded to scene and was unable to reach the victim via cell phone. Officer McDonald gave the victims brother a CPD incident report number and advised him to contact officers in order to update the report. Mr. Morgan's vehicle was inoperable and impounded to the CPD impound lot by A&A Towing. 
20253145020,Franklin County,The actual location of accident is 270 S/B approx. .75 miles S/O 33.  The driver of unit #1 was S/B on 270 and drove off the road striking the guard rail on the right side of the road.  Unit #1 continued S/B on 270 with a flat tire and was found in the McDonald parking lot at Alum Creek Dr and Groveport Rd.  The driver was charged with Fail to control and OVI.  The vehicle was disabled and towed to CPD impound lot.  The witness stated he had observed the vehicle stopped on 270 at 33 and appproached vehicle to assist.  Unit #1 took off striking the guard rail.  No further follow up required.
20253145222,Franklin County,The owner of Unit 2 stated the unknown driver of Unit 1; which was later confirmedto be the person who stole Unit 1; backed out of thier parking spot and struck Unit 2 then left the scene. The driver of Unit 1 stated he is a Grub Hub driver. He parked his vehicle in front of the McDonalds; left the vehicle running and the keys inside and went inside to get his order. The actual owner of Unit 1 did come to scene to report the stolen vehicle. No injuries were reported. Video of the incident was uploaded to evidence.  
20253151024,Franklin County,The accident occurred on Renner Rd just East of Keim Cir. Unit 1 was traveling Northbound on a private drive just West of Wendy's; 4989 Renner Rd. Unit 2 was traveling Eastbound on Renner Rd just East of Keim Cir. Unit 1 failed to yield from a private drive attempting to turn left; in front of Unit 2; causing Unit 2 to strike the left front side of Unit 1. The Driver of Unit 2 complained of injuries to the hands and right leg; but refused medics. No other injuries were reported. The Driver of Unit 1 stated that a vehicle in the right lane waived her to make the turn; and did not see Unit 2. The Driver of Unit 2 stated that Unit 1 pulled out in front of her and she was unable to stop in time. The Driver of Unit 1 was cited for Failure to Yield from a Left Turn (citation CPD159114). Unit 1 and Unit 2 were both towed from scene by the Owner's. Both drivers were provided with a copy of the incident report number.
20253151596,Franklin County,On 8/5/2025 at approximately 7:43 AM; Officer A. McDonald #2811 wearing the uniform of the day and working CPD marked cruiser 164 was dispatched to W. Goodale St. and Olentangy River Rd. in response to an auto accident with injuries. Officer McDonald spoke with the driver of unit #1 who was identified by his Ohio drivers license as Eugene Evans. Mr. Evans stated that he was traveling E/B on W. Goodale St. in the turn lane. Mr. Evans stated that he was in the intersection to turn north onto Olentangy River Rd. Mr. Evans stated that the light turned red and he proceeded to make the turn when the driver of unit #2 ran the red light resulting in the accident. Mr. Evans was treated at scene by CFD medics for possible injuries sustained during the accident. Officer McDonald spoke with the driver of unit #2 who was identified by her Ohio drivers license as Terri Crawford. Ms. Crawford stated that she was traveling E/B on W. Goodale St. to continued east through Olentangy River Rd. Ms. Crawford stated that her light was yellow as she proceeded through the intersection. Ms. Crawford stated that the driver of unit #1 failed to yield making a left hand turn which resulted in the accident. Ms. Crawford was transported to OSU Main Hospital by CFD medic one for injuries sustained during the accident. Ms. Crawford's vehicle was impounded to the CPD Impound Lot for safekeeping. Both parties
20253152475,Franklin County,Unit 1 driver stated that he was driving s/b on Georgesville Rd approaching Parkwick Dr.  Unit 1 driver stated that he was in the left turn lane on Georgesville Rd to turn onto Parkwick Dr. with the green light.  Unit 1 driver stated that Unit 2 driver turned out in front of him and that he struck Unit 2.  Unit 2 driver stated that he was headed n/b on Georgesville Rd. in the far right lane.  Unit 2 driver stated that he was approaching Parkwick Dr. and had the green light.  Unit 2 driver stated that Unit 1 turned left in front of him causing Unit 1 to strike Unit 2.  Unit 2 driver stated that he didn't have enough time to stop his vehicle or turn away from Unit 1.  No injuries were reported by either driver.  CFD Medic 17 responded to scene to check on both drivers but both refused treatment. Unit 1 was towed for No Ops.  Unit 2 was towed for owner. No citation was given for accident due to conflicting stories by both drivers.                                                                                                              Reporting officer spoke with a witness who stated that Unit 2 turned out in front of Unit 1 causing the accident.  However when Unit 2 driver showed officers his GPS on his phone from where he was coming from it showed him coming from the Mcdonalds on Georgesville Rd and Holt Rd.  Due to this officers did not administer a citation.            
20253155992,Franklin County,On the listed date and time Unit 2 stated he was traveling south on Alum Creek Dr. near the Mcdonalds when Unit 1 changed lanes and struck Unit 2. Unit 1 stated he began to change lanes and Unit 2 pulled up beside him and he struck them. He did decline to fill out a written statement.  There was a witness behind the crash which was caught on his dash camera. The footage was sent via email to the investigating officers. Upon review of the footage; it confirmed Unit 2's story.    Unit 1 was issued a citation for changing lanes without safety. 
20253159171,Franklin County,Unit 1 was exiting a private drive near the intersection of S. State St. and W. Schrock Rd. Unit 2 was stopped northbound at the traffic light at the intersection of S. State St and W. Schrock Rd. Unit 1 struck Unit 2 on the right rear of the vehicle as entered the traffic lane on S. State. St. Unit #1 failed to stop at the accident scene or leave his information.   On 08/31; Ofc. Patrick and I went to Unit 1's residence and made contact with the driver; Brennan Curry. He stated he was pulling out of Chipotle and hit the other vehicle at an angle trying to get in the lane. He admitted to not stopping for the crash. Citation issued for Hit Skip and Failure to Control.    
20253160667,Franklin County,Unit #2 was traveling eastbound on E. Livingston Ave. Unit #1 was traveling westbound on E. Livingston Ave when Driver of Unit #1 failed to yield the right-of-way while making a left-hand turn south into the McDonald's parking lot at S. Kellner Rd; causing Unit #2 to strike Unit #1. Driver of Unit #2 stated that driver of Unit #1 turned left in front of him. Driver of Unit #1 stated that she thought Driver of #2 was slowing to let her turn. Unit #1 suffered functional damage. Unit #2 suffered functional damage. CFD Medic #21 responded. All drivers and passengers evaluated at scene and stated that they had no injuries. Driver of Unit #2 stated to officer that he was driving Unit #2 when accident occurred. Driver of Unit #2; identified via Ohio Driver's License; had a suspended driver's license and was cited with driving under suspension; 2141.11A. Driver of Unit #1 was found to be at fault and was cited with failure to yield on left-hand-turn; 2131.17A.
20253164925,Franklin County,Driver of Unit #1 was driving through the parking lot of the McDonald's located at 3750 S. Hamilton Rd.  Driver of Unit #1 stated her foot got stuck on the accelerator and Unit #1 drove into the cement block wall that surrounds the dumpster in rear of.  Unit #1 caused the cement block wall to cave in.  When Unit #1 crashed into the wall there was a trash truck that had entered the enclosure that had a few bricks land on the trash trucks arms; but caused no damage. Driver of Unit #1 was transported to Mount Carmel East Hospital by Madison Township Medic 181 in stable condition with complaints of head and neck pain.
20253168048,Franklin County,On 9/11/2025 the driver of Unit 2 stated he was heading westbound on E. Livingston Ave approaching S. Kellner Rd.  The driver of Unit 2 stated as he was going into the intersection Unit 2 drove in front of him attempting to cross E. Livingston Ave causing an accident.  The driver of Unit 1 stated she was pulling out of the McDonalds parking lot on the southside of E. Livingston Ave and was crossing E. Livingston Ave to continue on S. Kellner Ave when the accident happened.  Both vehicles were disabled and towed via Pro Tow.  The driver of Unit 1 was found at fault and issued a citation for failing to yield from a private drive.   The driver of Unit 1 was seen by Columbus Fire Medic 21 for shock from the accident then released at scene. 
20258051287,Franklin County,On March 19; 2025; at around 1613 hours; unit 1 was headed northeast to make a right turn out of 4479 E Main St onto E Main St; and in so doing failed to yield the right of way and struck unit 2 which was eastbound on E Main St near 4479 E Main St. Video from the business at 4479 E Main St (Burger King) shows the crash occur. The video is in my work email; as I am unable to upload it to this report.
20258054115,Franklin County,Unit #1 was westbound on E. Broad Street when he failed to come to a complete stop for the traffic ahead of him; causing him to crash into the rear of Unit #2 causing a domino effect with Unit #2 to crash into Unit #3 and Unit #3 to crash into Unit #4.
20258158560,Franklin County,Unit 1 and Unit 2 were both traveling westbound on E. Main St. Unit 2 stated they were in the right hand lane and Unit 1 was in the left hand lane. Unit 2 stated Unit 1 started to approach Unit 2 and failed to maintain their lane and sideswipped the rear drivers side bumber. Unit 1 and Unit 2 both stopped in the McDonalds parking lot and engaged into a verbal argument. Unit 1 then fled the scene. Unit 2 was able to gather photos of the suspect vehicle and of the driver.
