id,type,lat,lon,name,direction,operator
197277038,node,39.8843582,-82.7590227,,,
197277113,node,39.904565,-82.773159,,both,
197277134,node,39.9100273,-82.7785005,,,
197277145,node,39.912295,-82.779316,,,
197277148,node,39.9148129,-82.7798962,,both,
197277170,node,39.9175909,-82.7807326,,,
197277227,node,39.929384,-82.7885781,,,
197289946,node,39.884032,-82.753188,,,
197294935,node,39.8585607,-82.7802799,,both,
197294957,node,39.8461684,-82.7814067,,,
197324004,node,39.9093146,-82.7659593,,both,
197325847,node,39.907345,-82.731044,,,
197325872,node,39.9080536,-82.7434372,,,
197325883,node,39.9082803,-82.7473884,,,
197338182,node,39.9293571,-82.7904921,,both,
197344623,node,39.834288,-82.744291,,,
197344626,node,39.834467,-82.74428,,,
197364739,node,39.8902946,-82.7772647,,both,
198244095,node,40.1468329,-82.7025269,,,
198318679,node,40.1449486,-82.7067886,,,
198410785,node,39.9447252,-83.270745,,,
198417322,node,39.946046,-83.253777,,,
198417324,node,39.945933,-83.253777,,,
198420073,node,39.7199417,-83.2659451,,,
198420268,node,40.1043883,-83.2787554,,,
198429168,node,39.941673,-83.271255,,,
198438024,node,39.944819,-83.268883,,,
198525517,node,39.9559503,-82.7715207,,both,
198532160,node,40.139099,-82.719695,,both,
198596393,node,39.990231,-82.752577,,,
198612388,node,40.078169,-82.72399,,both,
198612897,node,39.987885,-82.767494,,,
198620298,node,40.0766556,-82.7535279,,,
199233619,node,39.7186067,-82.9867126,,,
199249557,node,39.7145823,-82.9869808,,,
199289620,node,39.723508,-82.9528398,,both,
199378282,node,39.7735655,-82.9890594,,,
199379000,node,39.7735748,-82.9892918,,,
200169900,node,40.1106983,-83.2781196,,,
200185873,node,40.156249,-83.236463,,,
229577937,node,39.9628651,-83.0229995,,,
229577985,node,39.9636888,-83.0393643,,,
229577994,node,39.9639831,-83.0453272,,,
229578122,node,39.975191,-83.067603,,both,
229578178,node,39.98482,-83.074976,,both,
229578246,node,39.9948173,-83.0859803,,,
229578962,node,40.000693,-82.983954,,,
229579826,node,39.9759274,-83.0226214,,,
229580340,node,39.917816,-82.921581,,,
229580886,node,40.0519075,-83.0321432,,,
229581201,node,39.9374021,-82.8786511,,,
229582524,node,39.9537153,-82.9964075,,,
229584016,node,39.985612,-82.9397713,,,
229584560,node,40.0310338,-82.9954694,,both,
229587231,node,39.956456,-83.018889,,forward,
229587452,node,40.0240734,-82.9943602,,both,
229587759,node,40.1570953,-82.986256,,,
229587904,node,40.0185884,-83.0331185,,,
229588240,node,39.999641,-82.930094,,,
229589491,node,39.986271,-82.984677,,,
229590685,node,40.1069388,-82.9494263,,,
229591188,node,39.917405,-82.995363,,,
229595854,node,39.9352223,-82.8788538,,,
229597911,node,39.9715095,-82.9903107,,,
229599406,node,39.9779392,-83.0611672,,both,
229600017,node,40.1476967,-82.928777,,,
229600021,node,40.147495,-82.928786,,,
229600028,node,40.1498067,-82.9220206,,,
229600093,node,40.0630757,-83.0309164,,both,
229601208,node,40.030916,-82.994083,,both,
229601276,node,40.0875572,-82.7995756,,,
229602988,node,39.8569398,-82.8279647,,,
229604265,node,39.993863,-82.985802,,,
229605283,node,39.944743,-82.944746,,both,
229607200,node,39.9153779,-82.9821017,,both,
229608952,node,39.9578085,-82.985027,,both,
229609892,node,40.149296,-83.152344,,,
229609896,node,40.149356,-83.152131,,,
229610048,node,40.154109,-83.132633,,,
229610150,node,40.1539513,-83.1227313,,both,
229610152,node,40.1538848,-83.1226384,,both,
229611312,node,40.154698,-83.088585,,,
229611564,node,39.967482,-83.046642,,,
229612573,node,39.9570109,-83.0436685,,,
229612617,node,39.955295,-83.018652,,,
229612889,node,39.915665,-82.99534,,,
229613096,node,39.916172,-82.965921,,both,
229613369,node,40.1070645,-82.9494209,,,
229614324,node,40.0615196,-82.9970631,,,
229615322,node,40.0615953,-82.9988222,,,
229615744,node,40.140249,-83.118798,,both,
229616097,node,39.956743,-83.045942,,,
229616144,node,40.018647,-83.0346497,,,
229618317,node,39.878405,-83.05169,,,
229619010,node,40.1312891,-82.8850038,,both,
229619561,node,40.1513241,-83.0923143,,,
229619798,node,39.9811408,-82.9563149,,,
229621826,node,39.9301005,-82.915992,,forward,
229622131,node,39.9938048,-82.9844818,,,
229622354,node,40.15802,-83.075185,,both,
229622539,node,39.99374,-83.042363,,both,
229622709,node,40.158284,-83.083824,,both,
229623019,node,39.9642943,-82.9825384,,,
229623059,node,40.131673,-82.892967,,both,
229623848,node,39.9738733,-83.0105745,,,
229624188,node,40.1021148,-82.9245346,,,
229626017,node,40.153658,-83.001213,,,
229629405,node,40.1575,-83.060785,,both,
229630249,node,40.1482503,-83.0930833,,,
229630254,node,40.148257,-83.093217,,,
229631878,node,39.975462,-83.082869,,both,
229631910,node,40.1808516,-83.023432,,both,
229632064,node,39.986327,-82.986024,,,
229632174,node,40.046427,-82.997899,,,
229632941,node,40.1321435,-82.90284,,both,
229632979,node,39.9641823,-82.9835322,,,
229633048,node,40.134689,-82.922708,,,
229633107,node,40.136213,-82.93072,,,
229634234,node,40.0318395,-83.0270736,,,
229634472,node,39.9177127,-82.9215907,,,
229634985,node,40.0335267,-83.1213573,,,
229635914,node,40.1951179,-83.0776318,,,
229637675,node,40.089428,-83.037013,,,
229640988,node,39.9802824,-82.9569054,,,
229645877,node,39.9209894,-82.935773,,both,
229646441,node,40.000744,-82.985047,,,
229646472,node,39.825908,-83.140276,,,
229647460,node,39.985545,-82.938505,,,
229647950,node,40.0147403,-82.9934792,,,
229648156,node,40.146533,-82.919765,,,
229648186,node,40.1468549,-82.9239088,,,
229648495,node,39.915275,-82.965993,,both,
229648511,node,40.0328761,-83.1263011,,,
229649105,node,39.9599225,-83.0193549,,,
229649220,node,39.947005,-83.03124,,,
229649238,node,40.154101,-82.91996,,,
229649947,node,39.948332,-82.943034,,,
229651561,node,40.0295029,-83.0295169,,,
229652962,node,40.031753,-82.973363,,,
229653939,node,39.9539479,-83.094785,,forward,
229654878,node,40.013988,-83.153334,,,
229658118,node,39.93952,-82.915472,,,
229658379,node,40.1423676,-82.9268116,,both,
229658402,node,39.9158397,-82.8848331,,,
229659015,node,40.102954,-83.1342911,,both,
229659846,node,40.0641087,-83.0665326,,both,
229660566,node,40.198412,-82.989973,,,
229661626,node,40.157221,-82.989527,,,
229663398,node,39.925824,-82.984348,,,
229663449,node,39.925657,-82.984361,,,
229664901,node,39.919949,-82.825529,,,
229667163,node,40.1443682,-82.9911743,,forward,
229668365,node,40.0633451,-83.0436687,,both,
229669230,node,39.948861,-82.982604,,,
229669564,node,39.948655,-82.98262,,,
229669974,node,40.1097236,-82.9255235,,,
229671454,node,40.1940203,-83.0527495,,,
229671799,node,40.156909,-83.045751,,,
229672721,node,40.02698,-82.951813,,both,
229672913,node,39.9742213,-82.961148,,,
229673549,node,40.0909256,-83.0179537,,both,
229674001,node,39.8929154,-83.119656,,,
229674092,node,39.9104673,-83.119106,,both,
229674155,node,39.916816,-83.119439,,both,
229674261,node,39.978757,-82.968119,,,
229674326,node,39.985554,-82.96686,,,
229674415,node,39.99983,-82.965492,,,
229674455,node,40.009242,-82.962611,,,
229674467,node,40.013415,-82.961337,,,
229675119,node,40.1357862,-82.9918224,,both,
229675189,node,40.1363631,-83.0057339,,both,
229676446,node,40.137793,-82.991682,,both,
229676676,node,39.938415,-83.062644,,,
229677190,node,39.9439702,-82.9971037,,both,
229677245,node,40.179993,-82.912556,,,
229677283,node,40.170867,-82.915165,,,
229677386,node,40.144851,-82.925197,,,
229677406,node,39.8918381,-82.9965464,,both,
229677591,node,39.9666903,-82.9617716,,,
229677599,node,39.9688143,-82.9615962,,,
229678860,node,40.089159,-83.02689,,,
229679435,node,39.948058,-82.937178,,,
229680977,node,39.9458739,-82.8968903,,,
229681059,node,39.9313526,-82.8981685,,,
229681078,node,39.927223,-82.898551,,,
229681142,node,39.916446,-82.89698,,,
229682185,node,39.982844,-83.165096,,,
229683248,node,40.003232,-83.139,,,
229683996,node,40.0319561,-83.1161645,,,
229684130,node,40.0650348,-83.1249255,,,
229684145,node,40.0642313,-83.1281854,,,
229684295,node,40.055198,-83.159822,,,
229684380,node,40.057774,-83.173297,,,
229684599,node,40.067543,-83.112597,,both,
229684641,node,40.065715,-83.121543,,,
229685185,node,39.999256,-82.954577,,,
229685295,node,40.001435,-83.001052,,,
229685301,node,40.001321,-82.998631,,,
229685424,node,40.000529,-82.979951,,,
229685860,node,40.070406,-82.998184,,both,
229685874,node,40.0747063,-82.9979311,,both,
229686354,node,39.8428344,-82.8056364,,,
229686417,node,39.9622317,-83.000642,,both,
229686428,node,39.96494,-83.0011686,,both,
229686433,node,39.966283,-83.0014292,,both,
229686438,node,39.9676193,-83.0016885,,both,
229686444,node,39.9690245,-83.0019612,,both,
229686452,node,39.971601,-83.002466,,both,
229686455,node,39.9722669,-83.0025892,,,
229686489,node,39.9755678,-83.0032279,,both,
229686512,node,39.9771908,-83.0035499,,both,
229686523,node,39.9787802,-83.0038673,,both,
229686527,node,39.9789842,-83.0039079,,both,
229686538,node,39.9807349,-83.0042564,,,
229686541,node,39.9808792,-83.0042852,,,
229686551,node,39.9826484,-83.0046374,,,
229686554,node,39.9829133,-83.0046901,,,
229686560,node,39.9852694,-83.0051609,,,
229686567,node,39.9871047,-83.0055253,,both,
229686591,node,39.990174,-83.00612,,both,
229686613,node,39.993476,-83.006761,,both,
229686617,node,39.994076,-83.006877,,both,
229686619,node,39.9947588,-83.0070113,,both,
229686627,node,39.995745,-83.007218,,both,
229686632,node,39.9968272,-83.0074333,,both,
229686717,node,40.010034,-83.010163,,both,
229686750,node,40.0144722,-83.0113457,,both,
229686770,node,40.0166925,-83.0119357,,both,
229686782,node,40.0178348,-83.0122369,,both,
229686791,node,40.019631,-83.012712,,both,
229686794,node,40.0216834,-83.013252,,both,
229686815,node,40.024061,-83.0138872,,both,
229686845,node,40.028637,-83.015082,,both,
229686867,node,40.031592,-83.015859,,both,
229686874,node,40.0332602,-83.0162957,,both,
229686887,node,40.0351627,-83.0168075,,both,
229686909,node,40.037907,-83.017538,,,
229686958,node,40.044884,-83.019431,,both,
229686992,node,40.0496092,-83.0202373,,both,
229687004,node,40.0514139,-83.0201199,,both,
229687032,node,40.0564909,-83.0198302,,both,
229687077,node,40.0659117,-83.0193125,,both,
229687091,node,40.0680555,-83.0191985,,both,
229687108,node,40.0711646,-83.0190369,,both,
229687119,node,40.0729167,-83.0189501,,both,
229687164,node,40.0772836,-83.0187212,,both,
229687188,node,40.0844156,-83.0183383,,both,
229687211,node,40.0888632,-83.0180874,,both,
229687232,node,40.0929316,-83.0178273,,both,
229687247,node,40.0960069,-83.0175998,,both,
229687268,node,40.1056933,-83.0170288,,both,
229687280,node,40.1070178,-83.0169307,,both,
229687360,node,40.129858,-83.016522,,both,
229687373,node,40.132144,-83.016683,,both,
229687387,node,40.135606,-83.01694,,both,
229687503,node,40.0827224,-82.8087527,,both,
229688149,node,40.182245,-82.956637,,,
229688263,node,40.0095682,-82.8672728,,,
229688285,node,40.013502,-82.866973,,,
229688311,node,40.0183283,-82.8665621,,both,
229688318,node,39.976157,-82.87396,,,
229688335,node,39.973239,-82.8746895,,,
229688338,node,40.1562982,-82.9478034,,,
229688351,node,39.969396,-82.87558,,,
229688405,node,39.960159,-82.87639,,,
229688409,node,39.957972,-82.876588,,,
229688421,node,39.9554376,-82.8768514,,both,
229688463,node,39.944783,-82.877813,,,
229688472,node,39.941459,-82.878178,,,
229688476,node,40.146226,-82.939046,,,
229688479,node,40.146025,-82.939063,,,
229688523,node,39.9301982,-82.8791983,,,
229688525,node,40.136683,-82.9397738,,both,
229688537,node,39.925854,-82.879669,,,
229688543,node,39.9235705,-82.879881,,,
229688549,node,39.9212772,-82.8801173,,,
229688551,node,39.9189566,-82.8803131,,,
229688567,node,39.9156173,-82.880699,,,
229688572,node,39.913349,-82.8808,,,
229688646,node,39.899881,-82.882087,,,
229688669,node,39.8953825,-82.8824967,,,
229689772,node,39.93031,-83.038113,,,
229689799,node,39.932003,-83.048388,,,
229690010,node,40.1437468,-82.9468176,,,
229693046,node,40.143826,-83.017533,,both,
229693073,node,40.15284,-83.018171,,both,
229693107,node,40.1569118,-83.0184978,,both,
229693114,node,40.161697,-83.019298,,both,
229693124,node,40.165707,-83.02,,both,
229693138,node,40.170517,-83.020863,,both,
229693168,node,40.1751199,-83.021767,,,
229698169,node,39.9730723,-82.96811,,,
229698585,node,40.110864,-82.94649,,both,
229698894,node,39.881614,-83.085353,,,
229698919,node,39.877685,-83.085602,,both,
229699496,node,39.955371,-83.0651389,,,
229699568,node,39.999941,-82.857306,,both,
229699758,node,39.8889958,-82.9979066,,,
229699853,node,39.9579837,-82.9953323,,both,
229699859,node,39.9582011,-82.9934382,,both,
229699862,node,39.9585782,-82.9901539,,both,
229699992,node,39.9574808,-82.9997258,,both,
229703696,node,40.024079,-83.0261489,,backward,
229703867,node,40.0151424,-83.0699657,,,
229705505,node,39.970672,-82.925765,,,
229706148,node,39.9679267,-82.9990032,,,
229708075,node,40.1513643,-83.0924403,,,
229708598,node,39.984528,-83.122944,,,
229709405,node,39.9524381,-83.1236989,,,
229709700,node,39.957669,-83.03815,,,
229709740,node,39.950425,-83.03667,,,
229710180,node,39.960237,-83.016717,,,
229711332,node,39.8979982,-83.0564957,,,
229711392,node,39.899761,-83.068161,,,
229711439,node,39.9011639,-83.0777046,,,
229711442,node,39.9011996,-83.0778926,,,
229711447,node,39.9012691,-83.0780696,,,
229712162,node,39.9943691,-83.0144652,,both,
229712414,node,39.955478,-83.062861,,,
229712558,node,40.056941,-82.897704,,,
229712561,node,40.057088,-82.8976931,,,
229712888,node,39.9550893,-82.8119041,,both,
229713057,node,39.915166,-82.873906,,,
229713790,node,40.032042,-83.136344,,,
229714619,node,40.1458701,-82.9466675,,,
229715759,node,40.102262,-82.888477,,both,
229716166,node,39.985912,-82.947008,,,
229716218,node,39.989529,-82.9433993,,,
229716234,node,39.991863,-82.942439,,,
229716596,node,40.021338,-82.934001,,both,
229716909,node,40.04993,-82.928931,,,
229717016,node,40.058095,-82.922688,,,
229718976,node,40.014277,-82.981448,,,
229719023,node,40.0193864,-82.9815665,,,
229719061,node,40.0234939,-82.9814599,,both,
229719114,node,40.030289,-82.980744,,,
229719123,node,40.032103,-82.980568,,,
229719386,node,40.055463,-82.976321,,,
229719830,node,40.1055588,-82.9248127,,,
229719898,node,40.114586,-82.927411,,,
229719938,node,40.119064,-82.929082,,,
229719964,node,40.121675,-82.930047,,,
229719989,node,40.1240248,-82.9309125,,,
229720373,node,40.1692811,-82.9923523,,,
229720385,node,40.1692874,-82.9924705,,,
229720449,node,40.117296,-83.067252,,both,
229720524,node,40.117551,-83.076218,,both,
229720614,node,40.117908,-83.090411,,both,
229720652,node,40.1198788,-83.097009,,,
229720787,node,39.9883452,-83.0354995,,,
229720824,node,39.991244,-83.035282,,,
229720841,node,39.993279,-83.035142,,,
229720889,node,39.9978193,-83.0347964,,both,
229721121,node,40.028594,-83.047397,,,
229721171,node,40.032703,-83.050916,,,
229722782,node,39.948885,-82.953717,,,
229722811,node,39.94297,-82.954225,,,
229722874,node,39.934143,-82.954978,,,
229722948,node,39.919445,-82.956095,,both,
229723032,node,39.904837,-82.957396,,,
229723138,node,39.957513,-82.952883,,both,
229723200,node,39.948879,-82.953617,,,
229723872,node,39.931166,-82.98395,,,
229724015,node,39.9998401,-83.0037267,,,
229725824,node,39.895846,-83.068519,,,
229729510,node,40.164829,-82.940378,,,
229730445,node,39.982726,-82.81403,,both,
229732397,node,40.108038,-83.132394,,,
229732656,node,40.112644,-83.155157,,,
229733368,node,40.0325454,-82.9896085,,,
229733614,node,40.0612438,-82.9872832,,,
229736316,node,40.0273173,-83.1165796,,,
229736339,node,40.0263763,-83.1133407,,,
229736374,node,40.027608,-83.109861,,,
229736493,node,39.9552817,-82.8017271,,both,
229736615,node,39.9456906,-82.7963547,,,
229736839,node,39.9552614,-82.8027079,,both,
229736938,node,39.945335,-82.887417,,,
229736961,node,39.97504,-82.884579,,both,
229737034,node,39.9557581,-82.886399,,,
229737095,node,40.1043787,-82.9211897,,,
229737444,node,39.897793,-82.9294385,,,
229738385,node,39.995172,-82.868556,,,
229738480,node,39.935224,-82.996035,,,
229738909,node,40.018678,-82.965056,,,
229738917,node,40.019015,-82.965029,,,
229739771,node,40.0799016,-83.0390442,,,
229740240,node,40.1036503,-83.074458,,,
229740503,node,40.104537,-83.091095,,,
229741202,node,39.943128,-82.843713,,,
229741539,node,40.095877,-82.92537,,,
229741739,node,39.987557,-83.017898,,both,
229741757,node,39.9905814,-83.0177078,,,
229742224,node,39.876047,-83.027572,,,
229742347,node,39.8570357,-83.0279342,,both,
229742509,node,39.82537,-83.032575,,both,
229743048,node,39.9755862,-82.913281,,both,
229743206,node,40.028405,-83.102739,,,
229743266,node,40.0361981,-83.103187,,,
229743418,node,40.1233796,-83.1199417,,,
229743479,node,40.139234,-83.12653,,,
229743575,node,39.971503,-83.041268,,both,
229743598,node,39.972968,-83.045737,,,
229743629,node,39.97434,-83.050832,,,
229743686,node,39.981905,-83.063533,,both,
229743732,node,39.9897073,-83.0669862,,both,
229744319,node,40.0061221,-83.104068,,,
229744350,node,40.0128888,-83.109318,,,
229744362,node,39.9951496,-83.085032,,,
229745535,node,40.141237,-83.09075,,both,
229745558,node,39.921957,-82.864327,,,
229745627,node,39.9153307,-82.8635842,,both,
229745709,node,39.9079468,-82.865048,,,
229745779,node,39.902998,-82.872036,,,
229745822,node,39.895724,-82.873622,,both,
229746074,node,39.9547097,-82.85143,,both,
229746199,node,39.943425,-82.853651,,,
229746779,node,39.967936,-82.950542,,,
229746812,node,39.97148,-82.949084,,,
229746904,node,39.985696,-82.941438,,,
229746930,node,39.989476,-82.940448,,,
229747641,node,39.83987,-83.084802,,,
229751985,node,40.0180266,-83.0259448,,,
229752724,node,40.154652,-83.092804,,,
229754257,node,39.9820079,-82.8204821,,both,
229755219,node,40.017073,-82.965279,,,
229755992,node,40.0889983,-83.022202,,,
229757332,node,39.969413,-83.1116571,,,
229759534,node,39.8565603,-82.9022311,,both,
229760063,node,39.939677,-83.01478,,,
229761892,node,40.185863,-82.991351,,both,
229761962,node,40.012382,-83.0687129,,,
229761998,node,40.015868,-83.065649,,,
229762040,node,40.019003,-83.062895,,,
229762062,node,40.021232,-83.060922,,,
229763662,node,40.1569889,-83.0129766,,,
229764836,node,39.879319,-83.069676,,,
229765145,node,40.071139,-82.862579,,,
229767760,node,39.865406,-82.921876,,both,
229770519,node,39.972286,-82.990245,,,
229772543,node,39.9701844,-82.9302584,,,
229773357,node,40.164729,-82.940475,,,
229774145,node,39.881149,-83.069522,,,
229774202,node,39.8815,-83.081095,,,
229774400,node,40.0222925,-83.1601154,,,
229774483,node,40.034684,-83.158752,,,
229774640,node,39.854439,-82.896417,,both,
229774708,node,39.8518986,-82.886425,,,
229774742,node,39.8512097,-82.8823771,,both,
229775069,node,39.964896,-82.977348,,,
229777899,node,40.1520203,-82.9570719,,both,
229778678,node,40.018559,-82.872771,,both,
229779166,node,39.985097,-82.955915,,,
229779235,node,39.979063,-82.960937,,both,
229779251,node,39.986182,-82.953378,,,
229782563,node,40.030463,-83.164621,,,
229783731,node,40.1570813,-83.0322871,,,
229783826,node,40.10925,-82.8870546,,,
229784180,node,39.9858584,-82.8153441,,both,
229784291,node,40.0003831,-82.8103619,,,
229784412,node,40.019446,-82.814889,,,
229784638,node,39.940723,-82.791954,,,
229784831,node,39.9735302,-82.899109,,both,
229784879,node,39.95616,-82.9005711,,both,
229788537,node,39.8540421,-82.8294351,,,
229790279,node,39.898248,-83.10742,,,
229790321,node,39.8943083,-83.1154082,,,
229792046,node,39.9558954,-82.9896407,,,
229792063,node,39.9563373,-82.9856419,,,
229792342,node,39.9551121,-82.9965474,,both,
229792348,node,39.9553054,-82.9948279,,both,
229792352,node,39.9555311,-82.9929252,,,
229792452,node,40.145839,-82.956284,,,
229792456,node,40.145661,-82.956279,,,
229792802,node,40.101717,-82.866753,,both,
229793321,node,40.189053,-82.991189,,both,
229793460,node,39.9521869,-82.9824467,,both,
229793483,node,40.195502,-82.9907598,,both,
229793499,node,39.946868,-82.915535,,,
229794006,node,39.9627313,-82.996247,,both,
229794017,node,39.9641207,-82.9965149,,,
229794027,node,39.965443,-82.996768,,both,
229794034,node,39.96679,-82.997033,,both,
229794048,node,39.9681216,-82.9972897,,,
229794071,node,39.9692107,-82.997457,,both,
229794119,node,39.974235,-82.998225,,,
229794194,node,39.980631,-82.998367,,both,
229794198,node,39.982403,-82.998713,,both,
229794224,node,39.986875,-82.999585,,both,
229794249,node,39.989909,-82.9994009,,both,
229794269,node,39.994403,-82.999105,,,
229794273,node,39.9953682,-82.9990437,,,
229794367,node,40.0100259,-82.9980358,,,
229794410,node,40.0150153,-82.9976667,,both,
229794682,node,40.035928,-82.977899,,,
229797952,node,39.969439,-82.937149,,,
229797988,node,39.9571924,-82.9381248,,both,
229798358,node,40.0553316,-82.865889,,,
229800157,node,40.089242,-83.02946,,,
229800196,node,40.09016,-83.049521,,,
229800796,node,39.998479,-83.025867,,both,
229800921,node,40.0110522,-82.7902953,,,
229801883,node,40.1585163,-83.0914866,,both,
229803821,node,40.173942,-82.992049,,,
229804396,node,40.031693,-83.021237,,,
229804805,node,39.984844,-82.923807,,,
229805975,node,39.972736,-83.0987642,,,
229808807,node,39.9563906,-82.9082936,,,
229810563,node,40.0152522,-83.0022047,,both,
229810577,node,40.015112,-83.00009,,both,
229810925,node,40.013666,-82.967399,,,
229811613,node,39.945882,-82.915283,,,
229812606,node,40.0819337,-82.9163164,,,
229813431,node,39.9818404,-83.0450131,,,
229814377,node,40.1496611,-82.9541813,,,
229814382,node,39.954524,-83.082819,,backward,
229814882,node,40.089894,-82.916777,Huber Ridge,,
229816597,node,39.958596,-83.03043,,,
229816620,node,39.955168,-83.029749,,,
229816630,node,39.954016,-83.029517,,,
229816635,node,39.951836,-83.029073,,,
229816670,node,39.94782,-83.028256,,,
229817055,node,40.03088,-83.148664,,,
229819416,node,40.0530137,-82.8637635,,,
229820794,node,40.1410019,-82.9470117,,,
229821504,node,39.916575,-83.036108,,,
229821574,node,39.9186272,-83.0483673,,,
229821650,node,39.921099,-83.061336,,,
229821803,node,39.9173835,-83.0113626,,,
229823162,node,39.953919,-82.9764043,,both,
229823174,node,39.950418,-82.9766879,,both,
229823235,node,39.957979,-82.976143,,both,
229824630,node,39.9576719,-82.9607004,,both,
229824640,node,39.9540446,-82.9609923,,forward,
229824644,node,39.95301,-82.961088,,forward,
229824656,node,39.949261,-82.961387,,,
229825136,node,39.855554,-83.071494,,,
229828178,node,40.110129,-83.025988,,,
229828249,node,40.107404,-83.037865,,,
229828263,node,40.107091,-83.042406,,,
229829168,node,39.955416,-82.795156,,both,
229829516,node,39.9396113,-82.9906327,,both,
229829532,node,39.9392246,-82.9833413,,,
229829701,node,39.9505013,-83.1675688,,,
229829909,node,39.973106,-83.173822,,,
229830004,node,39.9847026,-83.1789979,,,
229830017,node,39.9878161,-83.179491,,,
229830128,node,40.0296821,-83.1861485,,,
229830146,node,40.0335372,-83.1867961,,,
229833787,node,39.9620303,-83.0024074,,both,
229833802,node,39.9647405,-83.0029311,,both,
229833806,node,39.966083,-83.003193,,both,
229833824,node,39.9688161,-83.003724,,both,
229833857,node,39.971483,-83.004648,,both,
229835614,node,40.145678,-82.9466811,,,
229837288,node,40.002148,-83.113826,,,
229837355,node,40.002962,-83.1312878,,,
229837374,node,40.142978,-82.988934,,forward,
229837438,node,40.00374,-83.1538728,,,
229837590,node,39.999869,-83.202094,,,
229837774,node,40.142842,-82.9661,,,
229838140,node,40.088784,-83.015992,,both,
229838296,node,40.142723,-82.966028,,,
229838342,node,40.14504,-82.9623158,,,
229838464,node,40.1455766,-82.9425357,,,
229839160,node,39.983623,-82.8055971,,,
229839715,node,39.861158,-82.970242,,both,
229839975,node,39.949351,-82.963182,,,
229840002,node,39.9432235,-82.9636946,,,
229840039,node,39.93459,-82.964421,,,
229840096,node,39.9227377,-82.9653679,,,
229840162,node,40.0883237,-83.0041465,,,
229843062,node,39.9549057,-82.8577621,,both,
229843476,node,39.968976,-82.941323,,,
229844217,node,40.0516491,-82.9118589,,,
229847474,node,39.9553547,-83.0654861,,,
229847705,node,40.0517743,-83.0278728,,,
229849043,node,39.980737,-83.000856,,,
229849335,node,40.0479787,-82.8641511,,,
229851745,node,40.144433,-83.092704,,both,
229854793,node,39.9798135,-83.0346488,,,
229854799,node,39.979885,-83.034653,,,
229854805,node,39.9800102,-83.0346881,,,
229859560,node,39.942494,-83.097486,,,
229860790,node,40.148427,-82.978114,,backward,
229861539,node,40.035738,-82.977909,,,
229861597,node,40.0350955,-82.9635066,,,
229862132,node,40.0239576,-82.9917801,,both,
229862158,node,40.030763,-82.991233,,both,
229864011,node,39.915026,-83.065963,,,
229864875,node,39.9112251,-83.1438757,,,
229866997,node,40.0642291,-83.070741,,both,
229868934,node,40.0060449,-83.0094609,,backward,
229870731,node,40.126822,-82.993878,,both,
229870823,node,40.118842,-82.995466,,both,
229871419,node,40.132407,-83.070657,,both,
229871517,node,40.133015,-83.089648,,both,
229871522,node,40.1316421,-83.089723,,both,
229871577,node,40.132439,-83.113128,,both,
229872859,node,39.987296,-83.0108385,,both,
229874778,node,39.960688,-82.9818638,,,
229875137,node,39.878878,-83.063589,,,
229875454,node,40.111902,-83.065891,,,
229876964,node,39.9780114,-83.0299186,,,
229877785,node,39.9590769,-83.1459717,,,
229878432,node,39.9698599,-83.1485774,,,
229879252,node,39.901304,-82.995337,,,
229881710,node,39.98752,-83.107468,,,
229881832,node,39.942658,-83.0942594,,,
229882210,node,39.994524,-83.00152,,,
229882234,node,39.9942809,-82.9957591,,,
229882282,node,39.9936977,-82.9816941,,,
229882618,node,39.952657,-82.993422,,both,
229883305,node,40.042454,-82.977325,,,
229883349,node,40.0417352,-82.9606353,,,
229886463,node,39.9625235,-82.9979826,,both,
229886469,node,39.9639221,-82.9982498,,both,
229886474,node,39.965248,-82.998505,,,
229886482,node,39.966587,-82.998762,,,
229886778,node,39.9578681,-82.97086,,both,
229886809,node,39.9543349,-82.9711517,,forward,
229886821,node,39.953292,-82.971214,,,
229886860,node,39.9436048,-82.971941,,,
229887594,node,39.9445616,-82.9901373,,,
229887598,node,39.9445551,-82.990018,,,
229887983,node,39.9574,-82.94738,,both,
229888031,node,39.9485582,-82.9473097,,,
229889066,node,39.9629423,-82.9943896,,both,
229889121,node,39.956874,-82.9931832,,both,
229891604,node,40.0637963,-83.056964,,both,
229892026,node,40.125799,-82.938993,,both,
229892172,node,40.0184278,-82.8906883,,both,
229892179,node,40.0193432,-82.8905885,,,
229892381,node,40.0565758,-82.890321,,,
229895394,node,40.1019974,-82.9979756,,both,
229895604,node,40.110178,-82.951864,,,
229895620,node,40.1106005,-82.9491523,,both,
229895713,node,40.1099627,-82.9303254,,,
229896298,node,39.9551932,-82.8672731,,both,
229896369,node,39.9442368,-82.8681047,,,
229896827,node,40.0052604,-83.0168797,,both,
229897116,node,39.91822,-82.931164,,,
229898045,node,40.0485799,-82.9998097,,,
229898092,node,40.0447582,-82.9582373,,,
229898234,node,40.084141,-83.130469,,,
229899667,node,39.9659399,-82.968548,,,
229900972,node,39.944422,-82.871381,,,
229901824,node,40.030895,-83.148476,,,
229903013,node,39.966065,-82.9915854,,,
229903078,node,39.9633206,-82.9910597,,,
229904095,node,39.9566923,-82.9187589,,both,
229905372,node,40.040191,-82.909563,,,
229909803,node,40.0581661,-82.8634336,,both,
229911142,node,40.094841,-82.8228032,,both,
229914071,node,40.088204,-82.926685,,,
229914077,node,40.0882161,-82.9268722,,,
229914607,node,40.120841,-82.94846,,,
229916594,node,39.9552071,-82.8052153,,both,
229917216,node,39.9766071,-82.932434,,,
229920009,node,39.9725093,-83.0094539,,both,
229920816,node,39.986074,-82.979731,,,
229920842,node,39.9888645,-83.045941,,,
229921155,node,40.018458,-82.870235,,both,
229921664,node,40.068775,-82.952273,,,
229922892,node,39.9547738,-83.0777079,,both,
229925322,node,39.90806,-82.8244722,,,
229925441,node,39.891074,-83.08593,,,
229925481,node,39.8835551,-83.0924395,,,
229925492,node,39.882172,-83.0936275,,,
229925497,node,39.88185,-83.093896,,,
229929898,node,40.053873,-82.976436,,,
229930767,node,39.964398,-82.9816276,,,
229930779,node,39.9630782,-82.9816552,,both,
229930798,node,39.9580963,-82.9820341,,both,
229930820,node,39.9532969,-82.9824893,,both,
229930941,node,39.8620724,-82.9893268,,both,
229931053,node,39.8817015,-82.9877503,,,
229931084,node,39.891441,-82.986963,,both,
229931147,node,39.9124396,-82.9853341,,,
229931207,node,39.922312,-82.984601,,,
229931212,node,39.9237856,-82.9844912,,,
229931260,node,39.932962,-82.983824,,,
229931263,node,39.933812,-82.9837587,,,
229931272,node,39.935492,-82.983638,,,
229931294,node,39.94149,-82.9831675,,,
229931310,node,39.944177,-82.982963,,,
229931682,node,39.90226,-83.052516,,,
229933821,node,39.9272447,-82.8275777,,both,
229934045,node,40.064373,-83.0749509,,both,
229934922,node,39.947348,-82.924091,,,
229935397,node,39.996943,-83.009517,,both,
229936586,node,39.957622,-82.958572,,both,
229936594,node,39.9539965,-82.958872,,forward,
229936602,node,39.952972,-82.95895,,forward,
229936608,node,39.949157,-82.95926,,,
229936719,node,39.957625,-82.958733,,both,
229938088,node,39.969899,-82.932996,,,
229938161,node,39.985097,-82.931534,,,
229938257,node,39.99552,-82.930296,,,
229938386,node,40.021105,-82.928687,,,
229939199,node,39.9211287,-83.1239552,,,
229939911,node,39.955572,-83.060895,,,
229940511,node,40.0467617,-82.9563209,,,
229940577,node,39.9661978,-82.9904682,,,
229940592,node,39.9674487,-82.9906266,,,
229940688,node,39.981795,-82.989517,,,
229940707,node,39.9864394,-82.9891007,,,
229940888,node,40.0030474,-82.9739581,,,
229940893,node,40.0031762,-82.9738762,,,
229940932,node,40.0062653,-82.9719299,,,
229940948,node,40.0088456,-82.9703467,,,
229940951,node,40.0088854,-82.9703222,,,
229941031,node,40.022743,-82.964745,,both,
229941055,node,40.0313,-82.964034,,,
229941117,node,40.0374365,-82.9624926,,,
229941196,node,40.049809,-82.953782,,,
229941239,node,40.059529,-82.95301,,,
229941303,node,40.072393,-82.951998,,,
229941344,node,40.079442,-82.951498,,,
229941357,node,40.0818713,-82.951315,,,
229941393,node,40.088337,-82.950821,,,
229941448,node,40.100539,-82.949876,,,
229941473,node,40.1037131,-82.9496641,,,
229941825,node,39.927299,-83.056219,,,
229942617,node,39.965907,-82.968813,,,
229942672,node,39.957837,-82.969447,,both,
229942686,node,39.95422,-82.969741,,forward,
229942697,node,39.953228,-82.969813,,forward,
229942708,node,39.949683,-82.970098,,both,
229942749,node,39.934908,-82.971201,,,
229942904,node,40.042097,-83.157094,,,
229943828,node,40.080746,-82.928514,,,
229944532,node,40.026576,-82.940528,,,
229945253,node,40.127504,-83.11155,,both,
229947530,node,39.8705915,-82.8369493,,,
229947699,node,39.917487,-82.915849,,,
229947769,node,39.9084658,-82.9009134,,,
229950728,node,40.098025,-82.81235,,,
229950739,node,40.1052208,-82.811775,,,
229950984,node,39.960369,-82.986424,,,
229950993,node,39.9577,-82.9859049,,both,
229951018,node,39.9637775,-82.9870739,,,
229951353,node,39.9631345,-82.9926979,,,
229951362,node,39.9634473,-82.9899544,Discovery District,,
229951377,node,39.964449,-82.981175,,,
229951400,node,39.964855,-82.97768,,,
229951402,node,39.9652471,-82.97435,,,
229951417,node,39.9657427,-82.9702099,,,
229951420,node,39.966194,-82.966215,,,
229951481,node,39.970604,-82.926367,,,
229951495,node,39.971332,-82.919603,,,
229951512,node,39.9720068,-82.9134453,,,
229951533,node,39.973859,-82.8959829,,both,
229951598,node,39.9776146,-82.8608655,,,
229951618,node,39.979298,-82.843571,,,
229951642,node,39.980259,-82.8361866,,,
229951673,node,39.9816573,-82.8237132,,,
229952358,node,40.047733,-83.158767,,,
229952612,node,39.972141,-82.973323,,,
229953501,node,39.96015,-83.0002413,,both,
229953510,node,39.9588082,-82.9999824,,both,
229953520,node,39.956143,-82.999468,,both,
229953551,node,39.952564,-82.998783,,both,
229953559,node,39.949082,-82.998096,,both,
229953599,node,39.9396221,-82.9962581,,both,
229953628,node,39.93247,-82.995898,,,
229953670,node,39.924286,-82.995495,,,
229953752,node,39.912911,-82.995356,,,
229953776,node,39.906045,-82.995365,,,
229954226,node,40.081461,-82.808837,,both,
229957519,node,40.0449834,-82.859792,,,
229957559,node,40.0457,-82.8643238,,,
229959128,node,39.9645434,-83.0046722,,both,
229959136,node,39.965879,-83.004933,,both,
229960150,node,39.982018,-83.156036,,,
229960292,node,39.9816887,-83.1469982,,,
229960339,node,40.1089424,-82.9972969,,,
229962008,node,39.9429083,-83.0895697,,,
229962089,node,39.9338011,-83.0900264,,,
229962118,node,39.927573,-83.090432,,,
229962527,node,39.8928135,-83.1069768,,,
229962617,node,39.8822144,-83.1076426,,,
229965355,node,39.9612321,-83.0088457,,both,
229965991,node,40.042358,-82.909395,,,
229969375,node,39.993275,-83.060408,,,
229969408,node,39.997878,-83.060997,,forward,
229972214,node,40.0770374,-82.9760397,,forward,
229975423,node,39.9619917,-82.9908069,,,
229976046,node,39.9800112,-82.9132256,,,
229976185,node,40.0059032,-82.9125194,,,
229976288,node,40.020319,-82.911361,,both,
229976401,node,40.033375,-82.9102091,,,
229977693,node,39.955705,-83.057971,,,
229980874,node,39.9621613,-82.9335907,,,
229980979,node,39.9612163,-82.914399,,both,
229982165,node,39.9527876,-82.9961067,,forward,
229982208,node,39.9524823,-82.9889857,,both,
229982256,node,39.946394,-82.906313,,,
229982295,node,39.9457401,-82.8944835,,,
229982344,node,39.944156,-82.86682,,,
229982381,node,39.943216,-82.850121,,,
229982422,node,39.942503,-82.837619,,,
229982449,node,39.9420584,-82.8298882,,,
229982455,node,39.9418976,-82.8271445,,,
229982507,node,39.944207,-82.816766,,,
229982653,node,39.9514228,-82.9797428,,both,
229982743,node,39.948446,-82.945246,,,
229982810,node,39.947569,-82.928277,,,
229985310,node,39.839571,-83.0811236,,,
229985455,node,39.8434427,-83.126024,,,
229986088,node,39.8314791,-82.9600914,,both,
229986157,node,39.8306351,-82.9445567,,both,
229986182,node,39.8300838,-82.9338454,,both,
229986914,node,40.068229,-83.105103,,both,
229987697,node,39.8872214,-83.0573536,,,
229987748,node,39.889175,-83.069006,,,
229988975,node,39.935469,-83.114157,,,
229989223,node,39.910852,-82.824187,,,
229989591,node,39.9153819,-82.8779276,,,
229989778,node,39.921793,-82.9323417,,,
229989841,node,39.936565,-82.9422909,,,
229990504,node,39.933656,-82.9423055,,,
229993373,node,39.9517874,-83.139439,,,
229993377,node,39.9518917,-83.1356048,,,
229993509,node,39.953835,-83.097355,,,
229993549,node,39.9542489,-83.0884535,,,
229993571,node,39.954511,-83.083182,,forward,
229993615,node,39.9549575,-83.0739501,,both,
229993624,node,39.955114,-83.0706143,,,
229993628,node,39.9551276,-83.0703243,,,
229993656,node,39.9554652,-83.0631337,,,
229993662,node,39.9557672,-83.0567577,,,
229993664,node,39.955837,-83.055271,,,
229993674,node,39.955979,-83.052854,,,
229993721,node,39.9573266,-83.041023,,,
229993770,node,39.958146,-83.034189,,,
229993872,node,39.959618,-83.02184,,,
229993878,node,39.959638,-83.021669,,,
229993925,node,39.961861,-83.0037732,,both,
229994836,node,40.011913,-83.060076,,,
229997186,node,39.9347299,-82.9292892,,,
229998722,node,39.9570437,-82.9322142,,both,
229998775,node,39.9570323,-82.9317975,,both,
229998790,node,39.96515,-82.930641,,,
229999792,node,40.1034272,-82.913813,,,
230002171,node,39.839684,-82.903886,,,
230004187,node,39.956579,-83.017998,,forward,
230004241,node,39.955306,-83.028585,,both,
230004359,node,39.9586074,-83.0017514,,both,
230004434,node,39.982511,-83.001207,,both,
230004492,node,39.9813927,-82.9801129,,,
230007891,node,40.1187673,-82.9876513,,both,
230007950,node,40.12588,-82.979972,,both,
230008018,node,40.13399,-82.972123,,both,
230009005,node,39.999145,-83.075822,,both,
230009798,node,39.9742015,-83.0245226,,,
230010829,node,39.9610665,-82.9922841,,both,
230010848,node,39.9597304,-82.9920188,,backward,
230014163,node,39.9438133,-83.0372339,,,
230016786,node,39.959951,-83.0020077,,both,
230016880,node,39.956796,-83.028878,,both,
230018368,node,39.9659651,-83.0124567,,,
230019352,node,40.0609515,-82.9827157,,,
230025197,node,39.948873,-82.999855,,both,
230025867,node,40.014237,-83.05324,,,
230025874,node,40.0192368,-83.0528926,,,
230027631,node,39.9742472,-83.0256121,,,
230027636,node,39.974372,-83.029164,,,
230027681,node,39.9768088,-83.0455775,,,
230028800,node,39.8786022,-83.0599498,,,
230028838,node,39.872459,-83.060745,,,
230029092,node,39.946173,-82.829509,,,
230035204,node,39.9409838,-82.9436402,,,
230036445,node,39.9968173,-83.0149487,,both,
230036451,node,39.9965179,-83.0148896,,both,
230036819,node,39.982012,-83.1377667,,,
230037432,node,39.9442265,-83.1115932,,,
230037843,node,39.996734,-83.080829,,,
230039114,node,40.0600626,-82.961808,,,
230039305,node,40.1142037,-83.0905741,,,
230039346,node,40.122175,-83.0902,,,
230039364,node,40.1244988,-83.0900818,,both,
230039510,node,40.060736,-83.093424,,forward,
230042448,node,40.0189006,-82.879633,,both,
230042460,node,40.020928,-82.879528,,both,
230042462,node,40.02233,-82.879419,,both,
230043322,node,39.9612481,-82.9906646,,both,
230043337,node,39.95991,-82.9904087,,both,
230043356,node,39.9572455,-82.9898989,,both,
230043368,node,39.954558,-82.98938,,,
230045742,node,40.124751,-82.948171,,both,
230045771,node,40.1286776,-82.9478983,,both,
230048777,node,40.0166533,-82.833532,,,
230048954,node,40.019256,-82.789658,,,
230049185,node,39.9872035,-83.0082823,,both,
230049196,node,39.9872923,-83.0107326,,,
230049202,node,39.98738,-83.013089,,both,
230049218,node,39.987668,-83.0208081,,,
230049243,node,39.9878324,-83.0255938,,,
230049267,node,39.988351,-83.035616,,,
230049285,node,39.988609,-83.0407735,,,
230049296,node,39.988785,-83.044451,,,
230049332,node,39.989006,-83.04879,,,
230049336,node,39.98902,-83.049065,,,
230049967,node,39.957352,-82.944955,,both,
230050224,node,39.9068365,-82.9286743,,,
230050258,node,39.8887762,-82.9301969,,,
230050321,node,39.8792291,-82.9309459,,both,
230052080,node,40.002062,-82.834651,,,
230052185,node,40.003118,-82.861289,,both,
230052807,node,40.119967,-82.903751,,,
230052897,node,40.118831,-82.8857846,,both,
230053997,node,40.027338,-82.959946,,,
230055054,node,39.971878,-83.080698,,,
230055167,node,39.966663,-83.095069,,,
230055486,node,39.983896,-83.016835,,,
230060105,node,40.0192879,-83.069723,,,
230060189,node,39.9607535,-83.1108864,,,
230063841,node,39.9434616,-83.0781832,,both,
230064553,node,40.018817,-82.884019,,both,
230066464,node,39.9559795,-82.8942071,,,
230067055,node,40.118282,-83.012367,,both,
230068859,node,40.031441,-83.008003,,both,
230068862,node,40.031308,-83.001042,,both,
230068904,node,40.030488,-82.985463,,,
230069326,node,40.065259,-82.9769953,,,
230070059,node,40.031731,-83.14003,,,
230070408,node,39.954153,-83.02835,,both,
230071412,node,39.9569824,-82.9298003,,both,
230071438,node,39.9569776,-82.9296248,,both,
230071834,node,40.1238372,-82.9270831,,,
230072623,node,40.031992,-82.978216,,,
230072751,node,40.0606469,-82.9773663,,,
230072773,node,40.068331,-82.976743,,,
230072783,node,40.071852,-82.976461,,,
230072800,node,40.0805725,-82.9757564,,,
230072826,node,40.08553,-82.975417,,,
230073568,node,39.8900642,-82.9582997,,both,
230074199,node,39.9714663,-83.0094897,,both,
230075029,node,39.955335,-83.145663,,,
230075041,node,39.9484959,-83.0470217,,,
230077366,node,39.9457967,-83.0359316,,,
230078685,node,39.8458048,-82.8291252,,both,
230078688,node,39.848016,-82.828902,,both,
230078869,node,39.901812,-82.824965,,,
230078943,node,39.923268,-82.829562,,,
230079120,node,40.1213716,-83.0353905,,,
230079186,node,39.9742031,-83.0225214,,,
230079219,node,39.984136,-83.022604,,,
230079252,node,39.990875,-83.025952,,both,
230079588,node,40.063148,-83.0375955,,both,
230082328,node,39.9809619,-82.8723913,,,
230082394,node,39.9839644,-82.869821,,,
230082535,node,39.9888435,-82.8689888,,,
230082602,node,39.9982783,-82.8682821,,both,
230082734,node,40.0383982,-82.8648734,,,
230082770,node,40.0438403,-82.8644653,,,
230082827,node,40.055289,-82.8636117,,,
230082871,node,40.0645071,-82.8630701,,,
230083764,node,40.0163649,-83.0140253,,both,
230085054,node,39.9769003,-82.9804493,,,
230086103,node,40.0322759,-82.9840422,,,
230086183,node,40.0310178,-82.9573146,,,
230086276,node,40.0329686,-83.0009097,,,
230087234,node,40.1019807,-83.0940166,,,
230087727,node,40.0300532,-82.8751531,,,
230087950,node,40.056525,-82.886296,,,
230092987,node,39.95273,-83.000607,,both,
230094343,node,39.963027,-83.076413,,,
230094620,node,39.992532,-83.092854,,,
230095391,node,40.0990391,-83.0818908,,,
230096060,node,40.009218,-82.905621,,,
230096138,node,40.018664,-82.875173,,both,
230096775,node,40.014397,-83.056541,,,
230098517,node,40.0904186,-82.7934896,,,
230098575,node,40.096459,-82.780879,,,
230098937,node,40.0476732,-82.8564281,,,
230098964,node,40.04954,-82.852858,,,
230100764,node,39.9606668,-82.9958492,,both,
230100769,node,39.959315,-82.9955888,,,
230101528,node,40.0603006,-82.9675455,,,
230104674,node,39.9441803,-82.9944293,,,
230108049,node,40.0833019,-82.8956411,,backward,
230108213,node,40.1188273,-82.8856435,,both,
230108434,node,39.957782,-82.966662,,both,
230112597,node,40.0442619,-83.0000698,,,
230114779,node,39.932842,-83.115516,,,
230115267,node,39.9686146,-82.9574102,,,
230116516,node,40.127573,-83.011364,,both,
230117886,node,39.986289,-82.7818837,,,
230118697,node,39.8425501,-83.0722858,,,
230120657,node,39.9557451,-83.0029303,,both,
230120664,node,39.9544184,-83.0026847,,both,
230121753,node,39.9872671,-82.8861603,,,
230122011,node,39.8749752,-83.1676913,,,
230123803,node,39.9658742,-83.0097878,,both,
230123817,node,39.9660775,-83.0148454,,,
230132477,node,39.955318,-82.800153,,both,
230133405,node,39.9773222,-82.8364159,,,
230133525,node,39.95471,-82.83849,,both,
230134903,node,39.9565862,-82.9148123,,both,
230134922,node,39.9562998,-82.9053776,,both,
230134932,node,39.9562525,-82.9036888,,,
230134958,node,39.9560606,-82.8970762,,,
230135067,node,39.9547552,-82.8353469,,both,
230135116,node,39.9548049,-82.828824,,both,
230135122,node,39.9548058,-82.8286788,,both,
230135143,node,39.9549674,-82.8191229,,both,
230135150,node,39.95515,-82.808398,,both,
230135153,node,39.9551801,-82.806753,,both,
230135199,node,39.9555565,-82.7878837,,both,
230135301,node,39.954959,-82.8594833,,both,
230135318,node,39.9564564,-82.9968048,,both,
230135454,node,39.9572951,-82.942268,,both,
230135480,node,39.9569173,-82.9273881,,both,
230137170,node,39.9406699,-83.0546804,,both,
230144660,node,39.986561,-82.99208,,,
230150881,node,40.0614311,-82.9945911,,,
230150976,node,40.0603969,-82.9709486,,,
230151014,node,40.059881,-82.9576546,,,
230151156,node,40.058817,-82.937416,,,
230151520,node,40.0552975,-82.8637746,,,
230152347,node,39.9668315,-82.9849283,,,
230152652,node,39.900615,-83.053113,,,
230154155,node,39.991557,-83.151947,,,
230154924,node,39.9735885,-83.0045198,,both,
230157166,node,39.983564,-83.150597,,,
230157434,node,39.981968,-83.047948,,both,
230164889,node,40.0325808,-83.129437,,,
230167684,node,39.982022,-83.04921,,,
230168651,node,39.940051,-83.073757,,,
230168774,node,39.941256,-83.052497,,both,
230183626,node,39.9665287,-82.9876138,,,
230184374,node,39.959116,-82.997321,,both,
230186312,node,40.022689,-82.963472,,both,
230186465,node,40.0244152,-83.0016088,,,
230186508,node,40.0241298,-82.9955678,,both,
230187099,node,39.983523,-83.044876,,,
230187439,node,40.0054885,-82.7907501,,,
230191247,node,39.977455,-83.011141,,,
230194609,node,39.9620075,-83.0039559,,,
230195151,node,39.926545,-83.117096,,,
230195309,node,39.9837052,-83.012365,,,
230195423,node,39.985114,-83.044755,,,
230196029,node,39.9839995,-82.8431897,,both,
230198235,node,40.0321927,-83.1346165,,,
230198563,node,40.0949326,-82.8199389,,both,
230198843,node,39.9553906,-83.0178085,,,
230199159,node,39.878328,-83.055764,,,
230199779,node,40.037648,-83.000595,,,
230205245,node,39.997837,-82.7913225,,,
230206030,node,39.943707,-83.073122,,,
230206116,node,39.9422712,-83.1020334,,,
230206143,node,39.941791,-83.111982,,,
230206208,node,39.93843,-83.112569,,,
230207186,node,40.078603,-82.928563,,,
230211359,node,39.9852669,-82.7911007,,,
230213910,node,40.0467667,-82.9999153,,,
230217671,node,39.986976,-83.002043,,both,
230217684,node,39.990009,-83.001827,,,
230217687,node,39.990199,-83.001816,,,
230217694,node,39.9954795,-83.0014587,,,
230227333,node,39.9716077,-83.0074004,,both,
230228537,node,39.979569,-83.102749,,,
230229873,node,39.9572751,-83.0014915,,both,
230230154,node,39.9669448,-82.9839577,,,
230230694,node,39.990251,-83.003243,,,
230230792,node,40.005679,-83.002887,,forward,
230230864,node,40.017379,-83.0020683,,,
230232806,node,39.9693076,-83.0095522,,both,
230235423,node,40.0372123,-82.9528846,,,
230238510,node,39.9680807,-83.0096332,,both,
230240758,node,39.929786,-83.116455,,,
230240939,node,39.931127,-83.144609,,,
230255274,node,40.004372,-83.080767,,forward,
230258018,node,39.994862,-83.152507,,,
230261242,node,40.092014,-82.9255369,,,
230271301,node,39.991439,-83.0405266,,both,
230272580,node,39.9735965,-83.0047042,,,
230275194,node,40.0921004,-82.9255263,,,
230275515,node,39.9955525,-83.0146989,,both,
230275949,node,39.967187,-82.981705,,,
230280183,node,39.973116,-83.149986,,,
230282845,node,39.937115,-82.915379,,both,
230283296,node,39.9857828,-82.7863806,,,
230288282,node,39.9196962,-83.1300262,,,
230291465,node,40.0922069,-82.8491022,,,
230292458,node,39.8585036,-82.8955879,,,
230294127,node,39.9966442,-83.048971,,backward,
230294238,node,40.018759,-83.057401,,,
230295221,node,39.9394021,-82.9975806,,,
230303296,node,39.973865,-83.01042,,,
230303313,node,39.980408,-83.01173,,,
230303321,node,39.99325,-83.0142442,,both,
230307552,node,40.095463,-82.919168,,,
230307592,node,40.094831,-82.905639,,,
230313093,node,39.915568,-83.143965,,,
230313797,node,40.018715,-83.056193,,,
230317407,node,39.9493769,-83.1401886,,,
230319097,node,40.079907,-82.877538,,,
230319448,node,40.0821874,-82.8101257,,both,
230320305,node,39.9559422,-83.0012351,,both,
230324104,node,40.031593,-83.141545,,,
230324184,node,40.030428,-83.153083,,,
230329948,node,40.125137,-82.944249,,both,
230335297,node,40.018325,-83.029332,,,
230356964,node,40.118576,-83.009575,,,
230399814,node,39.9538055,-82.9962973,,forward,
316943246,node,39.9735523,-83.0163762,,,
317503321,node,40.0850183,-82.7531448,,both,
317505975,node,40.078528,-82.7533674,,,
317506818,node,40.0812689,-82.7531892,,,
317519480,node,40.0820907,-82.9163795,,,
317522309,node,40.0817497,-82.8954378,,forward,
317522324,node,40.081914,-82.8953539,,forward,
317522417,node,40.081534,-82.896068,,forward,
317522437,node,40.0812128,-82.8956181,,forward,
319723810,node,39.9347954,-82.929022,,,
319895819,node,40.112591,-83.090669,,,
319906111,node,40.1480104,-82.9676577,,,
319906114,node,40.1481034,-82.97,,,
319906711,node,40.142285,-82.9694059,,,
319906712,node,40.1421185,-82.9694224,,,
319908176,node,40.1481784,-82.9720469,,,
319930652,node,40.0893893,-83.0350658,,,
319939247,node,40.060506,-82.9741629,,,
319948955,node,40.0137605,-82.9940492,,,
319968796,node,40.0169138,-83.1565909,,,
320245507,node,40.0376862,-83.1564574,,,
321306095,node,40.0326816,-83.1294567,,,
321306566,node,40.0326907,-83.129247,,,
321306824,node,40.0329619,-83.126315,,,
321307934,node,40.0264866,-83.1133581,,,
321307941,node,40.0273965,-83.1164497,,,
321307956,node,40.0319859,-83.1160398,,,
321341476,node,39.9925536,-83.017979,,both,
322536045,node,39.9690397,-83.0018136,,,
322536198,node,39.9688557,-82.9974266,,both,
322793860,node,39.9566597,-82.9950772,,both,
322793876,node,39.9577854,-82.9970592,,both,
322794536,node,39.9672237,-82.9918092,,,
323068373,node,40.0185671,-82.8906728,,both,
325067337,node,39.9496591,-83.0209465,,,
325101455,node,39.9811908,-83.1508246,,,
325101499,node,39.9811968,-83.1506873,,,
325101636,node,39.9791796,-83.1506673,,,
325102432,node,39.9754641,-83.1501115,,,
325102433,node,39.9754527,-83.1502966,,,
332407766,node,39.9546381,-82.8416185,,,
332414679,node,39.9345308,-82.7893642,,,
333548760,node,39.8616429,-83.0711471,,,
333550659,node,39.8786307,-83.0475375,,,
333550660,node,39.8785954,-83.0472927,,,
333550681,node,39.8786984,-83.0472896,,,
333550764,node,39.8786914,-83.0429595,,,
333550768,node,39.8783782,-83.0395602,,,
333550996,node,39.8784943,-83.0389428,,,
333551000,node,39.8788392,-83.0424617,,,
333551213,node,39.8786768,-83.0427058,,,
333551214,node,39.8788531,-83.0426924,,,
333551215,node,39.878987,-83.042686,,,
333551412,node,39.8783219,-83.0392144,,,
333551414,node,39.8785362,-83.0392071,,,
333551632,node,39.8765748,-83.0399429,,,
333551637,node,39.8765449,-83.039778,,,
333572640,node,39.9974924,-83.0279237,,both,
333650889,node,39.9395676,-83.0102613,,,
333650891,node,39.9395408,-83.0092841,,,
334127870,node,40.0645236,-82.9985873,,both,
334133414,node,40.0876311,-82.9857204,,,
334133439,node,40.0874856,-82.9857251,,,
334133670,node,40.0877564,-82.988892,,,
334133676,node,40.0876063,-82.9888961,,,
335826104,node,40.1194681,-83.0942304,,,
348610998,node,39.9212518,-83.123984,,,
348611030,node,39.91981,-83.1300661,,,
348622922,node,39.9247537,-83.1184167,,,
348623298,node,39.9247827,-83.1186084,,,
348651208,node,39.9526957,-83.1181214,,,
348656831,node,39.9528172,-83.1181301,,,
348667706,node,40.0026845,-83.1231233,,,
348717849,node,40.0837901,-83.132776,,,
349614157,node,39.8706612,-82.933904,,,
349614167,node,39.8742814,-82.9323268,,forward,
349615777,node,39.8743215,-82.9325086,,forward,
349616348,node,39.8707073,-82.9340974,,,
349643443,node,39.8822524,-83.0009206,,both,
349644204,node,39.8822278,-83.0007149,,both,
349649693,node,39.8627091,-83.0044424,,both,
349650696,node,39.8626997,-83.0042227,,both,
363569870,node,39.9538393,-83.0972554,,,
364006656,node,39.9854101,-83.150905,,,
364006657,node,39.9880096,-83.1513466,,,
364670261,node,39.9511896,-83.1536507,,,
364670267,node,39.9505871,-83.1675702,,,
364672903,node,39.9479651,-83.2283157,,,
364674443,node,39.9478835,-83.2283094,,,
364675447,node,39.9510939,-83.1536837,,,
370209623,node,39.9674247,-83.0034558,,both,
371719330,node,39.9819353,-83.1383058,,,
382747461,node,39.9984655,-82.8935278,,,
382747481,node,39.9986547,-82.8928952,,forward,
387867206,node,40.0909566,-83.1417894,,both,
387867208,node,40.0909368,-83.1416505,,both,
387868443,node,40.0964158,-83.1416959,,both,
387868504,node,40.0964103,-83.1418475,,both,
387868776,node,40.1013872,-83.1379802,,both,
387871417,node,40.1097961,-83.1109751,,both,
387871460,node,40.109652,-83.1110163,,both,
387871821,node,40.1092931,-83.1147105,,both,
387872194,node,40.1094252,-83.1147378,,both,
387872369,node,40.1110203,-83.120251,,both,
387872374,node,40.1111262,-83.1202625,,both,
392309188,node,39.8959681,-82.7632171,,,
427856646,node,39.9172569,-83.0133182,,,
427856648,node,39.9174434,-83.0132418,,,
427856653,node,39.9166603,-83.0163676,,,
427856654,node,39.9165508,-83.0162394,,,
427856655,node,39.9145902,-83.0190993,,,
427856656,node,39.9146965,-83.0192053,,,
427856657,node,39.9146221,-83.0193151,,,
427856658,node,39.9145215,-83.0192085,,,
428996232,node,40.1033075,-83.159867,,,
428996233,node,40.103323,-83.1597064,,,
428996247,node,40.0954386,-83.1587146,,,
428996248,node,40.0954415,-83.1585862,,,
428996264,node,40.0974565,-83.1586134,,,
428996265,node,40.0974164,-83.1588026,,,
428996266,node,40.0973707,-83.1586019,,,
428996270,node,40.1007642,-83.1591909,,,
428996271,node,40.100732,-83.1589914,,,
428996281,node,40.1008238,-83.1590094,,,
428996287,node,40.1049543,-83.1601346,,,
428996338,node,40.1049642,-83.1599884,,,
428997411,node,40.1127556,-83.1552879,,,
430591567,node,39.9556715,-82.7878778,,both,
430602303,node,39.9783063,-83.0003923,,both,
430975456,node,39.9741689,-83.0183187,,,
430978947,node,40.0187257,-83.0385945,,,
435747688,node,40.145136,-82.9624323,,,
441528615,node,39.8558995,-82.9003342,,,
441528616,node,39.8558024,-82.9000852,,,
441530630,node,39.871984,-82.8861072,,,
441530635,node,39.8718653,-82.8858964,,,
441531293,node,39.8904391,-82.8830215,,,
441531296,node,39.8790597,-82.8840144,,both,
441531297,node,39.8790463,-82.8837644,,both,
441531299,node,39.8833521,-82.88335,,both,
441531301,node,39.8870133,-82.8831533,,,
441531304,node,39.8833657,-82.8836111,,both,
441531305,node,39.8870244,-82.8832992,,,
441531306,node,39.8904208,-82.8828798,,,
441997655,node,39.9925372,-82.8136784,,both,
441997860,node,40.0828995,-82.8178937,,both,
441997861,node,40.0829172,-82.8177412,,both,
441997863,node,40.0876042,-82.8197417,,both,
446492205,node,39.9370741,-82.7900846,,,
450578477,node,40.054967,-82.8563951,,both,
450578690,node,39.989451,-83.0601272,,,
450578695,node,39.9893548,-83.0576647,,,
450588924,node,40.112379,-82.99601,,,
450663631,node,39.8901908,-82.8628968,,,
451000534,node,39.970937,-82.923249,,,
451000549,node,39.9568419,-82.9244732,,both,
451003267,node,40.0894762,-83.0386432,,,
453435000,node,40.0903581,-82.7936172,,,
457415104,node,40.1085309,-83.0908816,,forward,
457415112,node,40.109383,-83.0910202,,forward,
457415125,node,40.1092267,-83.0906475,,forward,
461083463,node,40.0840165,-83.1305144,,,
461083488,node,40.0799766,-83.1306087,,,
461083600,node,40.0799507,-83.1304713,,,
461083657,node,40.0840264,-83.1303835,,,
461084920,node,40.0838937,-83.132812,,,
470113578,node,39.8679763,-82.9350733,,,
470113584,node,39.8681467,-82.9352612,,,
470113676,node,39.852406,-82.9387022,,,
470113691,node,39.843932,-82.9360647,,both,
470113702,node,39.8373664,-82.9336061,,,
470113709,node,39.8300881,-82.934032,,both,
470113773,node,39.8373777,-82.9334102,,,
470113782,node,39.8439055,-82.9358359,,both,
470113794,node,39.8523952,-82.9385164,,,
471730180,node,39.9572614,-83.0542327,,,
474963817,node,39.9290959,-82.7855765,,,
487050121,node,40.0811256,-82.7219381,,both,
489235353,node,40.0580392,-82.9182204,,,
489235382,node,40.0574658,-82.9054338,,,
489235388,node,40.057304,-82.905476,,,
489235467,node,40.0575132,-82.9104615,,,
489235491,node,40.0578416,-82.9182282,,,
489239050,node,40.0570932,-82.9013632,,,
489239052,node,40.057264,-82.9013546,,,
489263270,node,40.0860312,-82.9566199,,,
489263272,node,40.086186,-82.956564,,,
489263292,node,40.0819401,-82.9371404,,,
489263294,node,40.0820785,-82.9370926,,,
489263301,node,40.0838552,-82.9454877,,,
489263303,node,40.0839903,-82.9454389,,,
489263332,node,40.0865969,-82.9602836,,,
489263333,node,40.0864394,-82.9602953,,,
489263355,node,40.0849268,-82.9510104,,,
489263357,node,40.0850751,-82.9509959,,,
489263386,node,40.08684,-82.9695984,,,
489263392,node,40.0869912,-82.9695888,,,
489263404,node,40.0866169,-82.9645927,,,
489263408,node,40.0867937,-82.9645851,,,
489263436,node,40.0873527,-82.9811012,,,
489263446,node,40.0871024,-82.975309,,,
489263513,node,40.0872444,-82.9752786,,,
489263521,node,40.0874966,-82.9809969,,,
489263523,node,40.0874996,-82.9811951,,,
489263614,node,40.0879563,-82.9976394,,,
489284816,node,40.0787055,-82.8518496,,both,
489284833,node,40.0828108,-82.85302,,,
489284845,node,40.0850029,-82.8542349,,,
489284853,node,40.084892,-82.8544074,,,
489284858,node,40.0827676,-82.853198,,,
489284864,node,40.0804528,-82.8522187,,both,
489284867,node,40.0786949,-82.8520256,,both,
489343243,node,40.0563609,-82.8862474,,,
489343245,node,40.0568286,-82.8948777,,,
489356872,node,39.8549491,-83.0543593,,,
490516556,node,39.973828,-83.0028874,,both,
529152739,node,40.0269586,-82.9334882,,,
530990321,node,39.9691476,-82.997649,,,
538234044,node,39.9539706,-82.9945695,,forward,
546589337,node,40.0117698,-83.0220202,,forward,
550113452,node,40.0015547,-83.1535695,,,
563633063,node,39.9446186,-83.2706223,,,
566564479,node,40.0312762,-83.1447093,,,
566573806,node,40.0239296,-83.0258875,,forward,
566575264,node,40.0241247,-82.9954589,,both,
569782333,node,39.9715846,-83.0097365,,,
570533808,node,39.9841299,-83.0224095,,,
570550146,node,40.1250247,-83.0366604,,,
570550150,node,40.1251496,-83.0366871,,,
573031602,node,40.063233,-83.0401546,,both,
577865087,node,40.0845128,-83.1432683,,,
577865093,node,40.0846275,-83.1432656,,,
577865189,node,40.0846297,-83.1433851,,,
577865255,node,40.086486,-83.1584781,,,
577865262,node,40.0864666,-83.1586141,,,
577865307,node,40.0863607,-83.1586088,,,
577865319,node,40.0863762,-83.1584789,,,
577865371,node,40.0845129,-83.1433871,,,
581016054,node,40.0290887,-83.0423858,,,
581016245,node,40.0292129,-83.0424087,,,
581016508,node,40.0324693,-83.0314382,,both,
667227309,node,40.0619138,-82.8631589,,,
734791655,node,39.8842689,-83.0000443,,,
734791656,node,39.8842293,-82.99987,,,
734791902,node,39.8875089,-82.9984578,,,
734791904,node,39.8889604,-82.997779,,,
814415630,node,40.054741,-82.9096171,,,
814446422,node,40.0513127,-82.920088,,,
814446424,node,40.0513039,-82.9199186,,,
927741568,node,39.9543239,-83.0870211,,both,
999069837,node,40.1076157,-83.1273388,,,
1006276149,node,39.9282121,-82.9253707,,,
1152303502,node,40.0298161,-83.1625261,,,
1152303628,node,40.0297451,-83.1625072,,,
1158358168,node,39.8736243,-83.0429372,,,
1158358183,node,39.8715752,-83.0444089,,,
1158358297,node,39.8715433,-83.04425,,,
1158358303,node,39.8735056,-83.0428351,,,
1158362386,node,39.8549454,-83.0542361,,,
1231590677,node,40.1162945,-83.0347363,,,
1231590696,node,40.1164894,-83.0349981,,,
1231590880,node,40.1166675,-83.0422487,,,
1272502006,node,40.060265,-83.1821792,,,
1272502031,node,40.0602526,-83.1823647,,,
1272502098,node,40.0606184,-83.176769,,,
1272502214,node,40.06011,-83.1823427,,,
1272502216,node,40.0601223,-83.1821591,,,
1272502224,node,40.060492,-83.1767466,,,
1367044516,node,40.0877423,-82.9927968,,,
1367044517,node,40.087886,-82.992716,,,
1367044518,node,40.0878922,-82.9928924,,,
1367044519,node,40.0900073,-82.9926176,,,
1367044520,node,40.0900131,-82.9927624,,,
1367044533,node,40.0960035,-82.9934734,,,
1367044534,node,40.0960069,-82.9936971,,,
1367044537,node,40.102055,-82.9931192,,,
1367044538,node,40.1020552,-82.9932976,,,
1367044539,node,40.1021686,-82.9930883,,,
1367044540,node,40.1021807,-82.9932874,,,
1367979785,node,40.1033477,-83.0457286,,,
1367979790,node,40.1035193,-83.0514726,,,
1367979809,node,40.1038364,-83.0639769,,,
1401748069,node,40.0026875,-83.1820996,,,
1401748070,node,40.0027748,-83.1821142,,,
1401748074,node,40.0027853,-83.1819917,,,
1401748082,node,40.0026971,-83.1819747,,,
1457423919,node,40.098861,-82.9253215,,,
1457423925,node,40.1021289,-82.9249463,,,
1457423928,node,40.0988218,-82.9251336,,,
1489377946,node,39.9686155,-82.9832644,,,
1560510222,node,39.8403494,-83.0904132,,,
1607316977,node,39.9570202,-83.0034835,,backward,
1681536507,node,39.8481958,-82.7812121,,both,
1692120949,node,39.958532,-83.0017362,,,
1692120981,node,39.9570061,-83.0036044,,,
1692121043,node,39.9618388,-83.0039524,,,
1709161517,node,40.0119782,-83.0218631,,forward,
1747241430,node,40.0024789,-83.0085321,,both,
1760466461,node,39.9685201,-82.9843207,,,
1783214124,node,39.9779482,-83.0300583,,,
1783214206,node,39.9886169,-83.0409401,,,
1783214209,node,39.9914452,-83.0406941,,both,
1795443046,node,40.114651,-82.9274354,,,
1802279188,node,40.1621215,-83.2306809,,,
1802279457,node,40.1601425,-83.2327083,,,
1802279576,node,40.1620527,-83.2305573,,,
1802279817,node,40.1600721,-83.2325871,,,
1802378023,node,40.0993538,-83.1154159,,,
1802378054,node,40.099552,-83.1137928,,both,
1802378062,node,40.0992749,-83.124654,,both,
1802378107,node,40.0992428,-83.117176,,both,
1802378114,node,40.0991951,-83.1210834,,both,
1802384347,node,40.0971032,-83.0915714,,both,
1802384350,node,40.0992336,-83.1007034,,both,
1802384373,node,40.0993558,-83.1006966,,both,
1802384382,node,40.0987224,-83.0947522,,,
1802384434,node,40.0985988,-83.0948185,,,
1802384449,node,40.0992236,-83.1005715,,both,
1802384475,node,40.0993495,-83.1005616,,both,
1802887255,node,39.8320677,-83.0002658,,both,
1802887256,node,39.8320698,-83.0004747,,both,
1808161392,node,40.0883232,-82.9266434,,,
1816649017,node,39.878178,-83.0394319,,,
1826684184,node,39.7181253,-82.9532564,,both,
1830090142,node,40.0774772,-83.1228903,,,
1830090160,node,40.0751399,-83.1401951,,,
1830090169,node,40.077378,-83.1228557,,,
1830090180,node,40.0759416,-83.1342906,,,
1830090198,node,40.0774066,-83.1226857,,,
1830090203,node,40.076732,-83.1283313,,,
1830090207,node,40.0762456,-83.1307627,,,
1830090219,node,40.0765906,-83.1282869,,,
1830090229,node,40.0762701,-83.1305859,,,
1830090240,node,40.0764219,-83.1306238,,,
1830090245,node,40.0774898,-83.1227117,,,
1830090254,node,40.0754288,-83.1369675,,,
1830090255,node,40.0757874,-83.1342472,,,
1830090259,node,40.0755797,-83.136979,,,
1830090264,node,40.0750023,-83.1400888,,,
1830090289,node,40.0764024,-83.1307995,,,
1831691899,node,40.0816394,-83.122195,,,
1831691902,node,40.0954727,-83.1249597,,both,
1831691913,node,40.0954945,-83.1251141,,both,
1831691918,node,40.0856608,-83.1227739,,,
1831691930,node,40.0816576,-83.1223496,,,
1831691971,node,40.0887917,-83.1233861,,,
1831691976,node,40.0888247,-83.1232352,,,
1831691982,node,40.0937128,-83.1248123,,both,
1831691990,node,40.0855546,-83.1227566,,,
1831691997,node,40.0990713,-83.12456,,both,
1831692004,node,40.0856731,-83.1226166,,,
1831692018,node,40.0937037,-83.1249688,,both,
1831692027,node,40.085574,-83.1226005,,,
1831692031,node,40.0990665,-83.124748,,both,
1831736548,node,40.0852851,-83.0921602,,both,
1831736550,node,40.0945349,-83.0916904,,both,
1831736560,node,40.0679777,-83.0929724,,both,
1831736564,node,40.0852785,-83.0920196,,both,
1831736565,node,40.0679818,-83.0931438,,both,
1831736578,node,40.0884822,-83.0919975,,both,
1831736581,node,40.0636241,-83.0933625,,both,
1831736589,node,40.0736009,-83.0926324,,both,
1831736590,node,40.0736062,-83.0927731,,both,
1831736591,node,40.0911073,-83.0918745,,both,
1832160201,node,39.9870036,-82.7754068,,,
1832216523,node,39.9565982,-82.7301861,,both,
1832249990,node,39.9613741,-82.7071496,,,
1832250041,node,39.9569977,-82.7035552,,,
1832250130,node,39.9569107,-82.7098235,,both,
1835450713,node,39.9021256,-83.0771706,,,
1835450752,node,39.9054388,-83.0747813,,,
1835509439,node,39.976707,-82.9804573,,,
1837778410,node,39.8905356,-82.9679264,,,
1847677282,node,39.9730145,-82.7060578,,,
1866317894,node,39.8411065,-83.0995293,,,
1926169821,node,40.1083914,-83.0222213,,both,
1933964683,node,40.048086,-82.901512,,,
1947757349,node,39.95336,-83.1059415,,,
1970768787,node,39.8462619,-82.7815696,,,
1986354930,node,40.0850051,-82.7529445,,both,
1989778132,node,40.0814205,-82.8961184,,forward,
1989778164,node,40.0866496,-82.8089668,,both,
2014172075,node,39.9100827,-82.7812725,,,
2037059950,node,40.1880906,-83.0254349,,,
2040899657,node,39.9806255,-82.8328197,,,
2040899673,node,39.9812933,-82.8268736,,,
2058780785,node,39.9945137,-82.9413717,,,
2059125700,node,39.9933697,-82.9418268,,,
2073881007,node,40.0479267,-82.8643044,,,
2073881024,node,40.0480317,-82.8642968,,,
2073881431,node,40.0530184,-82.8639286,,,
2073894299,node,40.0382296,-82.8650373,,,
2073894302,node,40.0438458,-82.8646115,,,
2073894303,node,40.0457041,-82.8644696,,,
2334063911,node,40.0751636,-83.1400264,,,
2398937041,node,40.0266307,-83.0145507,,both,
2398937046,node,40.0316005,-83.0160498,,,
2420150785,node,39.9235743,-82.7847707,,,
2420180529,node,39.9191083,-82.7817483,,,
2420195034,node,39.9075547,-82.7349157,,,
2420259328,node,39.9788514,-82.8737048,,,
2420259423,node,39.9823375,-82.8176418,,both,
2421000570,node,40.0951125,-82.8242477,,both,
2424177295,node,40.1372954,-83.0894228,,,
2424598897,node,39.957019,-82.7098221,,both,
2424598908,node,39.9567059,-82.7301982,,both,
2424598912,node,39.957103,-82.7035594,,,
2424701999,node,39.8514518,-83.0538079,,,
2424702000,node,39.8514594,-83.0536917,,,
2424710173,node,39.8391444,-83.0758843,,,
2432901013,node,40.0147079,-82.9949633,,forward,
2432901015,node,40.0150205,-82.9950298,,forward,
2482956629,node,39.9053797,-83.0746298,,,
2482956630,node,39.9054494,-83.0745852,,,
2482956631,node,39.9055077,-83.0747356,,,
2496480463,node,40.0163709,-83.0233123,,,
2505045611,node,40.0020816,-83.1165285,,,
2505045619,node,40.0023541,-83.116177,,,
2505045621,node,40.0021426,-83.1158275,,,
2505057126,node,40.0025351,-83.1205147,,,
2505057168,node,40.0027542,-83.119681,,,
2505057185,node,40.0027085,-83.1204833,,,
2506312669,node,39.9933596,-83.0173392,,both,
2515846138,node,40.0296914,-82.9105769,,,
2535967403,node,39.9938301,-83.042573,,both,
2535967571,node,40.0880948,-82.9976477,,,
2562298944,node,40.110736,-83.016548,,forward,
2562298950,node,40.1136854,-83.0163937,,forward,
2571099623,node,39.9370144,-82.7873696,,,
2585326502,node,40.1223855,-83.0160963,,both,
2585326513,node,40.1223835,-83.0157901,,both,
2585326555,node,40.1183794,-83.0160143,,both,
2585326556,node,40.1183901,-83.0162569,,both,
2585378715,node,40.1164357,-83.0346224,,,
2608181604,node,40.1075333,-83.1272153,,,
2656244460,node,40.0375167,-83.0326294,,forward,
2656244507,node,40.0307644,-83.030706,,forward,
2656244514,node,40.0324953,-83.0312764,,both,
2699062990,node,39.9385586,-82.7908265,,,
2699107109,node,39.8875532,-82.9986281,,,
2699189520,node,39.8548015,-82.8258112,,,
2699234265,node,39.9077152,-82.7770155,,,
2725532507,node,40.0821549,-82.8958824,,forward,
2786987301,node,39.9862035,-82.8949408,,,
2825089383,node,40.1135969,-83.0165615,,forward,
2874635549,node,39.9788241,-83.1506276,,,
3303119991,node,39.9792355,-83.1504705,,,
3370864953,node,40.1198955,-82.9037507,,,
3370864955,node,40.1200297,-82.9035589,,,
3370864957,node,40.1200808,-82.9037339,,,
3370864959,node,40.1199171,-82.9039265,,,
3371261063,node,40.1630367,-83.0888467,,,
3371261069,node,40.1698419,-83.0901429,,,
3371261086,node,40.1629803,-83.088688,,,
3371261089,node,40.169835,-83.0899656,,,
3371267150,node,40.1958799,-83.0964135,,,
3371267163,node,40.1800487,-83.096534,,,
3371267206,node,40.1882466,-83.0969077,,,
3371267211,node,40.1932139,-83.0963162,,,
3371267231,node,40.1932425,-83.0961447,,,
3371267238,node,40.195871,-83.0962261,,,
3371267272,node,40.180026,-83.0967086,,,
3371267348,node,40.1882015,-83.0967414,,,
3377238443,node,40.1188317,-82.885926,,,
3377238472,node,40.1092667,-82.8872916,,,
3377259603,node,40.1091853,-82.8872079,,,
3377277505,node,40.1022731,-82.8886282,,,
3377277507,node,40.1023611,-82.8884553,,,
3377277509,node,40.1022594,-82.8883453,,,
3377277511,node,40.1021549,-82.8884998,,,
3381502431,node,40.1586154,-83.0944075,,,
3580775472,node,40.1015393,-83.1380316,,both,
3585953293,node,39.9302825,-83.0508527,,,
3588458447,node,39.9975976,-83.02252,,backward,
3631188082,node,40.0070074,-83.0440207,,,
3641138692,node,40.1286827,-82.9480587,,,
3660754879,node,39.9586705,-83.0017621,,,
3661052021,node,40.0989559,-83.1309375,,,
3733757646,node,39.9933544,-83.0171943,,,
3733757650,node,39.9934611,-83.0173622,,,
3733792299,node,39.993177,-83.0173485,,,
3736715116,node,40.0645892,-83.0865586,,,
3736729329,node,40.0647728,-83.0867143,,,
3736729333,node,40.0647659,-83.0863858,,,
3736729334,node,40.0648779,-83.0865388,,,
3740821296,node,39.9921958,-83.0203374,,forward,
3743618699,node,39.9925507,-83.0178878,,,
3743618700,node,39.9925567,-83.0180791,,,
3748660189,node,39.9926757,-83.0179727,,,
3777088267,node,39.9842545,-83.0226092,,,
3777088286,node,39.9841398,-83.0228364,,,
3777088288,node,39.9840047,-83.0226155,,,
3778430773,node,39.9557313,-83.0030541,,,
3778439057,node,39.9611122,-83.0088235,,,
3778439063,node,39.9612468,-83.0087269,,,
3778439066,node,39.9612095,-83.0089973,,,
3778476599,node,39.9654335,-83.0124965,,,
3778476604,node,39.9657921,-83.004916,,,
3778476624,node,39.9646667,-83.0046963,,,
3778476763,node,39.9645289,-83.0048,,,
3778476764,node,39.9644198,-83.0046481,,,
3778476765,node,39.9645601,-83.0045245,,,
3778476768,node,39.9647239,-83.0030778,,,
3778476784,node,39.9633918,-83.0028052,,,
3778476805,node,39.9618834,-83.003592,,,
3778476808,node,39.9616938,-83.0035914,,,
3790691943,node,40.0041135,-83.0297409,,,
3790691945,node,40.0041257,-83.029948,,,
3799599537,node,39.9932547,-83.014386,,,
3799599540,node,39.9933379,-83.0142616,,,
3803880252,node,40.0611153,-82.9872958,,,
3823788295,node,39.9943642,-83.0143364,,,
3823788326,node,39.9955039,-83.0146893,,,
3823788329,node,39.9955562,-83.0145717,,,
3844062391,node,39.9956463,-83.0147174,,,
3844062512,node,39.9964329,-83.0148728,,,
3844062514,node,39.996504,-83.0150098,,,
3882605618,node,39.9571282,-83.0035404,,,
3882605656,node,39.9569278,-83.0034098,,,
3882605659,node,39.957039,-83.0033291,,,
3882605675,node,39.955862,-83.0029519,,,
3928820106,node,39.9352121,-82.8787192,,,
3928849005,node,39.937414,-82.8785026,,,
3939505161,node,40.0630978,-83.0401591,,both,
3939505174,node,40.0636632,-83.0569628,,both,
3939505179,node,40.0641245,-83.0707469,,both,
3939505368,node,40.0630212,-83.0375012,,both,
3939505389,node,40.0646697,-83.086723,,,
3939505459,node,40.0639683,-83.0665384,,both,
3939505460,node,40.0642587,-83.074959,,both,
3939505463,node,40.0646597,-83.0863934,,,
3939521559,node,40.0632263,-83.0436716,,both,
3948084143,node,39.9940819,-83.0070232,,,
3948186709,node,40.0040285,-83.0196793,,,
3948186717,node,40.0041605,-83.0195308,,,
3948186718,node,40.0041674,-83.0198679,,,
3948228123,node,39.9999413,-83.0080317,,,
3986442444,node,39.9792796,-82.7922396,,,
3990191141,node,40.0616776,-83.001054,,,
3990191142,node,40.0617897,-83.0010521,,,
4018766398,node,40.0901743,-82.8231566,,both,
4018766399,node,40.0926136,-82.8229688,,both,
4053716789,node,40.0616372,-82.9970675,,,
4081586518,node,39.9660352,-83.0198337,,,
4081586528,node,39.966125,-83.0222158,,forward,
4081586535,node,39.9660356,-83.0197657,,forward,
4081586552,node,39.9659632,-83.0220503,,backward,
4081586554,node,39.9661918,-83.0218188,,forward,
4081586558,node,39.9658944,-83.0201531,,forward,
4081586562,node,39.9657947,-83.01997,,forward,
4081586573,node,39.9659081,-83.0198188,,,
4083237292,node,39.9673304,-83.0285456,,forward,
4083237299,node,39.9672081,-83.0282439,,forward,
4083237320,node,39.9671084,-83.0287321,,forward,
4148033118,node,39.8785263,-83.0475334,,,
4148033150,node,39.8397118,-83.0811003,,,
4148033158,node,39.839662,-83.0848436,,,
4148033179,node,39.8410444,-83.0993007,,,
4148033180,node,39.8411376,-83.0992932,,,
4241424000,node,39.9680024,-82.9972684,,,
4251878637,node,40.1570943,-83.0321901,,,
4265273235,node,40.0945204,-83.0915497,,both,
4265273246,node,40.0884784,-83.0918556,,both,
4265273247,node,40.0911,-83.0917258,,both,
4265447988,node,40.0977681,-83.0841753,,,
4265448114,node,40.0936005,-83.0853509,,both,
4265448120,node,40.094904,-83.0876721,,both,
4322677413,node,40.1371047,-82.9472872,,,
4322684348,node,40.1035315,-82.913802,,,
4322684359,node,40.1044904,-82.9211398,,,
4322684372,node,40.110614,-82.942834,,both,
4332097489,node,40.0876121,-82.8198585,,both,
4332097751,node,40.128792,-82.9478893,,,
4346021827,node,40.0617068,-82.9988187,,,
4352974667,node,39.9553881,-82.8738147,,both,
4388037919,node,40.0333858,-83.1213072,,,
4388591065,node,40.0994988,-83.1071086,,both,
4388591092,node,40.0996056,-83.1070992,,both,
4388591239,node,40.1054812,-83.1110914,,both,
4388591241,node,40.1054983,-83.1109024,,both,
4392158025,node,39.9746545,-82.8882941,,,
4397549072,node,40.1022963,-83.1102761,,both,
4412487711,node,40.0969498,-83.0914073,,both,
4412487751,node,40.0969746,-83.0915783,,both,
4415545794,node,40.120994,-83.109714,,both,
4415910098,node,40.1165068,-82.9487456,,,
4415910150,node,40.1163551,-82.9487555,,,
4422835964,node,40.1195176,-83.094356,,,
4455866559,node,40.037386,-83.1205003,,,
4464306841,node,40.102287,-83.110426,,both,
4467120570,node,39.9358965,-82.830475,,,
4473750605,node,40.104545,-83.0912709,,,
4529234751,node,40.105206,-83.132981,,both,
4540509065,node,39.9888518,-82.869174,,,
4540522471,node,39.9863112,-82.894976,,,
4540522621,node,39.9869567,-82.8913488,,,
4540522622,node,39.9870554,-82.8913853,,,
4540522632,node,39.9873777,-82.88615,,,
4542016073,node,39.980002,-82.9130968,,,
4583538693,node,40.1105793,-83.016755,,forward,
4583538694,node,40.1099328,-83.0168052,,forward,
4584968078,node,40.140733,-82.991357,,,
4585070331,node,40.1488017,-82.9565321,,,
4585070332,node,40.148642,-82.9564842,,,
4585070334,node,40.1482278,-82.9699899,,,
4585070337,node,40.1482973,-82.9720272,,,
4585070358,node,40.1481379,-82.9676471,,,
4592120011,node,40.0867886,-83.0181958,,,
4593112572,node,40.140828,-82.991312,,,
4599996356,node,39.9942778,-83.0144462,,,
4614827385,node,39.8000851,-82.7084614,,,
4620736506,node,39.980733,-83.0007597,,,
4620736507,node,39.9807419,-83.0009764,,,
4620736508,node,39.9806629,-83.000843,,,
4620736509,node,39.9808418,-83.0008743,,,
4620736510,node,39.9825166,-83.0013454,,,
4620736511,node,39.9825991,-83.0012246,,,
4620736512,node,39.9825053,-83.0010577,,,
4620736513,node,39.9824423,-83.0011935,,,
4626018147,node,40.0410713,-83.0183951,,,
4626018148,node,40.0411673,-83.0182692,,,
4626018149,node,40.0412327,-83.0184373,,,
4626381307,node,40.1010883,-83.1286432,,,
4631389687,node,40.0856819,-83.0182622,,,
4633084429,node,40.1526708,-83.0743324,,,
4636295022,node,39.839298,-83.0778696,,,
4638904828,node,40.0007189,-83.0345666,,,
4682394036,node,40.037452,-83.1208196,,,
4682394037,node,40.0372997,-83.1209751,,,
4712688036,node,39.9011116,-83.0779704,,,
4724556518,node,39.9625097,-82.9981179,,,
4724556519,node,39.9623761,-82.9979554,,,
4724556521,node,39.9622461,-83.0005122,,,
4724556522,node,39.962078,-83.0006131,,,
4724556523,node,39.9602596,-83.0002629,,,
4724556524,node,39.960168,-83.0000967,,,
4734412448,node,40.0079844,-83.0096115,,both,
4739259193,node,40.0453088,-82.9194563,,,
4739758307,node,39.8258177,-83.1403486,,,
4794259245,node,40.1554871,-83.1093008,,,
4857980009,node,40.0070011,-83.05203,,backward,
4898411623,node,40.0141155,-83.0671894,,,
4902909782,node,40.0317263,-83.0270656,,,
4913402669,node,40.1946255,-83.0273714,,both,
4913754819,node,39.9691803,-83.0019936,,,
4913755528,node,39.9715245,-83.0024512,,,
4913755540,node,39.9721554,-83.0025686,,,
4913755543,node,39.9716811,-83.0024808,,,
4913755546,node,39.9715838,-83.0026213,,,
4913755571,node,39.9689965,-83.0037595,,,
4913755638,node,39.9633033,-83.0026606,,,
4917369221,node,39.9635013,-83.0008905,,,
4917369222,node,39.9623658,-83.0006681,,,
4917369232,node,39.9634229,-83.0025396,,,
4917369233,node,39.9635089,-83.0027009,,,
4917369234,node,39.9635995,-83.0010619,,,
4917369235,node,39.9646517,-83.0029151,,,
4919446712,node,40.003119,-83.0343687,,,
4919446713,node,40.0032625,-83.0341354,,,
4919446714,node,40.0034799,-83.0343548,,,
4946275209,node,40.0064695,-83.034203,,,
4946275215,node,40.0066236,-83.034022,,,
4946374289,node,40.0042033,-83.0212666,,,
4946374832,node,39.9986079,-83.0257429,,,
4946374833,node,39.9984046,-83.0256909,,,
4969192669,node,40.0805576,-83.0185423,,both,
4969265719,node,39.912792,-82.832683,,,
4979030177,node,39.8390707,-83.0735556,,,
4979694528,node,39.9969345,-83.0149719,,,
4982151364,node,39.9570883,-82.9340071,,both,
4982151378,node,39.9572397,-82.9400166,,both,
4998727574,node,40.0465587,-82.9979059,,,
5039489038,node,40.046188,-82.996814,,,
5039489039,node,40.046316,-82.9968228,,,
5039838299,node,40.0411634,-83.0184191,,both,
5039962966,node,40.1139797,-82.94893,,,
5054671837,node,39.9383808,-82.830246,,,
5085817076,node,40.0608135,-82.9827283,,,
5085817086,node,40.061552,-82.9945828,,,
5085817088,node,40.0614781,-82.9924892,,,
5085817096,node,40.0597433,-82.9576657,,,
5085817098,node,40.0599328,-82.9618128,,,
5085817102,node,40.0601583,-82.9675631,,,
5085817106,node,40.0602681,-82.9709594,,,
5085817111,node,40.0603708,-82.9741741,,,
5085817114,node,40.0604737,-82.9773819,,,
5085817125,node,40.0613345,-82.9925011,,,
5123209931,node,40.006225,-83.0144804,,,
5123209932,node,40.0060901,-83.0143312,,,
5123209951,node,40.0063497,-83.0142983,,,
5123209953,node,40.0062139,-83.0141788,,,
5125510976,node,40.0023488,-83.0085074,,,
5222201023,node,39.9667879,-82.9968973,,,
5233358448,node,39.8412755,-83.099519,,,
5233358473,node,39.8398507,-83.084564,,,
5233358585,node,39.8394046,-83.0811756,,,
5233358684,node,39.8401641,-83.0910044,,,
5233358694,node,39.8409667,-83.0995388,,,
5233358705,node,39.8401044,-83.0902123,,,
5233358715,node,39.8395899,-83.0813805,,,
5233358716,node,39.839557,-83.0809193,,,
5233358783,node,39.8782792,-83.0516719,,,
5233358791,node,39.8783488,-83.0393807,,,
5233358817,node,39.8785291,-83.0427249,,,
5233358931,node,39.8785698,-83.0394994,,,
5233358932,node,39.8782894,-83.0390138,,,
5233358933,node,39.8786735,-83.0391655,,,
5244106326,node,39.9422617,-83.102222,,,
5259233790,node,40.1117873,-82.9262894,,,
5259233930,node,40.1083489,-82.9249966,,,
5268403179,node,39.9989472,-82.8597252,,both,
5269262937,node,40.0448489,-82.9091481,,,
5269262938,node,40.0449551,-82.9091417,,,
5269263159,node,40.0448363,-82.9089479,,,
5269263160,node,40.0449416,-82.9089408,,,
5287060012,node,40.1101602,-83.0163862,,,
5287060013,node,40.1131156,-83.0161962,,,
5298394753,node,40.1514024,-83.0923063,,,
5306368830,node,40.0406349,-82.8632571,,,
5306368838,node,40.0419835,-82.8646034,,,
5307683884,node,40.09085,-83.0179585,,,
5308793805,node,40.134026,-82.9475048,,,
5308793806,node,40.1339352,-82.9475112,,,
5308793816,node,40.1341144,-82.9474986,,,
5310914192,node,40.0216723,-83.0572015,,,
5325069203,node,40.0942049,-82.9981088,,,
5325369827,node,40.0874583,-82.819879,,both,
5325369829,node,40.087447,-82.8197651,,both,
5325410101,node,40.0419911,-82.864753,,,
5357639218,node,39.9538749,-82.9963106,,,
5357639219,node,39.9537899,-82.9964218,,,
5357643421,node,39.9526895,-82.9960899,,,
5357643422,node,39.9527921,-82.99623,,,
5358373949,node,39.9521417,-82.9822185,,,
5362023481,node,39.9441054,-82.9944149,,,
5362023482,node,39.944196,-82.9942961,,,
5362023483,node,39.9441661,-82.9945628,,,
5362023484,node,39.9442563,-82.9944445,,,
5363977682,node,39.9491632,-82.9981117,,,
5363977683,node,39.9490649,-82.9982473,,,
5363977923,node,39.9510682,-82.9986654,,,
5369567557,node,40.0880064,-83.0181226,,,
5369729922,node,39.9543308,-83.0026558,,,
5369775116,node,40.0991701,-83.0174281,,both,
5373468698,node,39.9555119,-82.9930903,,,
5373468699,node,39.9554338,-82.9929065,,,
5373472944,node,39.955207,-82.9948092,,,
5373472946,node,39.9554097,-82.9948471,,,
5373472947,node,39.9552879,-82.9949818,,,
5373472972,node,39.9534919,-82.9988065,,,
5373472973,node,39.9533867,-82.998934,,,
5373472974,node,39.9535723,-82.9989695,,,
5373472975,node,39.9534566,-82.9991145,,,
5373472977,node,39.9547088,-82.9991894,,,
5373472978,node,39.9549088,-82.9992283,,,
5373472979,node,39.9547978,-82.9993796,,,
5373472980,node,39.9548317,-82.9990719,,,
5373473037,node,39.9550969,-82.9966842,,,
5373473038,node,39.9552142,-82.996567,,,
5373473039,node,39.9551265,-82.9964192,,,
5373473040,node,39.9550187,-82.9965292,,,
5379074791,node,39.9526538,-82.9933357,,,
5379074792,node,39.9525704,-82.9934291,,,
5395447962,node,39.9677253,-83.0017091,,,
5401473330,node,39.9394554,-82.9962303,,,
5401473331,node,39.9395276,-82.9963869,,,
5403604309,node,39.956748,-82.9950942,,,
5403604310,node,39.956644,-82.9952109,,,
5403604311,node,39.9565425,-82.9950556,,,
5403928897,node,39.956001,-82.9896609,,,
5403928898,node,39.955881,-82.9897957,,,
5409623662,node,39.9522018,-82.982667,,,
5416492235,node,39.952339,-82.9825185,,,
5416492238,node,39.9520088,-82.9824342,,,
5417923160,node,40.1008773,-83.0087811,,,
5430556940,node,40.0624597,-83.0194988,,both,
5445855503,node,39.9486599,-82.9827281,,,
5445855504,node,39.9486055,-82.9826231,,,
5445855505,node,39.9489184,-82.9825997,,,
5445855506,node,39.9488553,-82.9824897,,,
5458470440,node,39.9576393,-82.9983383,,,
5469202739,node,39.9440913,-82.9829698,,,
5469202740,node,39.9441715,-82.9828283,,,
5469202741,node,39.9441835,-82.9830838,,,
5469202742,node,39.9442692,-82.9829558,,,
5470555666,node,39.9391518,-82.9833478,,,
5470555667,node,39.9392204,-82.9832078,,,
5470555668,node,39.9392301,-82.9834475,,,
5470555669,node,39.9392931,-82.9833367,,,
5470555931,node,39.9414611,-82.983073,,,
5470555932,node,39.9414368,-82.9831722,,,
5470555933,node,39.941521,-82.9832947,,,
5470555934,node,39.941553,-82.9831618,,,
5470770568,node,39.9558471,-83.0012167,,,
5470770569,node,39.9559575,-83.0011039,,,
5470770570,node,39.9560493,-83.0012546,,,
5470770571,node,39.9559242,-83.0013941,,,
5470770582,node,39.9557585,-83.002809,,,
5470770583,node,39.9556367,-83.0029102,,,
5481657337,node,39.9585911,-83.0018861,,,
5481657339,node,39.9586241,-83.0016142,,,
5481657342,node,39.9587921,-83.0001278,,,
5481657343,node,39.9589039,-82.9999998,,,
5481657344,node,39.9587169,-82.9999644,,,
5481657345,node,39.9600427,-83.0002206,,,
5481657360,node,39.9604741,-82.9975852,,both,
5481657388,node,39.9599657,-83.0018789,,,
5481657390,node,39.9598575,-83.0019892,,,
5481657393,node,39.9600469,-83.002026,,,
5481657403,node,39.961874,-83.002377,,,
5481657404,node,39.9622121,-83.0007999,,,
5481657405,node,39.960134,-83.0003849,,,
5541603387,node,39.9688378,-83.0035336,,,
5541603388,node,39.9690032,-83.0021396,,,
5541603410,node,39.9687793,-83.0038736,,,
5541603411,node,39.9686459,-83.0036906,,,
5555459487,node,40.14972,-82.9220815,,,
5573708969,node,40.0634695,-83.1608821,,,
5599458872,node,40.0485798,-82.9200556,,,
5599458873,node,40.0487117,-82.9200405,,,
5599459429,node,40.0485986,-82.9202,,,
5599459436,node,40.0487285,-82.9201825,,,
5599471512,node,40.0511075,-82.9199283,,,
5599472221,node,40.0511151,-82.9200948,,,
5610458493,node,40.0518035,-82.9176007,,,
5610467643,node,40.0578447,-82.9141074,,,
5610467645,node,40.0578793,-82.9145841,,,
5610467656,node,40.057867,-82.9144153,,,
5610467657,node,40.057688,-82.9145968,,,
5610467658,node,40.0578567,-82.9142731,,,
5610467660,node,40.0576681,-82.9141241,,,
5610468690,node,40.0576816,-82.9144449,,,
5610468692,node,40.0576755,-82.9142991,,,
5610474703,node,40.048225,-82.9115676,,,
5610474705,node,40.0480132,-82.9154323,,,
5610474718,node,40.048034,-82.91159,,,
5610474736,node,40.0515315,-82.9118561,,,
5610476500,node,40.0483849,-82.9176155,,,
5610476822,node,40.0482417,-82.9176197,,,
5610493825,node,40.0481786,-82.9154208,,,
5610498581,node,40.0481215,-82.9115797,,,
5610505749,node,40.0542987,-82.9117761,,,
5610519777,node,40.0514943,-82.9199033,,,
5610524171,node,40.0515157,-82.9200772,,,
5618104148,node,39.9444576,-82.9901504,,,
5618104149,node,39.944566,-82.9902297,,,
5618104150,node,39.9445497,-82.9899336,,,
5618104151,node,39.9446546,-82.990009,,,
5619998745,node,39.951031,-82.9984754,,,
5619998746,node,39.9511066,-82.9983473,,,
5619998747,node,39.9511663,-82.9985041,,,
5619999027,node,39.9526457,-83.0005909,,,
5619999028,node,39.952718,-83.0004736,,,
5624659830,node,39.9488562,-82.9999979,,,
5624659831,node,39.9487957,-82.99984,,,
5624659832,node,39.9488914,-82.9997089,,,
5624659833,node,39.9489895,-82.9998777,,,
5626958672,node,39.9914361,-82.9139004,,backward,
5649384908,node,40.0874464,-82.7994557,,,
5651117963,node,39.956714,-82.7233642,,,
5651117964,node,39.9568128,-82.7233617,,,
5651630933,node,40.006372,-83.0316501,,forward,
5653039054,node,39.9887948,-83.0459562,,,
5663209232,node,40.0977885,-83.0840445,,,
5666248404,node,40.1083368,-82.9251386,,,
5666248409,node,40.1097305,-82.9256752,,,
5666248417,node,40.1117584,-82.926427,,,
5666248427,node,40.1099683,-82.9304621,,,
5666248498,node,40.1056444,-82.9252419,,,
5666248499,node,40.1055629,-82.9249938,,,
5666576995,node,40.1497823,-82.9543079,,,
5677996458,node,39.9736574,-83.0028524,,,
5677996459,node,39.9738736,-83.002724,,,
5677996460,node,39.9739453,-83.0029114,,,
5677996461,node,39.9737902,-83.0030411,,,
5692441837,node,39.8805873,-83.0667274,,,
5705827724,node,39.9754893,-83.0032122,,,
5705827725,node,39.9755528,-83.0033559,,,
5705827727,node,39.975639,-83.0032421,,,
5705827824,node,39.9734252,-83.0045306,,,
5705827825,node,39.9735943,-83.0043883,,,
5705827826,node,39.9737487,-83.004536,,,
5706145633,node,39.971567,-83.0046492,,,
5711249445,node,40.0571999,-82.9531966,,,
5711469131,node,40.0003379,-82.9756809,,,
5723219338,node,39.9773309,-83.0035792,,,
5723219339,node,39.977091,-83.003531,,,
5723219340,node,39.9771825,-83.0036925,,,
5748030950,node,39.9676359,-83.0015351,,,
5748030952,node,39.9675157,-83.0016684,,,
5748066284,node,39.9937395,-83.0424324,,,
5748066285,node,39.9937758,-83.0424434,,,
5748094236,node,39.957139,-82.9361069,,both,
5761361447,node,40.0516526,-82.912024,,,
5761361448,node,40.0517707,-82.9118572,,,
5771583168,node,39.9824791,-82.9987296,,,
5771583169,node,39.9824078,-82.998845,,,
5771583170,node,39.9823212,-82.9987013,,,
5771583171,node,39.9823992,-82.9986099,,,
5771583188,node,39.9782873,-83.0005515,,,
5771583189,node,39.9783731,-83.000404,,,
5771583191,node,39.9783169,-83.0002432,,,
5784206113,node,40.0294889,-83.0296885,,,
5784291852,node,39.9824761,-82.8176099,,,
5784870408,node,39.9547225,-83.0009942,,,
5784870412,node,39.9545986,-83.0011189,,,
5784871195,node,39.9544313,-83.0025725,,,
5784871196,node,39.9545154,-83.0027027,,,
5788001522,node,39.9546314,-83.0008443,,,
5788001523,node,39.9545119,-83.0009518,,,
5792311961,node,39.9563523,-82.9967849,,,
5792311962,node,39.9564714,-82.9966769,,,
5792311963,node,39.9565534,-82.9968234,,,
5792311964,node,39.9564416,-82.9969308,,,
5792312043,node,39.9561241,-82.9996292,,,
5792312044,node,39.9562479,-82.9994882,,,
5792312045,node,39.9561614,-82.9993115,,,
5792312046,node,39.9560404,-82.9994484,,,
5793716304,node,39.956886,-82.9930774,,,
5793716305,node,39.9567735,-82.9931639,,,
5793716306,node,39.9568609,-82.9932986,,,
5795523041,node,40.1000402,-82.9934,,,
5795523042,node,40.1000314,-82.9932297,,,
5795523655,node,40.0999396,-82.9932355,,,
5795523656,node,40.0999522,-82.9934052,,,
5795777525,node,40.1145559,-82.9275483,,,
5799177961,node,39.9577954,-82.9859235,,,
5799177962,node,39.9577134,-82.9858046,,,
5799177963,node,39.9576069,-82.9858868,,,
5799177964,node,39.9576861,-82.9860275,,,
5807005577,node,39.9571773,-83.0014726,,,
5814495575,node,39.9574639,-82.9998717,,,
5835286670,node,40.0101206,-83.010318,,,
5843692857,node,40.1145723,-82.9272316,,,
5843692860,node,40.1144717,-82.927367,,,
5843692862,node,40.0920227,-82.9256791,,,
5843692873,node,40.0920003,-82.9253761,,,
5843692878,node,40.0880639,-82.9267313,,,
5909004018,node,40.0165211,-83.0230271,,,
5909004019,node,40.0165277,-83.0229872,,,
5909004022,node,40.0161376,-83.0230528,,,
5909004023,node,40.0161722,-83.0228894,,,
5909004024,node,40.0163133,-83.0228031,,,
5909004025,node,40.0163892,-83.0227947,,,
5960912253,node,40.0542955,-82.9116364,,,
5960912254,node,40.0541446,-82.9117844,,,
5960912255,node,40.0543022,-82.9119266,,,
5960912261,node,40.0516871,-82.9175714,,,
5960912262,node,40.0516855,-82.9176563,,,
5960912263,node,40.0518045,-82.9177947,,,
5960912264,node,40.0519176,-82.9175944,,,
5960912265,node,40.0517979,-82.9174247,,,
5966038101,node,40.0195182,-82.8664753,,,
5966807197,node,40.0208963,-82.8663751,,both,
5967075488,node,39.925979,-82.7861903,,,
5970827147,node,40.0404356,-82.9611942,,,
5977205522,node,39.9756432,-82.8788247,,both,
5979597165,node,39.979065,-83.0039271,,,
5979597166,node,39.9790015,-83.0037549,,,
5979597168,node,39.9787632,-83.0040132,,,
5979597169,node,39.9787148,-83.0038543,,,
6016492443,node,40.1614354,-82.9932668,,,
6016492446,node,40.161317,-82.9933113,,,
6020100114,node,40.0883319,-82.9506963,,,
6020100115,node,40.0884748,-82.95081,,,
6020100116,node,40.0883428,-82.9509886,,,
6020100117,node,40.0882244,-82.9508292,,,
6020552811,node,40.0801518,-82.722585,,both,
6029196384,node,39.9740156,-82.8944677,,both,
6048727379,node,39.957894,-82.99708,,,
6048727380,node,39.9577698,-82.9971955,,,
6051313967,node,40.098283,-82.817524,,,
6147047159,node,40.1079289,-83.2670297,,,
6236991536,node,39.8490304,-82.9383895,,,
6236991537,node,39.8490561,-82.9381967,,,
6270668233,node,40.0184379,-83.0331286,,,
6270668234,node,40.0185055,-83.0346709,,,
6321101980,node,39.9719896,-82.913605,,,
6357132355,node,39.9613416,-83.0088702,,,
6541330491,node,39.9757979,-83.0226281,,,
6552412689,node,40.0560932,-82.9138686,,,
6553467399,node,40.0545417,-82.9094777,,,
6565945177,node,39.992251,-83.021831,,,
6565945179,node,39.9908542,-83.0221019,,,
6565967598,node,39.9907983,-83.0204918,,,
6567365642,node,40.1469552,-82.9238446,,,
6567365644,node,40.1457625,-82.9425379,,,
6567365645,node,40.1457566,-82.9427178,,,
6567365646,node,40.1455665,-82.9427126,,,
6635708889,node,39.9659861,-83.0049557,,,
6635708890,node,39.9658943,-83.0048021,,,
6635708891,node,39.9658642,-83.0050638,,,
6635708896,node,39.966067,-83.0033291,,,
6635708898,node,39.9661934,-83.003215,,,
6660198639,node,39.9568315,-82.7147881,,,
6752683994,node,40.0580018,-82.9143949,,,
6752683995,node,40.057994,-82.9142535,,,
6752687832,node,40.0531046,-82.9087283,,,
6752692165,node,40.0565888,-82.8905548,,,
6752692166,node,40.0565621,-82.8901037,,,
6752692169,node,40.0569301,-82.8975003,,,
6752692181,node,40.0564054,-82.890375,,,
6752692980,node,40.0484384,-82.9090744,,,
6752692981,node,40.0484342,-82.9088659,,,
6752692982,node,40.0532405,-82.908889,,,
6752692983,node,40.0532084,-82.9090813,,,
6752692984,node,40.0529415,-82.9088404,,,
6752693219,node,40.0575496,-82.9144155,,,
6752693220,node,40.0575468,-82.9143373,,,
6752693240,node,40.0563521,-82.8860399,,,
6752693250,node,40.0561645,-82.8862024,,,
6752693255,node,40.0563684,-82.8864748,,,
6752693260,node,40.0578547,-82.910438,,,
6752694047,node,40.0575246,-82.9107311,,,
6752694048,node,40.0577312,-82.9107151,,,
6752694049,node,40.0573824,-82.9104043,,,
6752694050,node,40.0573871,-82.9105468,,,
6752698614,node,40.0554877,-82.9186034,,,
6752698650,node,40.0554691,-82.9182412,,,
6752699516,node,40.0504266,-82.9088514,,,
6752699517,node,40.0504244,-82.9090427,,,
6752699518,node,40.0507779,-82.9088509,,,
6752699519,node,40.0507872,-82.9090439,,,
6752699520,node,40.0506353,-82.9091654,,,
6752705076,node,40.0552885,-82.9185005,,,
6752705077,node,40.0552815,-82.9183519,,,
6752705084,node,40.0556828,-82.9183139,,,
6752707485,node,40.0529303,-82.9090383,,,
6752707486,node,40.0530576,-82.909185,,,
6799171057,node,39.9806259,-82.9982257,,,
6799171058,node,39.9807172,-82.9983832,,,
6799175832,node,39.9806361,-82.9984838,,,
6799175833,node,39.9805368,-82.9983486,,,
6799496190,node,39.97414,-82.9982326,,,
6799496191,node,39.9742412,-82.9983678,,,
6801881052,node,39.9687813,-82.9974127,,,
6801881053,node,39.9688516,-82.9972954,,,
6801881054,node,39.9692509,-82.9973373,,,
6801881056,node,39.9693667,-82.9974567,,,
6801881063,node,39.968865,-82.9976087,,,
6801881071,node,39.9680445,-82.9990058,,,
6801881072,node,39.9679477,-82.9988121,,,
6801881073,node,39.9678203,-82.9989963,,,
6801881074,node,39.967909,-82.999152,,,
6801909746,node,39.9648429,-83.0011498,,,
6801909747,node,39.9650526,-83.0011904,,,
6801909748,node,39.9649562,-83.0010287,,,
6801909749,node,39.964923,-83.0013185,,,
6801909762,node,39.9661708,-83.0014074,,,
6801909763,node,39.9663004,-83.0012766,,,
6801909764,node,39.966395,-83.0014509,,,
6801909765,node,39.966266,-83.0015822,,,
6801916395,node,39.9659838,-83.0031731,,,
6801916396,node,39.9660968,-83.0030709,,,
6801916399,node,39.9648551,-83.0029537,,,
6801916400,node,39.9647538,-83.0028139,,,
6801916588,node,39.9688493,-83.001922,,,
6802780667,node,39.9636345,-83.0007628,,,
6802780668,node,39.9637313,-83.0009341,,,
6802783806,node,39.9681069,-82.997418,,,
6802783808,node,39.966911,-82.9970576,,,
6802783809,node,39.9667749,-82.9971613,,,
6802783810,node,39.9666647,-82.9970093,,,
6802783814,node,39.9655614,-82.9967918,,,
6802783815,node,39.965428,-82.9969017,,,
6802783816,node,39.9653568,-82.9967518,,,
6802783817,node,39.9654574,-82.9966464,,,
6802783822,node,39.9641353,-82.9963873,,,
6802783823,node,39.964217,-82.9965336,,,
6802783824,node,39.9641057,-82.996646,,,
6802783825,node,39.9640364,-82.9964995,,,
6802783828,node,39.9627168,-82.9963713,,,
6802783829,node,39.9627444,-82.9961321,,,
6802783830,node,39.9625892,-82.9962196,,,
6802783831,node,39.9628729,-82.9962781,,,
6802783834,node,39.9639369,-82.9981201,,,
6802783835,node,39.9640174,-82.9982681,,,
6802783836,node,39.9639056,-82.9983935,,,
6802783837,node,39.9638202,-82.99823,,,
6802783838,node,39.9625392,-82.997855,,,
6802783839,node,39.9626794,-82.99801,,,
6802783989,node,39.9652629,-82.998372,,,
6802783990,node,39.9651576,-82.9984875,,,
6802783991,node,39.9652336,-82.99863,,,
6802783992,node,39.9653499,-82.9985243,,,
6802783996,node,39.966602,-82.9986402,,,
6802783997,node,39.9666831,-82.9987814,,,
6802783998,node,39.9665725,-82.9988896,,,
6802783999,node,39.966489,-82.9987429,,,
6818676817,node,39.9724017,-83.0026144,,,
6818676819,node,39.9722747,-83.0027534,,,
6829740886,node,39.8551929,-82.8984304,,,
6830487172,node,39.9787691,-83.0452503,,,
6877969089,node,40.0029654,-82.8677843,,forward,
6881809682,node,39.9905949,-83.0204968,,,
6881809683,node,39.9905958,-83.0206145,,,
6884819165,node,39.9521854,-83.1292668,,,
6916463405,node,40.1572031,-82.9950764,,,
6916463409,node,40.157214,-82.9948962,,,
6916463412,node,40.1613518,-82.9934528,,,
6916463413,node,40.1614701,-82.9934083,,,
6916775487,node,40.1169304,-83.0563781,,,
6916775488,node,40.1170685,-83.0563651,,,
6916775489,node,40.1170129,-83.0546392,,,
6916775502,node,40.1168798,-83.054646,,,
6957504770,node,40.1451459,-82.8828508,,,
6975610473,node,39.9520116,-83.1355443,,,
6991264878,node,39.9737559,-83.0103486,,,
6991264879,node,39.9726499,-83.0094871,,,
6991280817,node,39.972469,-83.009665,,,
6991280818,node,39.9725337,-83.0096737,,,
6991280846,node,39.9725464,-83.0092838,,,
6991280848,node,39.972399,-83.0094466,,,
6991280850,node,39.9717066,-83.0094782,,,
6991280935,node,39.9714584,-83.0092611,,,
6991280937,node,39.9716079,-83.0076,,,
6991280951,node,39.9714683,-83.009748,,,
6991280954,node,39.9712957,-83.0094987,,,
6993576202,node,39.973664,-83.0162441,,,
6994002674,node,39.973971,-83.0104576,,,
6994002676,node,39.9738579,-83.0102481,,,
7018406364,node,39.977461,-83.0112882,,,
7018406375,node,39.9773793,-83.0111261,,,
7018449806,node,39.9902043,-83.0059696,,,
7020491241,node,39.987099,-83.0053597,,,
7020528400,node,39.9826435,-83.0044997,,,
7020528401,node,39.9808731,-83.0041481,,,
7103825189,node,39.9281337,-82.9253075,,,
7122393061,node,39.9807415,-83.004423,,,
7122393064,node,39.9806594,-83.0042414,,,
7122393067,node,39.9809536,-83.0043,,,
7122393083,node,39.9829839,-83.0047042,,,
7122393084,node,39.9829186,-83.0048376,,,
7122407385,node,39.982551,-83.0046167,,,
7158609195,node,39.9714895,-83.0047948,,,
7158609198,node,39.9714748,-83.0044847,,,
7158609199,node,39.9714149,-83.0046139,,,
7173967722,node,40.1165927,-83.0422451,,,
7174006942,node,40.1162451,-83.0343885,,,
7183119541,node,39.9155092,-82.8807078,,,
7183119548,node,39.9157434,-82.8848467,,,
7183119552,node,39.9158996,-82.8876389,,,
7195313137,node,40.063624,-83.093243,,both,
7215397728,node,39.9219323,-82.9324396,,,
7215468536,node,40.0804833,-82.8520279,,both,
7220731966,node,40.0193853,-82.981486,,,
7233530170,node,39.9775405,-83.0111577,,,
7233530171,node,39.9774499,-83.0110116,,,
7236163378,node,39.9218425,-82.9322286,,,
7236163380,node,39.9219748,-82.9323158,,,
7236172487,node,39.9183509,-82.9311154,,,
7236172489,node,39.9182119,-82.9309716,,,
7236208305,node,39.9280525,-82.9250442,,,
7236208306,node,39.9281927,-82.9247722,,,
7237220862,node,39.9803364,-83.011716,,,
7237263590,node,39.980489,-83.0117455,,,
7237263591,node,39.9804126,-83.0118501,,,
7237263592,node,39.9804007,-83.0115895,,,
7238110150,node,39.9191295,-82.9848172,,both,
7240860678,node,39.983711,-83.0124931,,,
7240860679,node,39.9837014,-83.0122333,,,
7240860681,node,39.9837849,-83.0123826,,,
7240860684,node,39.9836282,-83.0123526,,,
7244559586,node,39.9904429,-83.0136882,,both,
7244691485,node,39.9569454,-82.7147918,,,
7251784172,node,40.074723,-82.9978285,,,
7255152085,node,39.9714818,-83.0074039,,,
7255152086,node,39.9716016,-83.0072718,,,
7255152087,node,39.9717447,-83.0073859,,,
7262476387,node,39.9370321,-82.790299,,,
7262476392,node,39.934519,-82.7895515,,,
7292483235,node,39.9532888,-82.9823283,,both,
7292483238,node,39.952321,-82.9823696,,,
7312099098,node,39.9839007,-83.0169268,,,
7312099099,node,39.9839656,-83.0168307,,,
7312099100,node,39.9838922,-83.0167478,,,
7312099101,node,39.9838264,-83.0168392,,,
7314264443,node,40.1412679,-82.9767539,,backward,
7315102104,node,39.9877303,-83.0208052,,,
7315102105,node,39.9876618,-83.0206384,,,
7315102108,node,39.9876733,-83.0209667,,,
7315114214,node,39.9879558,-83.0256195,,,
7315114215,node,39.987842,-83.025759,,,
7315114217,node,39.9878224,-83.0253611,,,
7315114218,node,39.9877512,-83.0256213,,,
7326502312,node,40.0556914,-82.9184556,,,
7326502313,node,40.0554813,-82.918479,,,
7326502314,node,40.0554738,-82.9183337,,,
7326970262,node,40.0017397,-83.0552547,,,
7332124957,node,39.9872875,-83.0130709,,,
7332124958,node,39.9873856,-83.0132492,,,
7334279058,node,39.987375,-83.0129542,,,
7341051375,node,39.9873006,-83.010969,,,
7341060994,node,39.987206,-83.0108459,,,
7342933273,node,39.9852053,-83.0051466,,,
7342933274,node,39.9852573,-83.0053109,,,
7343039028,node,39.9870971,-83.0082885,,,
7343039031,node,39.9872084,-83.008417,,,
7352784817,node,40.1018041,-83.1142454,,,
7370380459,node,39.9912487,-83.0354039,,,
7370380563,node,39.9884479,-83.0354956,,,
7370380565,node,39.9911541,-83.0352881,,,
7440543404,node,39.9516676,-83.1394499,,,
7440543414,node,39.9525681,-83.1237009,,,
7440543431,node,39.9522966,-83.1292703,,,
7481746917,node,39.8903521,-82.7773841,,both,
7501726282,node,39.9274261,-82.8314939,,forward,
7516130923,node,39.8836458,-82.7778097,,both,
7516130924,node,39.8836523,-82.7779369,,both,
7516136764,node,39.8586047,-82.7803952,,both,
7516161762,node,39.852787,-82.7808931,,both,
7516161763,node,39.8527776,-82.7807651,,both,
7516161772,node,39.8482033,-82.7813423,,both,
7516161779,node,39.8461545,-82.7815795,,,
7516161814,node,39.8433179,-82.7814632,,,
7516161815,node,39.8433635,-82.7816327,,,
7516310612,node,39.8569482,-82.8281005,,,
7516310640,node,39.8595733,-82.827716,,,
7516310642,node,39.8595828,-82.8278424,,,
7516310656,node,39.8627933,-82.8274444,,,
7516310657,node,39.8629086,-82.8275622,,,
7516310683,node,39.8540374,-82.8282365,,,
7516317591,node,39.853983,-82.8284139,,,
7516317592,node,39.8539291,-82.8282472,,,
7516317603,node,39.8510033,-82.828679,,both,
7516317616,node,39.8509958,-82.8285501,,both,
7693619670,node,39.9557849,-82.9896197,,,
7693619693,node,39.955544,-82.9928085,,,
7725458873,node,40.0047326,-83.0804239,,forward,
7725458874,node,40.0047552,-83.0807583,,backward,
7725458875,node,40.0044472,-83.0804749,,forward,
7725458876,node,40.007907,-83.0703284,,backward,
7725458877,node,40.0080629,-83.0701743,,backward,
7725458878,node,40.0077688,-83.0701902,,forward,
7725458880,node,40.0078926,-83.0699991,,forward,
7725458881,node,40.0078967,-83.0664552,,backward,
7725458883,node,40.0076062,-83.0664766,,forward,
7725458884,node,40.0077387,-83.066629,,backward,
7725466985,node,40.0077241,-83.0662917,,forward,
7725466987,node,40.0073776,-83.0583282,,backward,
7725466988,node,40.0075062,-83.0581409,,forward,
7725466989,node,40.0073618,-83.0579708,,forward,
7725466990,node,40.0072453,-83.0581589,,forward,
7725466991,node,40.0071849,-83.0560954,,forward,
7725466992,node,40.007273,-83.0562038,,backward,
7725466993,node,40.0072719,-83.0557948,,forward,
7725466994,node,40.0074282,-83.0558908,,backward,
7725466995,node,40.0072488,-83.0520071,,backward,
7725466996,node,40.0071086,-83.0521286,,backward,
7725466997,node,40.0070885,-83.0518103,,forward,
7725466998,node,40.0069132,-83.0481305,,backward,
7725466999,node,40.0070609,-83.0479735,,backward,
7725467000,node,40.0069086,-83.0478018,,forward,
7725467001,node,40.0067652,-83.0479818,,forward,
7725467002,node,40.0070658,-83.0410037,,forward,
7725467003,node,40.0071602,-83.0405947,,forward,
7725467005,node,40.0069222,-83.0407787,,forward,
7725467006,node,40.0072517,-83.0407558,,backward,
7725467007,node,40.0066412,-83.0345779,,forward,
7725467008,node,40.0068813,-83.0343097,,backward,
7725467009,node,40.0066172,-83.0339699,,forward,
7725467010,node,40.0064118,-83.034195,,forward,
7725467011,node,40.0065825,-83.0314341,,forward,
7725467012,node,40.0064771,-83.0311761,,forward,
7725467013,node,40.0065913,-83.0315716,,forward,
7725467014,node,40.0061899,-83.0302057,,forward,
7725467015,node,40.0063189,-83.0303219,,forward,
7725467016,node,40.0064607,-83.0300803,,forward,
7725467017,node,40.0064033,-83.0279879,,forward,
7725467018,node,40.0062875,-83.0277929,,forward,
7725467019,node,40.0065413,-83.0275251,,forward,
7725467020,node,40.0066399,-83.0277562,,backward,
7725467021,node,40.0065545,-83.0236927,,forward,
7725467022,node,40.0063088,-83.0233586,,forward,
7725467023,node,40.0065642,-83.022974,,forward,
7725467024,node,40.0068214,-83.0233461,,forward,
7725467025,node,40.0064304,-83.0193536,,backward,
7725467026,node,40.0065957,-83.0191537,,backward,
7725467027,node,40.0062463,-83.0191763,,backward,
7725467028,node,40.0064148,-83.0189794,,forward,
7725467029,node,40.0063342,-83.0170469,,backward,
7725467030,node,40.0063173,-83.016654,,forward,
7725467031,node,40.0064477,-83.0168307,,backward,
7725467032,node,40.0061396,-83.0168426,,forward,
7725467033,node,40.0062261,-83.0145165,,backward,
7725467034,node,40.0062124,-83.0141422,,forward,
7725467035,node,40.0063749,-83.0142924,,backward,
7725467036,node,40.0060645,-83.0143353,,forward,
7725467037,node,40.006227,-83.0092682,,backward,
7725467038,node,40.0058932,-83.0092046,,forward,
7725467039,node,40.0060608,-83.0090284,,backward,
7725467040,node,40.005795,-83.0030485,,forward,
7725467041,node,40.0059073,-83.0028732,,backward,
7725467042,node,40.0057798,-83.0027253,,backward,
7725467043,node,40.0057006,-83.0009216,,forward,
7725467044,node,40.0057986,-83.0007618,,forward,
7725477358,node,40.0037467,-83.009011,,backward,
7725477359,node,40.0039274,-83.0088325,,backward,
7725477360,node,40.0036276,-83.0087749,,forward,
7725477361,node,40.0038453,-83.0111634,,backward,
7725477362,node,40.0038258,-83.010745,,forward,
7725477363,node,40.0036734,-83.0109051,,forward,
7725477364,node,40.0039182,-83.0127291,,forward,
7725477365,node,40.0039386,-83.013182,,backward,
7725477366,node,40.0040527,-83.0156239,,forward,
7725477367,node,40.00407,-83.0160249,,backward,
7725477368,node,40.0041022,-83.0171704,,forward,
7725477369,node,40.0042537,-83.0173364,,backward,
7725477370,node,40.0039554,-83.0175099,,forward,
7725477371,node,40.0041161,-83.0177033,,backward,
7725477372,node,40.0041591,-83.0194887,,forward,
7725477373,node,40.0040015,-83.0196794,,backward,
7725477374,node,40.004169,-83.0199013,,backward,
7725477375,node,40.0044994,-83.027779,,forward,
7725477376,node,40.0047248,-83.027933,,backward,
7725477377,node,40.004522,-83.0281251,,backward,
7725477378,node,40.0043457,-83.0279758,,backward,
7725477379,node,40.0040921,-83.0297401,,forward,
7725477380,node,40.0040953,-83.030015,,forward,
7725477381,node,40.0043164,-83.0294827,,forward,
7725477382,node,40.0035055,-83.0343524,,backward,
7725477383,node,40.0030843,-83.0343719,,forward,
7725477384,node,40.003292,-83.0346588,,backward,
7725510714,node,40.0613367,-83.1025934,,forward,
7725510715,node,40.0614222,-83.1028225,,backward,
7725510716,node,40.0611401,-83.1026723,,forward,
7725510717,node,40.0608404,-83.093569,,backward,
7725510718,node,40.060823,-83.0932795,,forward,
7725510719,node,40.0610122,-83.0934071,,backward,
7725510720,node,40.0586654,-83.0791824,,backward,
7725510721,node,40.0585797,-83.0787805,,forward,
7725510722,node,40.0584448,-83.0790121,,forward,
7725510723,node,40.0572893,-83.0755813,,backward,
7725510724,node,40.0574103,-83.0753401,,backward,
7725510725,node,40.0571472,-83.0751974,,forward,
7725510726,node,40.057087,-83.0754229,,forward,
7725510727,node,40.0559557,-83.072102,,backward,
7725510728,node,40.0558338,-83.0717907,,forward,
7725510729,node,40.0560651,-83.0718373,,backward,
7725510730,node,40.0557465,-83.0720361,,backward,
7725510731,node,40.0540737,-83.0671959,,backward,
7725510733,node,40.0542221,-83.0669302,,backward,
7725510734,node,40.0537591,-83.066943,,forward,
7725510735,node,40.0539749,-83.0666845,,forward,
7725510736,node,40.0514412,-83.0669198,,forward,
7725510737,node,40.0515714,-83.0670686,,backward,
7725510738,node,40.0516854,-83.066925,,backward,
7725510739,node,40.0470976,-83.0668474,,backward,
7725510740,node,40.0469354,-83.0669977,,backward,
7725510741,node,40.0468122,-83.0668465,,forward,
7725510742,node,40.0469391,-83.0666659,,forward,
7725510743,node,40.040762,-83.0667195,,backward,
7725510744,node,40.0406122,-83.0669279,,backward,
7725510745,node,40.0404488,-83.0667147,,forward,
7725510746,node,40.0405969,-83.0665203,,forward,
7725510748,node,40.0394418,-83.0665364,,forward,
7725510749,node,40.039576,-83.0667071,,backward,
7725510750,node,40.0394336,-83.0668065,,forward,
7725510751,node,40.0392772,-83.0667022,,forward,
7725510752,node,40.0332613,-83.0665776,,backward,
7725510753,node,40.0331274,-83.0664143,,forward,
7725510754,node,40.0330179,-83.0665688,,forward,
7725510755,node,40.0324317,-83.0663538,,backward,
7725510756,node,40.03259,-83.0665115,,backward,
7725510757,node,40.0322613,-83.0664214,,forward,
7725510758,node,40.0324304,-83.0666343,,backward,
7725510759,node,40.0292968,-83.0654776,,backward,
7725510760,node,40.0291587,-83.0657249,,backward,
7725510761,node,40.0291578,-83.0652515,,forward,
7725521201,node,40.0299875,-83.0922185,,backward,
7725521202,node,40.0302045,-83.0920371,,backward,
7725521203,node,40.0300637,-83.0917634,,forward,
7725521204,node,40.0298787,-83.091963,,forward,
7725521205,node,40.0299377,-83.0865614,,backward,
7725521206,node,40.0299203,-83.0861337,,forward,
7725521207,node,40.030087,-83.0863304,,backward,
7725521208,node,40.0298068,-83.0863464,,forward,
7725521209,node,40.0293841,-83.0723162,,backward,
7725521210,node,40.0295047,-83.0721523,,backward,
7725521211,node,40.0293735,-83.0719958,,forward,
7725521212,node,40.0292666,-83.0721746,,forward,
7725521213,node,40.0253187,-83.0576264,,backward,
7725521214,node,40.025384,-83.057301,,backward,
7725521215,node,40.025,-83.0576338,,forward,
7725521216,node,40.0249022,-83.0573641,,backward,
7725521217,node,40.0250377,-83.0571966,,backward,
7725521218,node,40.0235952,-83.0429567,,backward,
7725521219,node,40.0234344,-83.0431171,,forward,
7725521220,node,40.0233235,-83.042723,,forward,
7725521221,node,40.0235273,-83.0426165,,forward,
7725534636,node,40.0145658,-83.0576927,,forward,
7725534637,node,40.0144599,-83.0578642,,backward,
7725534638,node,40.0144437,-83.0575438,,forward,
7725534639,node,40.014336,-83.0577085,,backward,
7725534640,node,40.0118081,-83.0580347,,backward,
7725534641,node,40.0117927,-83.0577154,,forward,
7725534642,node,40.0119168,-83.0578758,,forward,
7725534643,node,40.0117053,-83.05789,,backward,
7725534644,node,40.0019074,-83.0556094,,backward,
7725534645,node,40.0017601,-83.0556876,,backward,
7725534646,node,40.0016122,-83.0553994,,forward,
7725534647,node,39.9999677,-83.05447,,backward,
7725534648,node,40.0001409,-83.0543749,,backward,
7725534649,node,39.999939,-83.0540141,,forward,
7725534650,node,39.9997834,-83.0541311,,forward,
7725534651,node,39.996406,-83.0483957,,forward,
7725534652,node,39.9962776,-83.0486198,,forward,
7725534653,node,39.9966774,-83.0485952,,backward,
7725534654,node,39.9998649,-83.0569761,,forward,
7725534655,node,39.9997486,-83.0572237,,backward,
7725534656,node,39.9997112,-83.0570361,,forward,
7725534657,node,40.0012102,-83.0582208,,forward,
7725534658,node,40.0013686,-83.0581852,,forward,
7725534659,node,40.0013779,-83.0583918,,backward,
7725534660,node,40.0012355,-83.0584079,,backward,
7725534661,node,39.9979041,-83.0612064,,backward,
7725534662,node,39.9980481,-83.0608876,,forward,
7725534663,node,39.9981128,-83.0611149,,backward,
7725534664,node,39.9988145,-83.0566527,,backward,
7725534665,node,39.9989908,-83.0566,,backward,
7725534666,node,39.9986869,-83.0563943,,forward,
7725534667,node,39.9988079,-83.0563144,,forward,
7729180446,node,39.9875605,-83.0179887,,,
7729180447,node,39.9876291,-83.0178933,,,
7729180448,node,39.9875517,-83.0177785,,,
7729185677,node,39.9906835,-83.0203912,,,
7729185678,node,39.9906959,-83.0207083,,,
7729185697,node,39.9905777,-83.0176055,,,
7729185699,node,39.9905032,-83.0177123,,,
7729185702,node,39.9905861,-83.017843,,,
7730694720,node,39.9904447,-83.0138138,,,
7730694721,node,39.9905236,-83.0137029,,,
7730694723,node,39.9904362,-83.0135549,,,
7730694725,node,39.9903462,-83.0136697,,,
7741697138,node,40.0530196,-83.0498889,,forward,
7741697139,node,40.0531243,-83.0493736,,forward,
7741697140,node,40.0528767,-83.0496576,,forward,
7741697141,node,40.0532531,-83.0496364,,backward,
7741697142,node,40.0531249,-83.0578094,,forward,
7741697143,node,40.0534658,-83.0577956,,backward,
7741697144,node,40.0532284,-83.057979,,forward,
7741697145,node,40.0533437,-83.0576067,,forward,
7741697146,node,40.0532423,-83.0622658,,forward,
7741697147,node,40.0534618,-83.0620561,,forward,
7741697148,node,40.0533465,-83.062432,,forward,
7741697149,node,40.0535713,-83.0622422,,backward,
7779181553,node,39.9871093,-83.0056735,,,
7779181555,node,39.9870174,-83.0055112,,,
7779181556,node,39.9853559,-83.0051779,,,
7780839572,node,39.9873045,-83.008274,,,
7780845541,node,39.9900806,-83.0061009,,,
7780845542,node,39.9901786,-83.0062488,,,
7780845545,node,39.9871995,-83.0055411,,,
7780851006,node,39.9873915,-83.0108307,,,
7780853017,node,39.9872001,-83.0081926,,,
7792343401,node,39.992384,-83.0206459,,forward,
7882747982,node,39.917221,-83.0113851,,,
7888069435,node,39.9458447,-83.0357616,,,
7888069445,node,39.945714,-83.0357807,,,
7888069455,node,39.9456584,-83.0359631,,,
7892191525,node,39.9302044,-82.8793485,,,
7900856571,node,40.051316,-82.9201729,,,
7918690614,node,40.1914353,-83.0137704,,both,
7927539711,node,39.987725,-83.0254726,,,
7932993953,node,39.9513771,-83.1465278,,,
7932993956,node,39.9514718,-83.1465023,,,
7933003753,node,39.9532138,-83.1103285,,,
7933003764,node,39.9532216,-83.1101298,,,
7933003767,node,39.9530516,-83.1103284,,,
7933003768,node,39.9530626,-83.1101207,,,
7933030597,node,39.9539576,-83.0946202,,,
7933356392,node,40.0633403,-83.1608739,,,
7936109007,node,40.0033525,-83.0340885,,forward,
7949560826,node,40.1091613,-82.8870714,,,
7949560827,node,40.1093491,-82.8871785,,,
7949560828,node,40.1092599,-82.8871945,,,
7949560829,node,40.1093521,-82.8870351,,,
7981214734,node,40.005963,-82.9123698,,,
7983956316,node,39.9447303,-83.2706316,,,
7983956317,node,39.9447933,-83.2707539,,,
7983956318,node,39.9447211,-83.270806,,,
7983956319,node,39.9447351,-83.2705254,,,
8000404443,node,40.0001713,-82.9130154,,,
8000404444,node,39.9998667,-82.9127885,,,
8000404445,node,39.9999972,-82.9126253,,,
8000404446,node,39.9993704,-82.9130835,,forward,
8000404447,node,39.9992476,-82.9132502,,forward,
8006972004,node,40.0372397,-83.0324267,,forward,
8006972005,node,40.0373891,-83.0327344,,forward,
8006972006,node,40.0374917,-83.0323648,,forward,
8007002614,node,40.0274767,-83.0277272,,forward,
8007002615,node,40.0275464,-83.0281103,,forward,
8007002616,node,40.0273898,-83.0280776,,forward,
8007002617,node,40.0273396,-83.0277925,,forward,
8007002618,node,40.0242094,-83.026114,,forward,
8007002619,node,40.0240934,-83.0258036,,backward,
8007002620,node,40.0212636,-83.0250578,,forward,
8007002621,node,40.0210462,-83.0248308,,forward,
8007002622,node,40.021122,-83.025086,,forward,
8007002623,node,40.0163759,-83.0233326,,backward,
8007002624,node,40.0161377,-83.0228746,,forward,
8007002625,node,40.01631,-83.0227485,,forward,
8007002626,node,40.0165155,-83.0232017,,forward,
8023603889,node,39.8681425,-82.9350046,,,
8023603896,node,39.8679569,-82.9353396,,,
8049082658,node,40.1086704,-83.0912755,,forward,
8061846543,node,40.079527,-82.8961844,,forward,
8097484319,node,40.1141829,-83.0163682,,forward,
8113492960,node,39.9153602,-82.8634543,,both,
8180642415,node,39.9946302,-83.0255445,,forward,
8180642416,node,39.9944933,-83.0257147,,backward,
8180685817,node,39.9942981,-83.0254752,,forward,
8180685818,node,39.9975861,-83.0265218,,backward,
8180685819,node,39.997437,-83.0268451,,backward,
8180685820,node,39.9973989,-83.0263532,,forward,
8241877417,node,40.194759,-83.0274053,,both,
8241877454,node,40.1915844,-83.0138602,,both,
8248287050,node,39.990848,-83.021963,,,
8248287055,node,39.9920643,-83.0219811,,forward,
8248287065,node,39.9941799,-83.0219963,,forward,
8248287069,node,39.9924936,-83.0221016,,forward,
8248287074,node,39.99587,-83.0215202,,forward,
8248287075,node,39.995618,-83.0217857,,forward,
8248287076,node,39.9960154,-83.021905,,forward,
8248287077,node,39.9939281,-83.0218559,,forward,
8248287078,node,39.9922794,-83.0223105,,forward,
8248287081,node,39.9923539,-83.0218189,,,
8248287084,node,39.992211,-83.0208365,,forward,
8248287085,node,39.9920503,-83.0204832,,forward,
8248287088,node,39.9907541,-83.022267,,,
8248287089,node,39.9907558,-83.0223221,,backward,
8248287090,node,39.990737,-83.0217745,,forward,
8248287092,node,39.9909251,-83.0221018,,forward,
8248287093,node,39.997803,-83.0222977,,forward,
8248287094,node,39.9974285,-83.0218348,,backward,
8248287095,node,39.9972716,-83.0220497,,forward,
8258740927,node,40.0296475,-83.0339264,,forward,
8258740928,node,40.0293504,-83.0342707,,forward,
8258740929,node,40.0292732,-83.0339794,,forward,
8258740930,node,40.0295045,-83.0336763,,forward,
8258740931,node,40.0307883,-83.0303306,,forward,
8258740932,node,40.0304088,-83.0307504,,forward,
8258740933,node,40.0304555,-83.0302697,,forward,
8268437150,node,40.0148635,-82.9952404,,forward,
8268437163,node,40.0149164,-82.9947038,,forward,
8268437167,node,40.0148584,-82.993335,,forward,
8268437168,node,40.014801,-82.9937452,,forward,
8268437169,node,40.0146928,-82.993451,,forward,
8268437198,node,40.0149679,-82.9935931,,,
8268437201,node,40.0148605,-82.993378,,,
8268437202,node,40.0147815,-82.9933804,,,
8293857614,node,40.0524988,-83.0424616,,forward,
8293857615,node,40.0525568,-83.0420374,,forward,
8293857616,node,40.0527223,-83.0422037,,forward,
8301205846,node,40.0523908,-83.0422949,,backward,
8301205847,node,40.0520658,-83.0379524,,forward,
8301205848,node,40.0521024,-83.0375978,,forward,
8301205849,node,40.0519695,-83.03779,,forward,
8301205850,node,40.0521198,-83.0337503,,backward,
8301205851,node,40.0519668,-83.0340609,,backward,
8301205852,node,40.0519483,-83.0335346,,forward,
8301205853,node,40.051764,-83.0336573,,forward,
8301205854,node,40.0551264,-83.0336583,,forward,
8301205855,node,40.0550626,-83.0340079,,forward,
8301205856,node,40.0549901,-83.0338146,,forward,
8301205857,node,40.0552691,-83.0338508,,backward,
8309944753,node,39.954899,-82.8231635,,both,
8415840408,node,39.9672225,-83.0270498,,forward,
8415840410,node,39.9667519,-83.0233702,,forward,
8415840411,node,39.9666346,-83.0236632,,forward,
8415840412,node,39.9668079,-83.0237457,,forward,
8426372058,node,40.0102084,-83.010212,,,
8426372067,node,40.0099624,-83.0101446,,,
8426372070,node,40.0100269,-83.0100254,,,
8458255615,node,39.9905669,-83.020501,,,
8458255616,node,39.9906816,-83.0203428,,forward,
8458297317,node,39.9906976,-83.0207535,,backward,
8458297318,node,39.9908439,-83.0205991,,forward,
8495054573,node,39.9352177,-82.9958968,,,
8519320046,node,39.9354352,-82.9836425,,,
8519320047,node,39.9355729,-82.9836315,,,
8519320048,node,39.9354879,-82.9835429,,,
8519320049,node,39.9354967,-82.9837593,,,
8529663857,node,39.9886225,-83.0410575,,,
8529663860,node,39.9886944,-83.0407661,,,
8529663861,node,39.9887127,-83.0409333,,,
8529663864,node,39.9884978,-83.0407827,,,
8529663865,node,39.9884974,-83.0409501,,,
8529663868,node,39.988603,-83.0406643,,,
8561236238,node,40.0409964,-83.0811546,,,
8569674832,node,39.9338849,-82.9837538,,,
8569674833,node,39.9338185,-82.98391,,,
8569674834,node,39.933806,-82.9836447,,,
8569674835,node,39.9337431,-82.983764,,,
8642100932,node,39.9324631,-82.9957579,,,
8645540153,node,39.9323919,-82.9958943,,,
8645540155,node,39.932522,-82.9959006,,,
8645540171,node,39.9329664,-82.9839237,,,
8670058003,node,40.0155291,-82.9662405,,,
8691848146,node,39.9311608,-82.9838372,,,
8691848153,node,39.9310869,-82.9839572,,,
8691848155,node,39.931247,-82.9839441,,,
8702758155,node,40.0063103,-82.867656,,forward,
8702758156,node,40.0061656,-82.8673448,,forward,
8702758157,node,40.0059835,-82.8675219,,forward,
8702758158,node,40.0030876,-82.8681066,,forward,
8702758159,node,40.0032173,-82.8679352,,forward,
8703236789,node,40.0326949,-83.1314178,,forward,
8703236790,node,40.0322356,-83.1312668,,forward,
8703236791,node,40.0325528,-83.1310359,,forward,
8703236792,node,40.0324418,-83.1315554,,backward,
8713661611,node,39.9311256,-82.8310147,,forward,
8713661612,node,39.9309093,-82.8308577,,forward,
8713661613,node,39.9338014,-82.8305745,,forward,
8713661614,node,39.9340033,-82.8304186,,forward,
8713661615,node,39.9340751,-82.8307233,,forward,
8713661616,node,39.9274473,-82.8310459,,backward,
8713676917,node,39.9276235,-82.83135,,forward,
8713676918,node,39.9272808,-82.8312229,,forward,
8713676919,node,39.9245174,-82.8308164,,backward,
8713676920,node,39.9248583,-82.8309952,,forward,
8713676921,node,39.9245864,-82.8311032,,forward,
8713676922,node,39.9248168,-82.8307338,,forward,
8715265607,node,40.0119642,-83.0223194,,forward,
8715265608,node,40.0121149,-83.0221657,,forward,
8763015268,node,40.0584856,-83.0788327,,backward,
8850821076,node,39.9843478,-83.0293831,,,
8894108600,node,40.0482939,-82.9092382,,,
8894108601,node,40.0480988,-82.9092426,,,
8894108603,node,40.0480801,-82.9087157,,,
8894108604,node,40.0482772,-82.908704,,,
8894108608,node,40.0450705,-82.9091322,,,
8894118840,node,40.0479586,-82.9088802,,,
8894118841,node,40.0479638,-82.9090871,,,
8894118844,node,40.0482365,-82.9114121,,,
8894118845,node,40.0480416,-82.911454,,,
8894118911,node,40.0421778,-82.909409,,,
8894118921,node,40.0447661,-82.9091564,,,
8894118922,node,40.0449687,-82.9093941,,,
8894118923,node,40.0448642,-82.909405,,,
8926993793,node,39.9528801,-83.1154728,,,
8926993858,node,39.9489176,-83.1110608,,forward,
8929090613,node,39.946581,-83.1109372,,forward,
8929090614,node,39.9466264,-83.1114561,,backward,
8929090615,node,39.9463588,-83.1111469,,forward,
8929090616,node,39.9467799,-83.1112348,,forward,
8929114317,node,39.9491393,-83.1108642,,forward,
8929114318,node,39.9486901,-83.1107298,,forward,
8929114319,node,39.9498609,-83.1109745,,forward,
8929114320,node,39.9497254,-83.1105706,,forward,
8929114321,node,39.9498884,-83.1104033,,forward,
8929114322,node,39.9500852,-83.1107263,,forward,
8931638613,node,40.0632025,-83.0470619,,forward,
8931638614,node,40.0633477,-83.047317,,forward,
8931638615,node,40.0634438,-83.046989,,forward,
8941697827,node,39.9545555,-82.9822978,,both,
8989129472,node,39.9258287,-82.9844486,,,
8990879407,node,39.9223183,-82.9847373,,,
8990882181,node,39.9237924,-82.9846349,,,
8990882403,node,39.924279,-82.9953388,,,
9007359650,node,40.1092181,-83.0001924,,,
9023424576,node,40.1093074,-83.1762741,,,
9057409554,node,39.9918302,-83.048898,,,
9057409557,node,39.9917573,-83.0489917,,,
9064825383,node,40.0554579,-82.8658788,,,
9088586191,node,39.8543765,-82.8964524,,,
9088586192,node,39.8543996,-82.8963103,,,
9236146783,node,40.1418171,-82.9768785,,forward,
9236146784,node,40.1416358,-82.9765149,,forward,
9236146785,node,40.1414085,-82.9770469,,forward,
9236146786,node,40.1415678,-82.9806902,,forward,
9236146787,node,40.1411936,-82.9808897,,forward,
9236146788,node,40.1413758,-82.9802736,,forward,
9236146789,node,40.1410202,-82.9804762,,forward,
9236146790,node,40.1414682,-82.9852873,,forward,
9236146791,node,40.1412137,-82.984918,,forward,
9236146792,node,40.1415508,-82.9846179,,forward,
9236146793,node,40.1417763,-82.9849759,,forward,
9236146794,node,40.1432277,-82.988971,,backward,
9236146795,node,40.14279,-82.9894455,,forward,
9236146796,node,40.1431015,-82.9894798,,forward,
9236146797,node,40.1444262,-82.9907444,,forward,
9236146798,node,40.1446715,-82.9907471,,backward,
9236146799,node,40.1446697,-82.9912279,,forward,
9236146800,node,40.1466155,-82.9918683,,forward,
9236146801,node,40.1464343,-82.9925084,,backward,
9236146802,node,40.1463376,-82.9920189,,forward,
9236146803,node,40.1467265,-82.9924363,,forward,
9236146804,node,40.1508481,-82.9975119,,forward,
9236146805,node,40.1506439,-82.9977301,,forward,
9236146806,node,40.1506046,-82.9973535,,forward,
9236146807,node,40.1504093,-82.9976307,,forward,
9260496739,node,39.9913393,-83.1519126,,,
9260496756,node,39.9915739,-83.1517908,,,
9356166971,node,39.9510721,-82.9986336,,,
9356166987,node,39.9509972,-82.9984692,,,
9356166988,node,39.9511936,-82.9985095,,,
9387210826,node,40.0768732,-82.9760553,,forward,
9400904752,node,40.0577239,-82.9104466,,,
9400904755,node,40.0546699,-82.9097802,,,
9400904756,node,40.0548859,-82.9099225,,,
9400904757,node,40.0548547,-82.9094841,,,
9400904758,node,40.052912,-82.9088378,,,
9400904759,node,40.0532422,-82.9090871,,,
9400904760,node,40.0531085,-82.9086874,,backward,
9400904761,node,40.0530546,-82.9092216,,forward,
9400904762,node,40.0508258,-82.9090431,,,
9400904763,node,40.0506371,-82.9092113,,forward,
9400904764,node,40.0503761,-82.9088509,,,
9400904765,node,40.0484866,-82.9090724,,,
9400904766,node,40.0481001,-82.9093013,,,
9400904767,node,40.0482756,-82.9086528,,,
9400904768,node,40.0479286,-82.9088808,,,
9470281579,node,39.7187785,-82.990722,,,
9604898936,node,39.923543,-82.7848912,,,
9604898940,node,39.9190734,-82.781855,,,
9604898960,node,39.917551,-82.7808477,,,
9604898967,node,39.9147939,-82.7800308,,both,
9605096914,node,40.0849526,-82.9511395,,,
9605096916,node,40.0850999,-82.9511213,,,
9769196040,node,39.9369745,-82.7900303,,,
9769196041,node,39.9369156,-82.7902399,,,
9769941272,node,40.0024953,-83.1201865,,,
9769941275,node,40.0023147,-83.1158515,,,
9816051882,node,40.0061342,-83.0124307,,,
9843493266,node,39.915999,-82.8876272,,,
9872531620,node,40.0645718,-83.0865602,,forward,
9872531621,node,40.0649137,-83.0865367,,forward,
9872531622,node,40.0646704,-83.0867457,,,
9872531623,node,40.0647619,-83.0862843,,,
9872574066,node,40.0646582,-83.089725,,forward,
9872574067,node,40.0649885,-83.0897048,,forward,
9872574068,node,40.0648654,-83.0894733,,,
9872574069,node,40.0647706,-83.0899401,,,
9872574076,node,40.0647188,-83.0932023,,,
9872574077,node,40.0648859,-83.0935831,,,
9872574078,node,40.0649828,-83.0929834,,,
9872574079,node,40.0651435,-83.0933467,,,
9968416818,node,40.0997025,-83.091395,,forward,
9968416819,node,40.0995539,-83.091038,,forward,
9968416820,node,40.0992316,-83.0912391,,forward,
9968416821,node,40.0995223,-83.0916294,,backward,
9968825430,node,40.1021102,-83.0913092,,forward,
9968825431,node,40.1019207,-83.09091,,forward,
9968825432,node,40.1015461,-83.0911261,,forward,
9968825433,node,40.1018056,-83.0915107,,forward,
10180170312,node,39.9556247,-82.9929432,,,
10180170340,node,39.9553242,-82.994669,,,
10288579569,node,40.1071992,-83.0202879,,both,
10604357877,node,39.9729054,-83.0455343,,,
10604424456,node,39.9731175,-83.0457265,,,
10677089608,node,39.8510116,-82.8288211,,,
10677089610,node,39.8510993,-82.8285388,,,
10677089612,node,39.8511062,-82.8286678,,,
10722549715,node,39.9160293,-82.7715594,,,
10722549767,node,39.9152532,-82.7654915,,,
10724044229,node,39.8840251,-82.7530834,,,
10780677237,node,39.9102578,-82.7852777,,,
10780677243,node,39.9099083,-82.7784495,,,
10919364049,node,39.8584077,-82.8955958,,,
10920471343,node,39.8566706,-82.8957425,,,
10920572569,node,39.8545524,-82.8963425,,,
10920586784,node,39.8544765,-82.8965155,,,
10920586791,node,39.8551294,-82.8982593,,,
10940684327,node,40.1503429,-82.9750603,,forward,
10940684328,node,40.1502161,-82.9747412,,forward,
10940684329,node,40.1499917,-82.9749294,,forward,
10940684330,node,40.1501413,-82.9752065,,forward,
10940684357,node,40.1483406,-82.9753661,,backward,
10940684358,node,40.1483267,-82.9748349,,forward,
10940684359,node,40.1485606,-82.9751765,,forward,
10940684360,node,40.1481303,-82.9750461,,forward,
10940684367,node,40.1484092,-82.977628,,forward,
10940684368,node,40.1486284,-82.9779387,,forward,
10940684369,node,40.148242,-82.9777978,,forward,
10940684402,node,40.1485456,-82.9839574,,forward,
10940684403,node,40.1484977,-82.9844379,,backward,
10940684404,node,40.1487217,-82.984292,,forward,
10940684405,node,40.1483967,-82.9841143,,forward,
11004369197,node,39.9238733,-82.9844852,,,
11004369198,node,39.9237442,-82.9843397,,,
11004369199,node,39.9235945,-82.9845053,,,
11010215329,node,39.8624654,-82.9979569,,both,
11052198408,node,40.0812727,-82.7533829,,,
11052198409,node,40.0785341,-82.7535798,,,
11052198410,node,40.0766612,-82.7537111,,,
11139276399,node,40.1200191,-82.8926047,,,
11139319309,node,40.131301,-82.8852515,,,
11139319313,node,40.1312811,-82.8847766,,,
11139319316,node,40.1311256,-82.8850846,,,
11139319317,node,40.1314444,-82.884936,,,
11139366682,node,40.1189424,-82.8856498,,,
11139366683,node,40.1189467,-82.8857946,,,
11225234255,node,39.993802,-82.9857999,,,
11330690179,node,39.967166,-82.957517,,,
11330690183,node,39.966925,-82.959698,,,
11335627014,node,39.9317586,-83.1594098,,,
11345618948,node,39.9548164,-82.9992103,,both,
11345618953,node,39.9546169,-83.000973,,both,
11345618958,node,39.953474,-82.99895,,both,
11408819524,node,40.0829646,-82.8956649,,forward,
11408819525,node,40.0831355,-82.8959846,,backward,
11408819556,node,40.0813195,-82.895809,,backward,
11408819557,node,40.0819899,-82.8957483,,backward,
11408819665,node,40.0797163,-82.8959388,,backward,
11408819666,node,40.0795578,-82.8956917,,forward,
11408819667,node,40.0793325,-82.8959603,,forward,
11408819705,node,40.0793633,-82.8959584,,,
11408819706,node,40.0795267,-82.8961435,,,
11408819713,node,40.083134,-82.8959471,,,
11408819714,node,40.0856381,-82.895654,,forward,
11408819715,node,40.0854616,-82.8954447,,forward,
11408819822,node,40.0939074,-82.8921056,,forward,
11408819823,node,40.0941434,-82.8922332,,forward,
11408819824,node,40.0942506,-82.8919405,,backward,
11408819827,node,40.0941391,-82.8921522,,,
11408819829,node,40.0857538,-82.8953759,,backward,
11408819854,node,40.0857219,-82.895384,,,
11408819857,node,40.0856305,-82.8956048,,,
11408819861,node,40.0855691,-82.8952588,,,
11408819862,node,40.0854929,-82.8954379,,,
11443484721,node,40.0317148,-83.0158892,,,
11454183253,node,40.1092136,-83.0912163,,,
11454183256,node,40.1087023,-83.0912415,,,
11474744818,node,39.9730312,-83.0459502,,,
11474744819,node,39.972801,-83.045752,,,
11504279439,node,40.104436,-82.9212752,,,
11752965563,node,40.1023856,-82.9251057,,,
11811852796,node,39.9103666,-82.7853734,,,
11811852797,node,39.9102643,-82.7853799,,,
11811852802,node,39.9103641,-82.7852805,,,
11899709588,node,40.0619197,-82.8632882,,,
11899709595,node,40.0581681,-82.8635564,,both,
11903317774,node,39.9637096,-83.0009302,,forward,
11903317775,node,39.9635237,-83.0008947,,backward,
11903317776,node,39.9636323,-83.0007817,,backward,
11903317777,node,39.9636028,-83.0010346,,backward,
11903317778,node,39.9634205,-83.0025586,,forward,
11903317779,node,39.9633841,-83.0028756,,backward,
11903317780,node,39.9632873,-83.0026574,,forward,
11918975337,node,39.9765667,-82.8703987,,,
11942846570,node,40.0071259,-83.044012,,,
12034751848,node,40.0955469,-83.1587158,,,
12034751849,node,40.0955582,-83.158581,,,
12065418047,node,39.9701001,-83.0460246,,,
12065418050,node,39.9699916,-83.0460416,,,
12070522618,node,39.9990526,-82.9128591,,,
12070522631,node,39.9915875,-82.9137055,,forward,
12070522632,node,39.991394,-82.913442,,backward,
12070522633,node,39.9915832,-82.9137752,,forward,
12070522634,node,39.9911799,-82.9136589,,forward,
12070522635,node,39.9864356,-82.9142012,,forward,
12070522636,node,39.9863519,-82.914023,,forward,
12070522637,node,39.9861667,-82.9141253,,forward,
12070946037,node,39.9283573,-82.925286,,forward,
12070946038,node,39.9284203,-82.9251473,,forward,
12070946039,node,39.9284607,-82.9248516,,forward,
12070946040,node,39.928163,-82.9247503,,forward,
12070946041,node,39.9281017,-82.9248771,,forward,
12070946042,node,39.9281101,-82.925363,,forward,
12070946053,node,39.9526574,-82.9960533,,forward,
12082095777,node,40.037373,-83.1209016,,,
12085042195,node,40.1094542,-83.1762684,,,
12109662660,node,39.9913224,-83.0352765,,,
12109662661,node,39.9912411,-83.0351812,,,
12165685715,node,39.9292887,-82.7885339,,,
12169044421,node,39.9292895,-82.7883751,,,
12169044422,node,39.9293857,-82.7884202,,,
12179494886,node,39.9488503,-83.0000486,,,
12238582093,node,39.92813,-82.9249104,,,
12243105935,node,39.878347,-83.0389928,,,
12243121175,node,39.8401247,-83.0847656,,,
12286005618,node,39.9685573,-83.0054744,,both,
12305055916,node,40.0149442,-82.9926731,,,
12331992139,node,40.0122023,-82.9682926,,,
12332006197,node,40.0023854,-82.974379,,,
12352513380,node,39.884061,-82.75368,,,
12401443502,node,39.9156071,-82.8805313,,,
12401443503,node,39.9154989,-82.8805429,,,
12421918207,node,39.9384978,-82.8302348,,,
12453404168,node,40.1568961,-82.9769112,,,
12453404169,node,40.156727,-82.9770859,,,
12453404170,node,40.1567039,-82.9766184,,,
12565657958,node,40.0212037,-82.9647088,,,
12565657959,node,40.0209203,-82.9648666,,,
12565657960,node,40.0212698,-82.9648397,,,
12588071666,node,39.9915253,-83.0405294,,,
12588071670,node,39.9915427,-83.0406886,,,
12588071671,node,39.9913716,-83.0405319,,,
12588071672,node,39.9914369,-83.0404626,,,
12588071673,node,39.9913818,-83.0407002,,,
12588071674,node,39.9914492,-83.0408011,,,
12588120622,node,39.9887802,-83.044342,,,
12588120623,node,39.9888854,-83.0444434,,,
12588120624,node,39.9887928,-83.044577,,,
12588120625,node,39.9887062,-83.0444587,,,
12588793549,node,39.9883559,-83.0357194,,,
12588793551,node,39.9882593,-83.0356231,,,
12588793572,node,39.9883395,-83.0353993,,,
12590278695,node,39.993596,-83.0420636,,,
12590307714,node,39.9917501,-83.0488004,,,
12590307715,node,39.99168,-83.048907,,,
12596438415,node,39.9824546,-83.0350476,,,
12596438416,node,39.9824154,-83.0351211,,,
12596438417,node,39.9826151,-83.0350655,,,
12596438418,node,39.9827061,-83.0351296,,,
12596438419,node,39.9825248,-83.0352107,,,
12596438420,node,39.9826771,-83.0352162,,,
12599565074,node,39.9849112,-83.0400128,,,
12599565077,node,39.984783,-83.0398951,,,
12599565099,node,39.9849708,-83.0395883,,,
12599565100,node,39.9849828,-83.0398377,,,
12599569404,node,39.98495,-83.0392402,,,
12599569405,node,39.9848727,-83.0391245,,,
12599569406,node,39.9847678,-83.0393254,,,
12599569407,node,39.9847419,-83.0395279,,,
12599569625,node,39.976797,-83.0452134,,,
12599569628,node,39.976732,-83.0454257,,,
12599569632,node,39.9769004,-83.0454101,,,
12601553837,node,39.9851095,-83.0446345,,,
12601553838,node,39.9850528,-83.0447586,,,
12601553839,node,39.9851195,-83.0448724,,,
12601553840,node,39.9852073,-83.0447476,,,
12601743582,node,39.9780866,-83.0299808,,,
12601743583,node,39.9780191,-83.0301191,,,
12601743586,node,39.9780504,-83.0298318,,,
12601743587,node,39.9779126,-83.0301379,,,
12601743590,node,39.9779255,-83.0298617,,,
12601743591,node,39.9778728,-83.0300064,,,
12601743676,node,39.9799069,-83.0348043,,,
12601743681,node,39.9798787,-83.0345501,,,
12601884300,node,39.9890021,-83.0487168,,,
12601889601,node,39.9889388,-83.0487955,,,
12601937471,node,39.9907553,-83.025947,,,
12601937472,node,39.9908825,-83.0261704,,,
12601937473,node,39.9910307,-83.0259426,,,
12601937474,node,39.9908685,-83.02572,,,
12604145464,node,39.9894462,-83.0600041,,,
12604145467,node,39.9894565,-83.0602688,,,
12604302454,node,39.9882879,-83.0695909,,,
12604302456,node,39.9882894,-83.0697733,,,
12604302459,node,39.9881493,-83.0697986,,,
12604302501,node,39.981972,-83.0480408,,,
12604302503,node,39.9819048,-83.0479531,,,
12604302504,node,39.9820458,-83.0479418,,,
12604302519,node,39.9820255,-83.049292,,,
12604302520,node,39.9820188,-83.0491349,,,
12604302523,node,39.9819509,-83.0492156,,,
12604302539,node,39.982103,-83.0492035,,,
12605287999,node,39.9550798,-83.0739644,,,
12605288002,node,39.9549505,-83.0740902,,,
12605288005,node,39.9549631,-83.0738241,,,
12605288008,node,39.9548373,-83.0739391,,,
12615963418,node,39.9555221,-82.8768353,,both,
12617334209,node,39.974255,-83.0258179,,,
12618957667,node,39.9835192,-83.0447945,,,
12618957668,node,39.9836003,-83.0448702,,,
12618957670,node,39.9834611,-83.0448814,,,
12624136401,node,39.9888711,-83.04608,,,
12624136402,node,39.9889523,-83.0459226,,,
12624136404,node,39.98886,-83.0458473,,,
12624623543,node,40.1172124,-83.0626699,,,
12624623544,node,40.1173317,-83.0628681,,backward,
12624623545,node,40.1171329,-83.0630829,,,
12624623546,node,40.1170104,-83.0628832,,forward,
12634045699,node,39.9819532,-83.0450057,,,
12634045700,node,39.981834,-83.0448673,,,
12634045702,node,39.9817344,-83.0450198,,,
12634045704,node,39.9818464,-83.0451504,,,
12642005695,node,40.1190648,-83.1774732,,,
12648531296,node,39.9714268,-83.0410523,,,
12648531297,node,39.9715818,-83.0414908,,,
12685931059,node,39.9835752,-83.1504115,,,
12685931060,node,39.9834509,-83.1505907,,,
12685931061,node,39.98373,-83.1506153,,,
12685931062,node,39.9835795,-83.1507804,,,
12685931200,node,39.9812096,-83.1504089,,,
12685931201,node,39.9813815,-83.1506951,,,
12685931202,node,39.9813755,-83.1508491,,,
12685931203,node,39.9811972,-83.1510427,,,
12749099091,node,40.0411478,-83.0185925,,,
12784931642,node,39.8856742,-82.7509525,,,
12852608824,node,40.0312192,-83.0010486,,,
12852608831,node,40.0314262,-83.0010326,,,
12852608834,node,40.0313057,-83.0009187,,,
12852630185,node,40.0315819,-83.0156602,,,
12852630192,node,40.0314797,-83.0158289,,,
12852655650,node,40.0331374,-83.0162638,,,
12852655663,node,40.0333646,-83.016325,,,
12860719308,node,39.956325,-82.9857532,,,
12946910658,node,40.0164928,-83.0231936,,,
13175273179,node,40.1444685,-83.0925297,,,
13175273180,node,40.1442823,-83.0926461,,,
13175273181,node,40.1445644,-83.0927454,,,
13175273182,node,40.1443905,-83.0928816,,,
13175277179,node,39.9372003,-82.7901363,,,
13175277180,node,39.9371501,-82.7903419,,,
13248093021,node,39.9845386,-83.1758684,,both,
260006225,way,40.0041605,-83.0299453,,,
260006227,way,40.0040994,-83.0297854,,,
330126244,way,40.1198892,-82.9037766,,,
367491547,way,40.095393,-83.1250196,,,
369915036,way,40.0954497,-83.1248054,,,
374332049,way,39.984115,-83.0228487,,,
374332050,way,39.9839954,-83.0226556,,,
374332053,way,39.9842601,-83.0225977,,,
374453237,way,39.9612417,-83.008729,,,
374453239,way,39.9613396,-83.0088873,,,
374453240,way,39.9612081,-83.0089981,,,
374453242,way,39.9611126,-83.0088202,,,
374454959,way,39.9657903,-83.0098011,,,
374454963,way,39.9658801,-83.0099741,,,
374454964,way,39.9660031,-83.0097715,,,
374454965,way,39.9658739,-83.0095453,,,
374458048,way,39.9657909,-83.0049195,,,
374458055,way,39.9646659,-83.0047069,,,
374458060,way,39.9645253,-83.0048063,,,
374458061,way,39.9644244,-83.0046543,,,
374458062,way,39.9645565,-83.0045259,,,
374458064,way,39.9647333,-83.0030804,,,
374458070,way,39.9633913,-83.0028064,,,
401202047,way,39.9807408,-83.0008785,,,
401202052,way,39.9806471,-82.9983897,,,
401202056,way,39.9783215,-83.0003632,,,
413490109,way,39.8396623,-83.0848474,,,
425366437,way,39.9937563,-83.0424387,,,
427485375,way,40.0994732,-83.1144672,,,
474238421,way,40.0373877,-83.1208903,,,
479336103,way,39.9624971,-82.99812,,,
479336104,way,39.9625204,-82.9979834,,,
500279366,way,39.971524,-83.0024555,,,
500279368,way,39.9721545,-83.0025502,,,
500279369,way,39.9716807,-83.0024876,,,
500279370,way,39.9715873,-83.0026242,,,
500279375,way,39.9689997,-83.0037369,,,
500279394,way,39.9633034,-83.0026694,,,
500500245,way,39.973749,-83.004538,,,
500500246,way,39.9735876,-83.0043875,,,
500500247,way,39.9737922,-83.0030487,,,
500500248,way,39.9736593,-83.0028416,,,
500549420,way,39.9679768,-83.0096441,,,
500754420,way,39.9635017,-83.0008913,,,
500754423,way,39.9634226,-83.0025406,,,
500754424,way,39.963507,-83.0027091,,,
500754425,way,39.9635939,-83.0010608,,,
500754426,way,39.9647488,-83.0029416,,,
526912096,way,40.0062307,-83.0144802,,,
526912097,way,40.0060905,-83.0143361,,,
526912099,way,40.0063508,-83.0143186,,,
526912100,way,40.0062192,-83.0141783,,,
541141130,way,39.8398514,-83.0845639,,,
541141193,way,39.8401631,-83.0910028,,,
541141201,way,39.8412755,-83.0995181,,,
541141204,way,39.8410841,-83.0992988,,,
541141208,way,39.8409614,-83.0995714,,,
541141244,way,39.8401073,-83.0902001,,,
541141258,way,39.8397119,-83.081106,,,
541141286,way,39.8782762,-83.0517004,,,
541141289,way,39.8785272,-83.0475196,,,
545170900,way,40.0448978,-82.9089441,,,
547187140,way,40.1101625,-83.0163954,,,
547187141,way,40.1131257,-83.0162331,,,
547187142,way,40.1137964,-83.0161472,,,
555586406,way,40.095584,-83.1250336,,,
555586408,way,40.0955137,-83.1252356,,,
555589781,way,40.0938261,-83.1249302,,,
555589782,way,40.0936047,-83.1248833,,,
555859306,way,40.0412382,-83.0184468,,,
556651539,way,40.0880064,-83.0181254,,,
559401237,way,39.9676125,-83.0016739,,,
560958378,way,40.1506136,-82.9975317,,,
578285300,way,39.9688351,-83.0035329,,,
578285304,way,39.9687647,-83.0038691,,,
578285305,way,39.9686461,-83.0036883,,,
617656323,way,40.0166811,-83.0120572,,,
618236747,way,40.1145513,-82.9275467,,,
618236748,way,40.114555,-82.9272253,,,
618236749,way,40.114471,-82.9273562,,,
618236755,way,40.0920213,-82.9256794,,,
618236756,way,40.0921012,-82.9255506,,,
618236759,way,40.0919741,-82.925379,,,
618236760,way,40.088198,-82.9268735,,,
618236762,way,40.0883138,-82.9265698,Alum Creek Trail,,
618236764,way,40.0880641,-82.926733,,,
618236774,way,40.0883278,-82.926722,Alum Creek Trail,,
627587934,way,39.9739536,-83.0029064,,,
627587936,way,39.973879,-83.0027254,,,
640234994,way,39.9735998,-83.0047076,,,
699211425,way,39.9908537,-83.0220334,,,
699211429,way,39.9907996,-83.0205335,,,
706212359,way,39.9659864,-83.0049542,,,
706212360,way,39.9659007,-83.0048029,,,
706212361,way,39.9658783,-83.0050662,,,
706212364,way,39.9660875,-83.0031992,,,
706212365,way,39.966192,-83.0032281,,,
719269209,way,40.0484361,-82.9089597,,,
723274735,way,40.0234602,-83.0430985,,,
725052727,way,39.9805342,-82.9983326,,,
725090066,way,39.9741403,-82.9982382,,,
725090067,way,39.9742507,-82.9983669,,,
725338743,way,39.9649473,-83.0011749,,,
725338747,way,39.9662828,-83.0014293,,,
725338754,way,39.9688467,-82.9974088,,,
725338755,way,39.9693138,-82.9974543,,,
725338757,way,39.9691468,-82.9976489,,,
725338758,way,39.9688585,-82.9976085,,,
725338759,way,39.9679067,-82.9990167,,,
725338760,way,39.967953,-82.9988129,,,
725338761,way,39.968048,-82.9989953,,,
725338762,way,39.967723,-83.0017275,,,
725439172,way,39.9667832,-82.9970177,,,
725439173,way,39.9667653,-82.9971948,,,
725439174,way,39.9669092,-82.9970654,,,
725439175,way,39.9680933,-82.9972887,,,
725439177,way,39.9655601,-82.9968044,,,
725439178,way,39.9654507,-82.9967764,,,
725439179,way,39.9641266,-82.9965189,,,
725439180,way,39.9627308,-82.9962517,,,
725439198,way,39.9638191,-82.998239,,,
725439199,way,39.9639392,-82.9981205,,,
725439200,way,39.9640168,-82.9982744,,,
725439201,way,39.9639019,-82.998393,,,
725439205,way,39.9637312,-83.0009347,,,
725439206,way,39.9636278,-83.0007615,,,
725439221,way,39.9652541,-82.998502,,,
725439222,way,39.966587,-82.9987589,,,
725964389,way,39.979003,-83.0037552,,,
726153963,way,39.9782779,-83.0005548,,,
727623905,way,39.9724061,-83.0025842,,,
727623906,way,39.9722522,-83.002752,,,
731077849,way,40.1482959,-82.9387527,,,
732607741,way,40.1346289,-82.9228526,,,
732607742,way,40.1347751,-82.9227702,,,
743144787,way,40.1312925,-82.8852533,,,
743292882,way,40.1461788,-82.9388278,,,
747169719,way,39.9738819,-83.0105778,,,
747169720,way,39.9737561,-83.0103544,,,
747169721,way,39.9726498,-83.0094887,,,
747169725,way,39.9724931,-83.0096683,,,
747169727,way,39.9725515,-83.0092858,,,
747169728,way,39.9723968,-83.0094438,,,
747169729,way,39.9717084,-83.0094849,,,
747169739,way,39.9714674,-83.0092541,,,
747169742,way,39.9715297,-83.0097419,,,
747169743,way,39.9712957,-83.0094935,,,
747412241,way,39.9736552,-83.0162332,,,
747461771,way,39.9739711,-83.0104762,,,
747461772,way,39.9738598,-83.0102494,,,
750626885,way,39.9774625,-83.0112886,,,
750626887,way,39.9773794,-83.0111298,,,
750626916,way,39.9902086,-83.0059707,,,
750632286,way,40.0316096,-83.0160695,,,
750913577,way,39.9871062,-83.0053617,,,
750913588,way,39.9826281,-83.0046118,,,
750913589,way,39.9808757,-83.0041485,,,
753326613,way,40.1176753,-83.0805786,,,
762263196,way,39.9755481,-83.0033549,,,
762263197,way,39.9754897,-83.0032095,,,
762263198,way,39.9756386,-83.0032452,,,
762263200,way,39.9770915,-83.0035271,,,
762263201,way,39.9773309,-83.0035792,,,
762263202,way,39.9771887,-83.0036927,,,
762263207,way,39.9790634,-83.0039393,,,
762263209,way,39.9787663,-83.0038799,,,
762263215,way,39.9807467,-83.0044241,,,
762263216,way,39.9806588,-83.0042466,,,
762263217,way,39.9809535,-83.0043002,,,
762263312,way,39.982986,-83.0047159,,,
764011290,way,39.9808413,-83.0008975,,,
764011293,way,39.9825991,-83.0012332,,,
764011294,way,39.9825139,-83.001059,,,
764011295,way,39.9824428,-83.0012102,,,
764011296,way,39.9825298,-83.0013451,,,
764140407,way,39.9806204,-82.998223,,,
766474451,way,39.9715043,-83.0046731,,,
766474452,way,39.9714143,-83.0046026,,,
766474453,way,39.971482,-83.0044889,,,
772812727,way,39.9219461,-82.9324082,,,
775333920,way,39.9774726,-83.0111402,,,
775652867,way,39.9181039,-82.9311357,,,
775652868,way,39.9182216,-82.931348,,,
775652869,way,39.9183569,-82.9312034,,,
775652871,way,39.918216,-82.9309728,,,
775775540,way,39.9804117,-83.011724,,,
776066957,way,39.9837093,-83.0123641,,,
777468288,way,39.9714819,-83.0074295,,,
777468289,way,39.9717448,-83.007387,,,
777468290,way,39.9715842,-83.0072731,,,
777678058,way,39.9688477,-83.0019377,,,
777678060,way,39.9690314,-83.0018087,,,
777678061,way,39.9691785,-83.0020092,,,
777678064,way,39.9689948,-83.0021382,,,
783011484,way,39.9838961,-83.0168367,,,
783289750,way,39.9878272,-83.0255418,,,
783289751,way,39.9877298,-83.0207993,,,
783289767,way,39.987656,-83.0206388,,,
783289768,way,39.9876689,-83.020967,,,
784823066,way,39.987288,-83.0130712,,,
784823067,way,39.9873924,-83.0132491,,,
785022287,way,39.9873742,-83.0129541,,,
785413998,way,39.9873104,-83.0109679,,,
785414017,way,39.9872062,-83.0108523,,,
785590692,way,39.9852607,-83.0053112,,,
785590693,way,39.985206,-83.005141,,,
785590715,way,39.9829225,-83.004838,,,
785590727,way,39.9870978,-83.0082982,,,
785590728,way,39.9872143,-83.008416,,,
785590747,way,39.9873014,-83.0107319,,,
788315371,way,39.9912473,-83.035404,,,
788315382,way,39.988448,-83.0354976,,,
788315383,way,39.991155,-83.0353046,,,
816589370,way,40.0167615,-83.0119661,,,
816589371,way,40.0166885,-83.0118046,,,
816589372,way,40.0166261,-83.011905,,,
827924202,way,39.98756,-83.0178834,,,
827924238,way,39.9905953,-83.020556,,,
827924239,way,39.9906849,-83.0203902,,,
827924240,way,39.9907031,-83.0207078,,,
827924249,way,39.9905855,-83.0176049,,,
827924251,way,39.9905906,-83.0178428,,,
828085229,way,39.9904449,-83.0138139,,,
828085230,way,39.9905237,-83.013705,,,
828085231,way,39.9904302,-83.013554,,,
828085232,way,39.9903463,-83.0136758,,,
833317801,way,39.9871203,-83.0056729,,,
833317802,way,39.9870169,-83.0055027,,,
833317803,way,39.9853563,-83.0051672,,,
833503172,way,39.9873919,-83.0108396,,,
833503192,way,39.9901684,-83.0062476,,,
833503196,way,39.9900804,-83.0060861,,,
833503197,way,39.9871988,-83.0055301,,,
833503345,way,39.9873048,-83.0082801,,,
833503361,way,39.9872012,-83.0081925,,,
887032651,way,39.9907499,-83.0222673,,,
889391770,way,40.0147392,-82.9934813,,,
889391774,way,40.0149677,-82.9935932,,,
922179735,way,40.0409964,-83.0811544,,,
945487879,way,40.0235024,-83.0426401,,,
945487880,way,40.0233681,-83.0427418,,,
945768057,way,40.0291607,-83.0422665,,,
945779751,way,40.0284003,-83.047208,,,
945779776,way,40.0289992,-83.0423669,,,
945779779,way,40.0292845,-83.0424201,,,
945779780,way,40.029131,-83.0425126,,,
945779783,way,40.0285969,-83.0471834,,,
945779784,way,40.0286559,-83.0474153,,,
945822529,way,40.0410897,-83.0812457,,,
945822530,way,40.0410842,-83.0810503,,,
946059073,way,40.0410712,-83.0183967,,,
956345341,way,39.9843458,-83.0293659,,,
961495420,way,40.0481915,-82.9092405,,,
961495421,way,40.0479309,-82.9089411,,,
961495422,way,40.0481518,-82.9086846,,,
961495424,way,40.0450716,-82.9091535,,,
961495436,way,40.0481304,-82.9114349,,,
961495443,way,40.0421781,-82.9094166,,,
961495445,way,40.0447663,-82.9091782,,,
961495446,way,40.0449245,-82.9093987,,,
961495451,way,40.0425171,-82.9093748,,,
961495468,way,40.0423577,-82.909619,,,
961495471,way,40.0403528,-82.9095417,,,
975717644,way,40.1189437,-83.1774245,,,
978873034,way,39.99183,-83.0488919,,,
978873035,way,39.9917602,-83.0489917,,,
1003534559,way,39.991338,-83.1519263,,,
1003534566,way,39.9915934,-83.1517945,,,
1027228152,way,39.7187782,-82.9907221,,,
1069442112,way,40.0061337,-83.0124251,,,
1147461385,way,39.8510125,-82.8288211,,,
1147461386,way,39.8511051,-82.8286272,,,
1148684257,way,39.7233885,-82.9466905,,,
1157258227,way,39.9734254,-83.0045318,,,
1163397294,way,39.9236326,-82.7846432,,,
1163403043,way,39.9177065,-82.7808745,,,
1163403044,way,39.9189104,-82.7816994,,,
1163403045,way,39.9192529,-82.7819308,,,
1163403046,way,39.9234656,-82.7847765,,,
1163403047,way,39.9237212,-82.7849272,,,
1175102812,way,39.8584052,-82.8956008,,,
1175210251,way,39.8545075,-82.896492,,,
1175210252,way,39.8544219,-82.8962956,,,
1175210253,way,39.854377,-82.8964539,,,
1175210254,way,39.8551288,-82.8982597,,,
1175210827,way,39.8545499,-82.8963381,,,
1175215525,way,39.8566707,-82.8957358,,,
1201487630,way,40.1199974,-82.8925487,,,
1201487631,way,40.1200404,-82.8926635,,,
1201487640,way,40.1200403,-82.9036426,,,
1201487641,way,40.1200633,-82.9038061,,,
1201487654,way,40.1314431,-82.8849284,,,
1201487655,way,40.1312991,-82.8847755,,,
1201487656,way,40.1311245,-82.8850789,,,
1201491146,way,40.1199171,-82.9039249,,,
1203395267,way,40.1175856,-83.0804645,,,
1221035414,way,40.0880864,-82.9268349,,,
1221035415,way,40.0880566,-82.9266413,,,
1221035768,way,40.0882747,-82.926845,,,
1221035769,way,40.088119,-82.9268941,,,
1230233189,way,40.0795053,-82.8961444,,,
1230233190,way,40.0793633,-82.8959593,,,
1230233195,way,40.0831476,-82.8959459,,,
1230233249,way,40.0941177,-82.892166,,,
1230233257,way,40.085723,-82.8953954,,,
1230233258,way,40.0856286,-82.8956053,,,
1230233259,way,40.0854927,-82.8954337,,,
1230233260,way,40.0855784,-82.895258,,,
1233302093,way,40.0317168,-83.0159093,,,
1291897683,way,40.013286,-82.9613916,Hudson Street Bike Path,,
1307389839,way,39.9800231,-83.0319222,,,
1307644529,way,39.9913211,-83.0352854,,,
1307644530,way,39.9912438,-83.0351838,,,
1323084703,way,39.8401241,-83.0847465,,,
1332980766,way,40.0122071,-82.9683116,,,
1332982291,way,40.002399,-82.9744192,,,
1346802366,way,39.9737475,-83.0044321,,,
1346802367,way,39.9737502,-83.0046469,,,
1346802368,way,39.9734616,-83.0043741,,,
1346802369,way,39.973708,-83.0044004,,,
1346802370,way,39.9734122,-83.0044179,,,
1346802371,way,39.9734388,-83.0046478,,,
1346802372,way,39.9736915,-83.0047085,,,
1353232418,way,39.974323,-83.0277691,,,
1353232419,way,39.9743254,-83.027476,,,
1353232420,way,39.9744568,-83.0276025,,,
1353232421,way,39.9742095,-83.0276345,,,
1359897362,way,39.9915316,-83.0406187,,,
1359897363,way,39.9914561,-83.040638,,,
1359963825,way,39.9883564,-83.0357193,,,
1359963826,way,39.9882594,-83.0356285,,,
1359963828,way,39.9883425,-83.0353989,,,
1360102618,way,39.9935974,-83.0420625,,,
1360102623,way,39.9917551,-83.0488001,,,
1360102624,way,39.99168,-83.0489046,,,
1360710104,way,39.9825624,-83.0351288,,,
1361024989,way,39.9849222,-83.0400182,,,
1361024990,way,39.9847843,-83.0398975,,,
1361024994,way,39.9849794,-83.039766,,,
1361024999,way,39.9849501,-83.0392418,,,
1361025000,way,39.984859,-83.039119,,,
1361025001,way,39.9847648,-83.0393485,,,
1361025035,way,39.9768036,-83.0452129,,,
1361025036,way,39.9767321,-83.0454327,,,
1361025037,way,39.9768176,-83.0455757,,,
1361025038,way,39.9768995,-83.0454097,,,
1361222194,way,39.9851221,-83.0447535,,,
1361222195,way,39.9852079,-83.0447598,,,
1361243788,way,39.9780491,-83.0300577,,,
1361243789,way,39.9780476,-83.0298296,,,
1361243790,way,39.9779137,-83.0301386,,,
1361243791,way,39.9778962,-83.0299421,,,
1361243802,way,39.9799151,-83.0348084,,,
1361243803,way,39.9800105,-83.0347125,,,
1361243804,way,39.9798723,-83.0345493,,,
1361243805,way,39.9798145,-83.0346617,,,
1361259374,way,39.989007,-83.0487902,,,
1361265992,way,39.9908782,-83.0257172,,,
1361265993,way,39.9910315,-83.0259383,,,
1361265994,way,39.9908876,-83.0261704,,,
1361265995,way,39.9907539,-83.0259357,,,
1361466616,way,39.9894462,-83.0600041,,,
1361466617,way,39.989458,-83.0602688,,,
1361480613,way,39.9882789,-83.0695805,,,
1361480614,way,39.9882834,-83.0697813,,,
1361480615,way,39.9881401,-83.0697878,,,
1361480621,way,39.9819822,-83.0480392,,,
1361480622,way,39.9819038,-83.0479613,,,
1361480623,way,39.9820511,-83.0479426,,,
1361480628,way,39.9820292,-83.0492928,,,
1361480629,way,39.9820237,-83.0491326,,,
1361480630,way,39.9819503,-83.0492251,,,
1361480632,way,39.9821033,-83.0492042,,,
1361547353,way,39.9550799,-83.0739557,,,
1361547354,way,39.9549539,-83.0740923,,,
1361547355,way,39.9549609,-83.0738263,,,
1361547356,way,39.9548396,-83.073937,,,
1362763137,way,39.9742574,-83.0258176,,,
1362929021,way,39.9835296,-83.0447937,,,
1362929022,way,39.9836027,-83.0448832,,,
1362929023,way,39.9834623,-83.0448949,,,
1363416158,way,39.9888769,-83.0460797,,,
1363416159,way,39.9889527,-83.0459297,,,
1363416160,way,39.9888653,-83.0458471,,,
1363416161,way,39.9887954,-83.0459666,,,
1364329373,way,39.9819538,-83.045024,,,
1364329374,way,39.9818408,-83.0448665,,,
1364329375,way,39.9817384,-83.0450029,,,
1364329376,way,39.9818517,-83.0451541,,,
1365840632,way,39.9714476,-83.0410406,,,
1365840633,way,39.9716038,-83.0414784,,,
1369802766,way,39.9836002,-83.1505854,,,
1369802806,way,39.9812423,-83.1507195,,,
1388459796,way,40.0312191,-83.0010484,,,
1388459802,way,40.031426,-83.0010281,,,
1388459805,way,40.0313088,-83.0009175,,,
1388463319,way,40.0315882,-83.0156616,,,
1388463322,way,40.031476,-83.0158207,,,
1388463350,way,40.0331375,-83.0162634,,,
1388463353,way,40.0332581,-83.0161136,,,
1388463357,way,40.0333641,-83.0163283,,,
1389294532,way,39.9563419,-82.9857584,,,
1425631660,way,40.15267,-83.0743384,,,
1429653293,way,40.0374035,-83.1205301,,,
1433558232,way,40.1444245,-83.0927004,,,
1433559848,way,39.937187,-82.7902306,,,
1433559849,way,39.9369432,-82.7903897,,,
1433860202,way,40.1107363,-82.9428623,,,
1445273666,way,40.1457781,-82.9468846,,,
1445273667,way,40.1457733,-82.9464605,,,
1445273668,way,40.1459615,-82.9466329,,,
1445273677,way,40.14567,-82.9423482,,,
1445273678,way,40.1456568,-82.942852,,,
1445273685,way,40.1484902,-82.9390068,,,
1445273700,way,40.1459154,-82.9391342,,,
1445273701,way,40.1460821,-82.9393093,,,
1445273702,way,40.1463706,-82.9390231,,,
1445273704,way,40.1482786,-82.9391109,,,
